"country","iso2c","iso3c","year","pm2.5","life_exp"
"Afghanistan","AF","AFG",2023,NA,66.035
"Afghanistan","AF","AFG",2022,NA,65.617
"Afghanistan","AF","AFG",2021,NA,60.417
"Afghanistan","AF","AFG",2020,46.0870936659706,61.454
"Afghanistan","AF","AFG",2019,58.3308722306744,62.941
"Afghanistan","AF","AFG",2018,67.2271774798558,62.443
"Afghanistan","AF","AFG",2017,65.8623470043896,62.406
"Afghanistan","AF","AFG",2016,72.7659101386992,62.646
"Afghanistan","AF","AFG",2015,73.4908176326415,62.27
"Afghanistan","AF","AFG",2014,77.1437275538632,62.26
"Afghanistan","AF","AFG",2013,73.1318159038053,62.188
"Afghanistan","AF","AFG",2012,70.9223165078033,61.735
"Afghanistan","AF","AFG",2011,61.8170559083924,61.25
"Afghanistan","AF","AFG",2010,49.6793770289443,60.702
"Afghanistan","AF","AFG",2009,51.0014373086482,60.248
"Afghanistan","AF","AFG",2008,54.1911438080183,59.708
"Afghanistan","AF","AFG",2007,58.0837850174423,58.956
"Afghanistan","AF","AFG",2006,61.5146494273075,58.553
"Afghanistan","AF","AFG",2005,63.3190255280017,58.247
"Afghanistan","AF","AFG",2004,63.8266086780653,57.81
"Afghanistan","AF","AFG",2003,64.1762314183241,57.171
"Afghanistan","AF","AFG",2002,64.4168880125936,56.225
"Afghanistan","AF","AFG",2001,64.5975727246894,55.511
"Afghanistan","AF","AFG",2000,64.767279818427,55.005
"Afghanistan","AF","AFG",1999,64.8520453968767,54.532
"Afghanistan","AF","AFG",1998,64.7884977008217,52.487
"Afghanistan","AF","AFG",1997,64.6415192006464,53.212
"Afghanistan","AF","AFG",1996,64.4759923667356,52.83
"Afghanistan","AF","AFG",1995,64.3567996694738,52.103
"Afghanistan","AF","AFG",1994,64.2919234846825,50.969
"Afghanistan","AF","AFG",1993,64.2441407602245,51.021
"Afghanistan","AF","AFG",1992,64.2105258245459,46.569
"Afghanistan","AF","AFG",1991,64.1881530060926,45.521
"Afghanistan","AF","AFG",1990,64.1740966333107,45.118
"Afghanistan","AF","AFG",1989,NA,44.496
"Afghanistan","AF","AFG",1988,NA,43.238
"Afghanistan","AF","AFG",1987,NA,38.831
"Afghanistan","AF","AFG",1986,NA,38.4
"Afghanistan","AF","AFG",1985,NA,32.132
"Afghanistan","AF","AFG",1984,NA,31.473
"Afghanistan","AF","AFG",1983,NA,36.517
"Afghanistan","AF","AFG",1982,NA,36.058
"Afghanistan","AF","AFG",1981,NA,39.406
"Afghanistan","AF","AFG",1980,NA,39.258
"Afghanistan","AF","AFG",1979,NA,38.844
"Afghanistan","AF","AFG",1978,NA,40.086
"Afghanistan","AF","AFG",1977,NA,41.082
"Afghanistan","AF","AFG",1976,NA,40.518
"Afghanistan","AF","AFG",1975,NA,39.994
"Afghanistan","AF","AFG",1974,NA,39.469
"Afghanistan","AF","AFG",1973,NA,38.951
"Afghanistan","AF","AFG",1972,NA,38.423
"Afghanistan","AF","AFG",1971,NA,37.932
"Afghanistan","AF","AFG",1970,NA,37.46
"Afghanistan","AF","AFG",1969,NA,36.979
"Afghanistan","AF","AFG",1968,NA,36.51
"Afghanistan","AF","AFG",1967,NA,36.042
"Afghanistan","AF","AFG",1966,NA,35.583
"Afghanistan","AF","AFG",1965,NA,35.124
"Afghanistan","AF","AFG",1964,NA,34.673
"Afghanistan","AF","AFG",1963,NA,34.201
"Afghanistan","AF","AFG",1962,NA,33.757
"Afghanistan","AF","AFG",1961,NA,33.291
"Afghanistan","AF","AFG",1960,NA,32.799
"Albania","AL","ALB",2023,NA,79.602
"Albania","AL","ALB",2022,NA,78.769
"Albania","AL","ALB",2021,NA,76.844
"Albania","AL","ALB",2020,15.7070036417042,77.824
"Albania","AL","ALB",2019,15.70470712234,79.467
"Albania","AL","ALB",2018,19.0461862321065,79.238
"Albania","AL","ALB",2017,18.5552438171978,78.9
"Albania","AL","ALB",2016,17.602163992984,78.643
"Albania","AL","ALB",2015,19.121557306579,78.358
"Albania","AL","ALB",2014,19.3679442180935,78.029
"Albania","AL","ALB",2013,19.4075322522058,77.995
"Albania","AL","ALB",2012,20.9627204112539,78.084
"Albania","AL","ALB",2011,22.7999042481871,78.303
"Albania","AL","ALB",2010,20.8141104654758,78.414
"Albania","AL","ALB",2009,21.0110429073679,78.509
"Albania","AL","ALB",2008,21.4806685713767,78.248
"Albania","AL","ALB",2007,22.0412299650015,77.691
"Albania","AL","ALB",2006,22.5109695957413,76.994
"Albania","AL","ALB",2005,22.7081299710953,76.427
"Albania","AL","ALB",2004,22.6759229494045,75.951
"Albania","AL","ALB",2003,22.5934493496412,75.557
"Albania","AL","ALB",2002,22.4827851202514,75.299
"Albania","AL","ALB",2001,22.3660062096811,75.083
"Albania","AL","ALB",2000,22.2651885663762,74.826
"Albania","AL","ALB",1999,22.1657501011774,74.568
"Albania","AL","ALB",1998,22.0593888995897,74.357
"Albania","AL","ALB",1997,21.9776011720555,73.383
"Albania","AL","ALB",1996,21.9518831290172,74.113
"Albania","AL","ALB",1995,22.0137309809171,74.022
"Albania","AL","ALB",1994,22.1420117834263,73.837
"Albania","AL","ALB",1993,22.2971318768254,73.638
"Albania","AL","ALB",1992,22.4828963984711,73.303
"Albania","AL","ALB",1991,22.7031104857198,73.001
"Albania","AL","ALB",1990,22.9615792759282,72.71
"Albania","AL","ALB",1989,NA,72.457
"Albania","AL","ALB",1988,NA,72.217
"Albania","AL","ALB",1987,NA,71.981
"Albania","AL","ALB",1986,NA,71.665
"Albania","AL","ALB",1985,NA,71.282
"Albania","AL","ALB",1984,NA,70.984
"Albania","AL","ALB",1983,NA,70.705
"Albania","AL","ALB",1982,NA,70.425
"Albania","AL","ALB",1981,NA,70.145
"Albania","AL","ALB",1980,NA,69.903
"Albania","AL","ALB",1979,NA,69.617
"Albania","AL","ALB",1978,NA,69.367
"Albania","AL","ALB",1977,NA,68.992
"Albania","AL","ALB",1976,NA,68.57
"Albania","AL","ALB",1975,NA,68.12
"Albania","AL","ALB",1974,NA,67.633
"Albania","AL","ALB",1973,NA,67.107
"Albania","AL","ALB",1972,NA,66.526
"Albania","AL","ALB",1971,NA,65.896
"Albania","AL","ALB",1970,NA,65.234
"Albania","AL","ALB",1969,NA,64.538
"Albania","AL","ALB",1968,NA,63.788
"Albania","AL","ALB",1967,NA,62.976
"Albania","AL","ALB",1966,NA,62.149
"Albania","AL","ALB",1965,NA,61.273
"Albania","AL","ALB",1964,NA,60.404
"Albania","AL","ALB",1963,NA,59.479
"Albania","AL","ALB",1962,NA,58.494
"Albania","AL","ALB",1961,NA,57.488
"Albania","AL","ALB",1960,NA,56.413
"Algeria","DZ","DZA",2023,NA,76.261
"Algeria","DZ","DZA",2022,NA,76.129
"Algeria","DZ","DZA",2021,NA,75.208
"Algeria","DZ","DZA",2020,25.5526558310447,73.257
"Algeria","DZ","DZA",2019,24.3886086444981,75.682
"Algeria","DZ","DZA",2018,24.9335900639775,75.555
"Algeria","DZ","DZA",2017,24.7521457818965,75.431
"Algeria","DZ","DZA",2016,25.5531525527547,75.31
"Algeria","DZ","DZA",2015,25.6188658260447,75.159
"Algeria","DZ","DZA",2014,24.111122951181,74.992
"Algeria","DZ","DZA",2013,22.3802640164928,74.809
"Algeria","DZ","DZA",2012,24.3968164333132,74.609
"Algeria","DZ","DZA",2011,23.5721077905837,74.383
"Algeria","DZ","DZA",2010,24.3952993862667,74.144
"Algeria","DZ","DZA",2009,24.9720395477565,73.871
"Algeria","DZ","DZA",2008,25.4799096142764,73.618
"Algeria","DZ","DZA",2007,25.9305422423959,73.346
"Algeria","DZ","DZA",2006,26.3355700886845,73.116
"Algeria","DZ","DZA",2005,26.7066258097118,72.836
"Algeria","DZ","DZA",2004,27.0945424726476,72.536
"Algeria","DZ","DZA",2003,27.5018984382489,71.906
"Algeria","DZ","DZA",2002,27.867944303466,71.644
"Algeria","DZ","DZA",2001,28.1319306652494,71.025
"Algeria","DZ","DZA",2000,28.2331081205494,70.576
"Algeria","DZ","DZA",1999,27.9532603105473,70.088
"Algeria","DZ","DZA",1998,27.2521407842692,69.327
"Algeria","DZ","DZA",1997,26.3359550004331,68.859
"Algeria","DZ","DZA",1996,25.4109084177572,68.219
"Algeria","DZ","DZA",1995,24.6832064949592,67.691
"Algeria","DZ","DZA",1994,24.1378105446522,67.284
"Algeria","DZ","DZA",1993,23.626418510084,67.797
"Algeria","DZ","DZA",1992,23.1553407959252,67.725
"Algeria","DZ","DZA",1991,22.7308878068466,67.692
"Algeria","DZ","DZA",1990,22.3593699475188,67.658
"Algeria","DZ","DZA",1989,NA,67.461
"Algeria","DZ","DZA",1988,NA,66.91
"Algeria","DZ","DZA",1987,NA,66.13
"Algeria","DZ","DZA",1986,NA,65.273
"Algeria","DZ","DZA",1985,NA,64.155
"Algeria","DZ","DZA",1984,NA,62.722
"Algeria","DZ","DZA",1983,NA,61.251
"Algeria","DZ","DZA",1982,NA,59.594
"Algeria","DZ","DZA",1981,NA,57.422
"Algeria","DZ","DZA",1980,NA,54.512
"Algeria","DZ","DZA",1979,NA,52.409
"Algeria","DZ","DZA",1978,NA,50.615
"Algeria","DZ","DZA",1977,NA,49.249
"Algeria","DZ","DZA",1976,NA,48.034
"Algeria","DZ","DZA",1975,NA,46.921
"Algeria","DZ","DZA",1974,NA,45.953
"Algeria","DZ","DZA",1973,NA,45.102
"Algeria","DZ","DZA",1972,NA,44.384
"Algeria","DZ","DZA",1971,NA,43.782
"Algeria","DZ","DZA",1970,NA,43.328
"Algeria","DZ","DZA",1969,NA,42.991
"Algeria","DZ","DZA",1968,NA,42.806
"Algeria","DZ","DZA",1967,NA,42.731
"Algeria","DZ","DZA",1966,NA,42.745
"Algeria","DZ","DZA",1965,NA,42.846
"Algeria","DZ","DZA",1964,NA,42.987
"Algeria","DZ","DZA",1963,NA,43.143
"Algeria","DZ","DZA",1962,NA,39.527
"Algeria","DZ","DZA",1961,NA,40.792
"Algeria","DZ","DZA",1960,NA,40.839
"American Samoa","AS","ASM",2023,NA,72.852
"American Samoa","AS","ASM",2022,NA,72.752
"American Samoa","AS","ASM",2021,NA,72.708
"American Samoa","AS","ASM",2020,6.71514739512663,72.672
"American Samoa","AS","ASM",2019,6.72853173807719,72.751
"American Samoa","AS","ASM",2018,6.98174556652016,72.794
"American Samoa","AS","ASM",2017,6.92339918062073,72.801
"American Samoa","AS","ASM",2016,6.92969282658657,72.64
"American Samoa","AS","ASM",2015,6.34587688465646,72.654
"American Samoa","AS","ASM",2014,6.38148164002644,72.687
"American Samoa","AS","ASM",2013,6.0364805967779,72.769
"American Samoa","AS","ASM",2012,5.89952284418671,72.709
"American Samoa","AS","ASM",2011,5.78713264863392,72.662
"American Samoa","AS","ASM",2010,6.1247872217854,72.587
"American Samoa","AS","ASM",2009,6.28731996808785,70.839
"American Samoa","AS","ASM",2008,6.41933230244101,72.43
"American Samoa","AS","ASM",2007,6.52275564874038,72.365
"American Samoa","AS","ASM",2006,6.59952143088147,72.397
"American Samoa","AS","ASM",2005,6.65156107275977,72.382
"American Samoa","AS","ASM",2004,6.6889612606458,72.277
"American Samoa","AS","ASM",2003,6.72087595026364,71.698
"American Samoa","AS","ASM",2002,6.74783746968913,71.755
"American Samoa","AS","ASM",2001,6.77037814699815,71.573
"American Samoa","AS","ASM",2000,6.78903031026655,71.443
"American Samoa","AS","ASM",1999,6.75151604546021,71.484
"American Samoa","AS","ASM",1998,6.63803168953573,71.542
"American Samoa","AS","ASM",1997,6.49782094705508,71.606
"American Samoa","AS","ASM",1996,6.38012752258022,71.576
"American Samoa","AS","ASM",1995,6.33419512067313,71.565
"American Samoa","AS","ASM",1994,6.34292878264252,71.569
"American Samoa","AS","ASM",1993,6.35674838779369,71.54
"American Samoa","AS","ASM",1992,6.37616989768338,71.511
"American Samoa","AS","ASM",1991,6.40170927386837,71.312
"American Samoa","AS","ASM",1990,6.43388247790542,71.107
"American Samoa","AS","ASM",1989,NA,70.929
"American Samoa","AS","ASM",1988,NA,70.883
"American Samoa","AS","ASM",1987,NA,70.828
"American Samoa","AS","ASM",1986,NA,70.704
"American Samoa","AS","ASM",1985,NA,70.532
"American Samoa","AS","ASM",1984,NA,70.326
"American Samoa","AS","ASM",1983,NA,70.163
"American Samoa","AS","ASM",1982,NA,69.975
"American Samoa","AS","ASM",1981,NA,69.731
"American Samoa","AS","ASM",1980,NA,69.413
"American Samoa","AS","ASM",1979,NA,69.114
"American Samoa","AS","ASM",1978,NA,68.881
"American Samoa","AS","ASM",1977,NA,68.701
"American Samoa","AS","ASM",1976,NA,68.475
"American Samoa","AS","ASM",1975,NA,68.256
"American Samoa","AS","ASM",1974,NA,67.95
"American Samoa","AS","ASM",1973,NA,67.604
"American Samoa","AS","ASM",1972,NA,67.186
"American Samoa","AS","ASM",1971,NA,66.77
"American Samoa","AS","ASM",1970,NA,66.364
"American Samoa","AS","ASM",1969,NA,66.05
"American Samoa","AS","ASM",1968,NA,65.847
"American Samoa","AS","ASM",1967,NA,65.807
"American Samoa","AS","ASM",1966,NA,58.284
"American Samoa","AS","ASM",1965,NA,65.996
"American Samoa","AS","ASM",1964,NA,66.135
"American Samoa","AS","ASM",1963,NA,66.161
"American Samoa","AS","ASM",1962,NA,66.008
"American Samoa","AS","ASM",1961,NA,65.648
"American Samoa","AS","ASM",1960,NA,65.053
"Andorra","AD","AND",2023,NA,84.041
"Andorra","AD","AND",2022,NA,84.016
"Andorra","AD","AND",2021,NA,82.331
"Andorra","AD","AND",2020,9.08028059086901,79.418
"Andorra","AD","AND",2019,9.01087465277866,84.098
"Andorra","AD","AND",2018,9.89580638748632,84.242
"Andorra","AD","AND",2017,10.0219190390452,84.359
"Andorra","AD","AND",2016,10.1068248002358,84.489
"Andorra","AD","AND",2015,11.1088936507291,84.532
"Andorra","AD","AND",2014,10.4359992732348,84.485
"Andorra","AD","AND",2013,11.2698563251216,84.406
"Andorra","AD","AND",2012,12.2593146393596,84.334
"Andorra","AD","AND",2011,13.4732948489243,84.296
"Andorra","AD","AND",2010,12.375135954824,84.197
"Andorra","AD","AND",2009,12.5380550652865,84.1
"Andorra","AD","AND",2008,12.9498851880477,83.855
"Andorra","AD","AND",2007,13.4952355101681,83.632
"Andorra","AD","AND",2006,14.0587152187082,83.374
"Andorra","AD","AND",2005,14.5249335007286,83.086
"Andorra","AD","AND",2004,14.9275487539332,82.815
"Andorra","AD","AND",2003,15.3456971177959,82.718
"Andorra","AD","AND",2002,15.7322043920316,82.448
"Andorra","AD","AND",2001,16.0398963763555,82.162
"Andorra","AD","AND",2000,16.2215988704827,81.863
"Andorra","AD","AND",1999,16.2012127082044,81.55
"Andorra","AD","AND",1998,16.0101431262568,81.28
"Andorra","AD","AND",1997,15.7624725287727,81.145
"Andorra","AD","AND",1996,15.5722833198847,81.009
"Andorra","AD","AND",1995,15.5536579037255,80.804
"Andorra","AD","AND",1994,15.6899977385935,80.587
"Andorra","AD","AND",1993,15.8873977587833,80.186
"Andorra","AD","AND",1992,16.1439805824218,79.794
"Andorra","AD","AND",1991,16.457868827636,79.346
"Andorra","AD","AND",1990,16.8271851125526,78.961
"Andorra","AD","AND",1989,NA,78.557
"Andorra","AD","AND",1988,NA,78.364
"Andorra","AD","AND",1987,NA,78.189
"Andorra","AD","AND",1986,NA,78.107
"Andorra","AD","AND",1985,NA,78.006
"Andorra","AD","AND",1984,NA,77.916
"Andorra","AD","AND",1983,NA,77.787
"Andorra","AD","AND",1982,NA,77.617
"Andorra","AD","AND",1981,NA,77.391
"Andorra","AD","AND",1980,NA,77.137
"Andorra","AD","AND",1979,NA,76.819
"Andorra","AD","AND",1978,NA,76.488
"Andorra","AD","AND",1977,NA,76.154
"Andorra","AD","AND",1976,NA,75.869
"Andorra","AD","AND",1975,NA,75.567
"Andorra","AD","AND",1974,NA,75.34
"Andorra","AD","AND",1973,NA,75.096
"Andorra","AD","AND",1972,NA,74.864
"Andorra","AD","AND",1971,NA,74.615
"Andorra","AD","AND",1970,NA,74.452
"Andorra","AD","AND",1969,NA,74.296
"Andorra","AD","AND",1968,NA,74.22
"Andorra","AD","AND",1967,NA,74.119
"Andorra","AD","AND",1966,NA,74.02
"Andorra","AD","AND",1965,NA,73.856
"Andorra","AD","AND",1964,NA,73.624
"Andorra","AD","AND",1963,NA,73.298
"Andorra","AD","AND",1962,NA,72.993
"Andorra","AD","AND",1961,NA,72.573
"Andorra","AD","AND",1960,NA,72.094
"Angola","AO","AGO",2023,NA,64.617
"Angola","AO","AGO",2022,NA,64.246
"Angola","AO","AGO",2021,NA,62.958
"Angola","AO","AGO",2020,25.1452381976267,63.116
"Angola","AO","AGO",2019,24.5988113283925,63.051
"Angola","AO","AGO",2018,24.2650153621146,62.622
"Angola","AO","AGO",2017,23.9591508117097,62.122
"Angola","AO","AGO",2016,25.1807008149163,61.619
"Angola","AO","AGO",2015,25.0021502571501,61.042
"Angola","AO","AGO",2014,23.9455836380328,60.396
"Angola","AO","AGO",2013,24.5386584342125,59.705
"Angola","AO","AGO",2012,24.4804929012722,58.916
"Angola","AO","AGO",2011,24.337940171596,58.093
"Angola","AO","AGO",2010,24.17805671622,57.242
"Angola","AO","AGO",2009,24.1720241654505,56.225
"Angola","AO","AGO",2008,24.1723114771848,55.281
"Angola","AO","AGO",2007,24.1741901310537,54.2
"Angola","AO","AGO",2006,24.1729316066879,52.965
"Angola","AO","AGO",2005,24.1638073837181,52.13
"Angola","AO","AGO",2004,24.1057819741159,51.123
"Angola","AO","AGO",2003,23.9811124380809,50.218
"Angola","AO","AGO",2002,23.8200090775863,47.874
"Angola","AO","AGO",2001,23.6526821946051,47.032
"Angola","AO","AGO",2000,23.5093420911103,46.501
"Angola","AO","AGO",1999,23.3467751061551,45.808
"Angola","AO","AGO",1998,23.1346577045015,45.452
"Angola","AO","AGO",1997,22.9225353766858,46.688
"Angola","AO","AGO",1996,22.7599536132442,46.418
"Angola","AO","AGO",1995,22.6964579047131,46.139
"Angola","AO","AGO",1994,22.7486356552068,43.567
"Angola","AO","AGO",1993,22.895328552451,42.19
"Angola","AO","AGO",1992,23.1294635123983,42.267
"Angola","AO","AGO",1991,23.4439674510016,43.812
"Angola","AO","AGO",1990,23.8317672842136,41.854
"Angola","AO","AGO",1989,NA,41.698
"Angola","AO","AGO",1988,NA,41.471
"Angola","AO","AGO",1987,NA,40.786
"Angola","AO","AGO",1986,NA,42.739
"Angola","AO","AGO",1985,NA,42.495
"Angola","AO","AGO",1984,NA,42.245
"Angola","AO","AGO",1983,NA,41.972
"Angola","AO","AGO",1982,NA,42.857
"Angola","AO","AGO",1981,NA,42.556
"Angola","AO","AGO",1980,NA,42.242
"Angola","AO","AGO",1979,NA,41.913
"Angola","AO","AGO",1978,NA,41.573
"Angola","AO","AGO",1977,NA,41.215
"Angola","AO","AGO",1976,NA,40.812
"Angola","AO","AGO",1975,NA,40.817
"Angola","AO","AGO",1974,NA,41.26
"Angola","AO","AGO",1973,NA,40.871
"Angola","AO","AGO",1972,NA,40.469
"Angola","AO","AGO",1971,NA,40.076
"Angola","AO","AGO",1970,NA,39.688
"Angola","AO","AGO",1969,NA,39.329
"Angola","AO","AGO",1968,NA,38.968
"Angola","AO","AGO",1967,NA,38.616
"Angola","AO","AGO",1966,NA,38.258
"Angola","AO","AGO",1965,NA,37.968
"Angola","AO","AGO",1964,NA,37.704
"Angola","AO","AGO",1963,NA,37.419
"Angola","AO","AGO",1962,NA,37.168
"Angola","AO","AGO",1961,NA,36.902
"Angola","AO","AGO",1960,NA,37.933
"Antigua and Barbuda","AG","ATG",2023,NA,77.598
"Antigua and Barbuda","AG","ATG",2022,NA,77.483
"Antigua and Barbuda","AG","ATG",2021,NA,77.197
"Antigua and Barbuda","AG","ATG",2020,19.6982695582914,77.161
"Antigua and Barbuda","AG","ATG",2019,19.0584631585727,77.168
"Antigua and Barbuda","AG","ATG",2018,18.9233007168875,77.132
"Antigua and Barbuda","AG","ATG",2017,19.0159494088973,77.03
"Antigua and Barbuda","AG","ATG",2016,19.9208792974299,76.968
"Antigua and Barbuda","AG","ATG",2015,19.7963197860936,76.892
"Antigua and Barbuda","AG","ATG",2014,18.1521399923532,76.912
"Antigua and Barbuda","AG","ATG",2013,18.0647918322846,77.05
"Antigua and Barbuda","AG","ATG",2012,17.5622893176979,77.1
"Antigua and Barbuda","AG","ATG",2011,17.2285490405827,77.023
"Antigua and Barbuda","AG","ATG",2010,17.5974662934196,76.701
"Antigua and Barbuda","AG","ATG",2009,17.6168614217745,76.386
"Antigua and Barbuda","AG","ATG",2008,17.5582313354589,76.075
"Antigua and Barbuda","AG","ATG",2007,17.4721028250109,75.72
"Antigua and Barbuda","AG","ATG",2006,17.4090026809689,75.506
"Antigua and Barbuda","AG","ATG",2005,17.4194576938711,75.364
"Antigua and Barbuda","AG","ATG",2004,17.6076585558302,75.329
"Antigua and Barbuda","AG","ATG",2003,17.9670703135057,75.313
"Antigua and Barbuda","AG","ATG",2002,18.3821312892555,75.237
"Antigua and Barbuda","AG","ATG",2001,18.7372798054376,75.108
"Antigua and Barbuda","AG","ATG",2000,18.9169541844098,74.819
"Antigua and Barbuda","AG","ATG",1999,18.9145890691399,74.456
"Antigua and Barbuda","AG","ATG",1998,18.8331321299232,74.187
"Antigua and Barbuda","AG","ATG",1997,18.7212912301099,74.045
"Antigua and Barbuda","AG","ATG",1996,18.6277742330498,73.839
"Antigua and Barbuda","AG","ATG",1995,18.6012890020928,73.576
"Antigua and Barbuda","AG","ATG",1994,18.6506500784181,73.493
"Antigua and Barbuda","AG","ATG",1993,18.7487984872728,73.39
"Antigua and Barbuda","AG","ATG",1992,18.8906318181085,73.386
"Antigua and Barbuda","AG","ATG",1991,19.0710476603773,73.472
"Antigua and Barbuda","AG","ATG",1990,19.284943603531,73.602
"Antigua and Barbuda","AG","ATG",1989,NA,73.628
"Antigua and Barbuda","AG","ATG",1988,NA,73.811
"Antigua and Barbuda","AG","ATG",1987,NA,73.873
"Antigua and Barbuda","AG","ATG",1986,NA,73.893
"Antigua and Barbuda","AG","ATG",1985,NA,73.873
"Antigua and Barbuda","AG","ATG",1984,NA,73.808
"Antigua and Barbuda","AG","ATG",1983,NA,73.684
"Antigua and Barbuda","AG","ATG",1982,NA,73.525
"Antigua and Barbuda","AG","ATG",1981,NA,73.32
"Antigua and Barbuda","AG","ATG",1980,NA,73.094
"Antigua and Barbuda","AG","ATG",1979,NA,72.823
"Antigua and Barbuda","AG","ATG",1978,NA,72.5
"Antigua and Barbuda","AG","ATG",1977,NA,72.149
"Antigua and Barbuda","AG","ATG",1976,NA,71.794
"Antigua and Barbuda","AG","ATG",1975,NA,71.447
"Antigua and Barbuda","AG","ATG",1974,NA,71.095
"Antigua and Barbuda","AG","ATG",1973,NA,70.71
"Antigua and Barbuda","AG","ATG",1972,NA,70.304
"Antigua and Barbuda","AG","ATG",1971,NA,69.861
"Antigua and Barbuda","AG","ATG",1970,NA,69.371
"Antigua and Barbuda","AG","ATG",1969,NA,68.827
"Antigua and Barbuda","AG","ATG",1968,NA,68.23
"Antigua and Barbuda","AG","ATG",1967,NA,67.586
"Antigua and Barbuda","AG","ATG",1966,NA,66.902
"Antigua and Barbuda","AG","ATG",1965,NA,66.171
"Antigua and Barbuda","AG","ATG",1964,NA,65.428
"Antigua and Barbuda","AG","ATG",1963,NA,64.697
"Antigua and Barbuda","AG","ATG",1962,NA,63.995
"Antigua and Barbuda","AG","ATG",1961,NA,63.335
"Antigua and Barbuda","AG","ATG",1960,NA,62.635
"Argentina","AR","ARG",2023,NA,77.395
"Argentina","AR","ARG",2022,NA,75.806
"Argentina","AR","ARG",2021,NA,73.948
"Argentina","AR","ARG",2020,14.9081737974407,75.878
"Argentina","AR","ARG",2019,14.3996238920365,76.847
"Argentina","AR","ARG",2018,14.1850800443346,76.77
"Argentina","AR","ARG",2017,13.9690174802422,76.543
"Argentina","AR","ARG",2016,14.2700594540808,76.105
"Argentina","AR","ARG",2015,14.6245514656634,76.6
"Argentina","AR","ARG",2014,13.9500593062949,76.268
"Argentina","AR","ARG",2013,14.7643699932772,75.829
"Argentina","AR","ARG",2012,13.3571618542264,75.802
"Argentina","AR","ARG",2011,14.2389306717038,76.1
"Argentina","AR","ARG",2010,13.9279831494715,75.68
"Argentina","AR","ARG",2009,14.0927563474575,75.577
"Argentina","AR","ARG",2008,14.5043652786628,75.428
"Argentina","AR","ARG",2007,15.0427292384364,74.783
"Argentina","AR","ARG",2006,15.5877675221277,75.279
"Argentina","AR","ARG",2005,16.0193994250859,75.231
"Argentina","AR","ARG",2004,16.3426626515998,74.871
"Argentina","AR","ARG",2003,16.6435724137411,74.307
"Argentina","AR","ARG",2002,16.9235142685328,74.312
"Argentina","AR","ARG",2001,17.183873772998,74.154
"Argentina","AR","ARG",2000,17.42603648416,73.91
"Argentina","AR","ARG",1999,17.7016950933875,73.683
"Argentina","AR","ARG",1998,18.0282424516081,73.412
"Argentina","AR","ARG",1997,18.3556143551834,73.407
"Argentina","AR","ARG",1996,18.6337466004746,73.056
"Argentina","AR","ARG",1995,18.8125749838432,72.864
"Argentina","AR","ARG",1994,18.9124705448052,72.732
"Argentina","AR","ARG",1993,18.9831793900266,72.303
"Argentina","AR","ARG",1992,19.0186999165937,72.096
"Argentina","AR","ARG",1991,19.0130305215929,72.02
"Argentina","AR","ARG",1990,18.9601696021105,71.615
"Argentina","AR","ARG",1989,NA,71.502
"Argentina","AR","ARG",1988,NA,71.097
"Argentina","AR","ARG",1987,NA,70.699
"Argentina","AR","ARG",1986,NA,70.281
"Argentina","AR","ARG",1985,NA,69.879
"Argentina","AR","ARG",1984,NA,69.353
"Argentina","AR","ARG",1983,NA,69.29
"Argentina","AR","ARG",1982,NA,68.973
"Argentina","AR","ARG",1981,NA,68.858
"Argentina","AR","ARG",1980,NA,68.576
"Argentina","AR","ARG",1979,NA,68.434
"Argentina","AR","ARG",1978,NA,67.999
"Argentina","AR","ARG",1977,NA,67.595
"Argentina","AR","ARG",1976,NA,67.03
"Argentina","AR","ARG",1975,NA,66.965
"Argentina","AR","ARG",1974,NA,66.405
"Argentina","AR","ARG",1973,NA,66.186
"Argentina","AR","ARG",1972,NA,65.953
"Argentina","AR","ARG",1971,NA,65.619
"Argentina","AR","ARG",1970,NA,65.647
"Argentina","AR","ARG",1969,NA,65.085
"Argentina","AR","ARG",1968,NA,65.234
"Argentina","AR","ARG",1967,NA,65.467
"Argentina","AR","ARG",1966,NA,65.398
"Argentina","AR","ARG",1965,NA,65.053
"Argentina","AR","ARG",1964,NA,64.816
"Argentina","AR","ARG",1963,NA,64.855
"Argentina","AR","ARG",1962,NA,64.618
"Argentina","AR","ARG",1961,NA,64.631
"Argentina","AR","ARG",1960,NA,64.242
"Armenia","AM","ARM",2023,NA,77.4658536585366
"Armenia","AM","ARM",2022,NA,74.7658536585366
"Armenia","AM","ARM",2021,NA,72.2780487804878
"Armenia","AM","ARM",2020,30.5796334750125,73.3756097560976
"Armenia","AM","ARM",2019,32.6618235324139,76.2219512195122
"Armenia","AM","ARM",2018,34.201366074335,75.619512195122
"Armenia","AM","ARM",2017,34.0153569947094,75.2170731707317
"Armenia","AM","ARM",2016,35.8609078798257,74.8682926829268
"Armenia","AM","ARM",2015,38.1148586893988,74.8707317073171
"Armenia","AM","ARM",2014,38.639237611456,74.8731707317073
"Armenia","AM","ARM",2013,41.050500477264,74.6219512195122
"Armenia","AM","ARM",2012,43.2896148307344,74.119512195122
"Armenia","AM","ARM",2011,41.8107255386856,73.8170731707317
"Armenia","AM","ARM",2010,34.4470166846987,73.1731707317073
"Armenia","AM","ARM",2009,32.172916805124,73.0731707317073
"Armenia","AM","ARM",2008,30.454755880876,73.0731707317073
"Armenia","AM","ARM",2007,29.2219860543866,72.8731707317073
"Armenia","AM","ARM",2006,28.4040594680882,72.8243902439025
"Armenia","AM","ARM",2005,27.9304282644128,73.0756097560976
"Armenia","AM","ARM",2004,27.6753386119868,73.0268292682927
"Armenia","AM","ARM",2003,27.5378873564374,72.8268292682927
"Armenia","AM","ARM",2002,27.4848026556976,72.8268292682927
"Armenia","AM","ARM",2001,27.4828126677005,72.9756097560976
"Armenia","AM","ARM",2000,27.498645550379,72.8804878048781
"Armenia","AM","ARM",1999,27.5507501757743,70.1989512195122
"Armenia","AM","ARM",1998,27.6591321259217,69.7993414634146
"Armenia","AM","ARM",1997,27.7928546237457,69.3938292682927
"Armenia","AM","ARM",1996,27.9209808921708,69.0061219512195
"Armenia","AM","ARM",1995,28.0125741541215,68.628487804878
"Armenia","AM","ARM",1994,28.0723885466943,68.2718048780488
"Armenia","AM","ARM",1993,28.1245884466043,67.9731951219512
"Armenia","AM","ARM",1992,28.1673524362039,67.7185365853659
"Armenia","AM","ARM",1991,28.1988590978455,67.6270487804878
"Armenia","AM","ARM",1990,28.2172870138816,67.5493658536585
"Armenia","AM","ARM",1989,NA,67.5185609756098
"Armenia","AM","ARM",1988,NA,52.6001219512195
"Armenia","AM","ARM",1987,NA,67.3590731707317
"Armenia","AM","ARM",1986,NA,67.178
"Armenia","AM","ARM",1985,NA,66.9152682926829
"Armenia","AM","ARM",1984,NA,66.5913658536585
"Armenia","AM","ARM",1983,NA,66.229243902439
"Armenia","AM","ARM",1982,NA,65.8509268292683
"Armenia","AM","ARM",1981,NA,65.4824878048781
"Armenia","AM","ARM",1980,NA,65.1385609756098
"Armenia","AM","ARM",1979,NA,64.8208292682927
"Armenia","AM","ARM",1978,NA,64.5261951219512
"Armenia","AM","ARM",1977,NA,64.2539512195122
"Armenia","AM","ARM",1976,NA,64.0014878048781
"Armenia","AM","ARM",1975,NA,63.7678780487805
"Armenia","AM","ARM",1974,NA,63.546756097561
"Armenia","AM","ARM",1973,NA,63.3309268292683
"Armenia","AM","ARM",1972,NA,63.1144878048781
"Armenia","AM","ARM",1971,NA,62.8889024390244
"Armenia","AM","ARM",1970,NA,62.6447073170732
"Armenia","AM","ARM",1969,NA,62.3799512195122
"Armenia","AM","ARM",1968,NA,62.0936341463415
"Armenia","AM","ARM",1967,NA,61.784756097561
"Armenia","AM","ARM",1966,NA,61.4538292682927
"Armenia","AM","ARM",1965,NA,61.0993414634146
"Armenia","AM","ARM",1964,NA,60.7238292682927
"Armenia","AM","ARM",1963,NA,60.3282682926829
"Armenia","AM","ARM",1962,NA,59.9166829268293
"Armenia","AM","ARM",1961,NA,59.4940975609756
"Armenia","AM","ARM",1960,NA,59.063
"Aruba","AW","ABW",2023,NA,76.353
"Aruba","AW","ABW",2022,NA,76.226
"Aruba","AW","ABW",2021,NA,73.655
"Aruba","AW","ABW",2020,NA,75.406
"Aruba","AW","ABW",2019,NA,76.019
"Aruba","AW","ABW",2018,NA,75.88
"Aruba","AW","ABW",2017,NA,75.62
"Aruba","AW","ABW",2016,NA,75.54
"Aruba","AW","ABW",2015,NA,75.405
"Aruba","AW","ABW",2014,NA,75.261
"Aruba","AW","ABW",2013,NA,75.072
"Aruba","AW","ABW",2012,NA,74.841
"Aruba","AW","ABW",2011,NA,74.578
"Aruba","AW","ABW",2010,NA,74.297
"Aruba","AW","ABW",2009,NA,73.974
"Aruba","AW","ABW",2008,NA,73.783
"Aruba","AW","ABW",2007,NA,73.642
"Aruba","AW","ABW",2006,NA,73.498
"Aruba","AW","ABW",2005,NA,73.415
"Aruba","AW","ABW",2004,NA,73.223
"Aruba","AW","ABW",2003,NA,73.236
"Aruba","AW","ABW",2002,NA,73.135
"Aruba","AW","ABW",2001,NA,73.044
"Aruba","AW","ABW",2000,NA,72.939
"Aruba","AW","ABW",1999,NA,72.857
"Aruba","AW","ABW",1998,NA,72.94
"Aruba","AW","ABW",1997,NA,72.904
"Aruba","AW","ABW",1996,NA,72.856
"Aruba","AW","ABW",1995,NA,72.832
"Aruba","AW","ABW",1994,NA,72.796
"Aruba","AW","ABW",1993,NA,72.777
"Aruba","AW","ABW",1992,NA,72.717
"Aruba","AW","ABW",1991,NA,72.592
"Aruba","AW","ABW",1990,NA,72.546
"Aruba","AW","ABW",1989,NA,72.531
"Aruba","AW","ABW",1988,NA,72.519
"Aruba","AW","ABW",1987,NA,72.448
"Aruba","AW","ABW",1986,NA,71.831
"Aruba","AW","ABW",1985,NA,71.792
"Aruba","AW","ABW",1984,NA,71.711
"Aruba","AW","ABW",1983,NA,71.606
"Aruba","AW","ABW",1982,NA,71.485
"Aruba","AW","ABW",1981,NA,71.344
"Aruba","AW","ABW",1980,NA,70.771
"Aruba","AW","ABW",1979,NA,70.507
"Aruba","AW","ABW",1978,NA,70.271
"Aruba","AW","ABW",1977,NA,70.054
"Aruba","AW","ABW",1976,NA,69.808
"Aruba","AW","ABW",1975,NA,69.564
"Aruba","AW","ABW",1974,NA,69.278
"Aruba","AW","ABW",1973,NA,68.862
"Aruba","AW","ABW",1972,NA,68.335
"Aruba","AW","ABW",1971,NA,67.783
"Aruba","AW","ABW",1970,NA,67.44
"Aruba","AW","ABW",1969,NA,67.098
"Aruba","AW","ABW",1968,NA,66.744
"Aruba","AW","ABW",1967,NA,66.385
"Aruba","AW","ABW",1966,NA,66.126
"Aruba","AW","ABW",1965,NA,65.615
"Aruba","AW","ABW",1964,NA,65.303
"Aruba","AW","ABW",1963,NA,64.944
"Aruba","AW","ABW",1962,NA,64.602
"Aruba","AW","ABW",1961,NA,64.215
"Aruba","AW","ABW",1960,NA,64.049
"Australia","AU","AUS",2023,NA,83.0512195121951
"Australia","AU","AUS",2022,NA,83.2
"Australia","AU","AUS",2021,NA,83.3
"Australia","AU","AUS",2020,8.25171746070811,83.2
"Australia","AU","AUS",2019,9.33099031566264,82.9
"Australia","AU","AUS",2018,7.74121920379958,82.7487804878049
"Australia","AU","AUS",2017,7.4285359593217,82.5
"Australia","AU","AUS",2016,7.20069562395068,82.4487804878049
"Australia","AU","AUS",2015,7.18466162026884,82.4
"Australia","AU","AUS",2014,7.38760302103561,82.3
"Australia","AU","AUS",2013,7.4331406197536,82.1487804878049
"Australia","AU","AUS",2012,7.53280029437137,82.0463414634146
"Australia","AU","AUS",2011,7.32070663499973,81.8951219512195
"Australia","AU","AUS",2010,7.44515168368333,81.6951219512195
"Australia","AU","AUS",2009,7.40826124625286,81.5439024390244
"Australia","AU","AUS",2008,7.30082270505242,81.3951219512195
"Australia","AU","AUS",2007,7.16629810836131,81.2926829268293
"Australia","AU","AUS",2006,7.04814950445881,81.0414634146342
"Australia","AU","AUS",2005,6.98983894162423,80.8414634146341
"Australia","AU","AUS",2004,7.02516378970128,80.490243902439
"Australia","AU","AUS",2003,7.13120227271499,80.2390243902439
"Australia","AU","AUS",2002,7.26633772021658,79.9365853658537
"Australia","AU","AUS",2001,7.38895346175728,79.6341463414634
"Australia","AU","AUS",2000,7.45743282688833,79.2341463414634
"Australia","AU","AUS",1999,7.4691324100928,78.9317073170732
"Australia","AU","AUS",1998,7.45897118495486,78.6317073170732
"Australia","AU","AUS",1997,7.44167604967739,78.4804878048781
"Australia","AU","AUS",1996,7.43197390246328,78.0780487804878
"Australia","AU","AUS",1995,7.4445916415154,77.8292682926829
"Australia","AU","AUS",1994,7.48079733520857,77.8780487804878
"Australia","AU","AUS",1993,7.53122982467375,77.8780487804878
"Australia","AU","AUS",1992,7.59467216724802,77.3780487804878
"Australia","AU","AUS",1991,7.66990742026846,77.2756097560976
"Australia","AU","AUS",1990,7.75571864107217,76.9946341463415
"Australia","AU","AUS",1989,NA,76.7136585365854
"Australia","AU","AUS",1988,NA,76.4326829268293
"Australia","AU","AUS",1987,NA,76.1517073170732
"Australia","AU","AUS",1986,NA,75.8707317073171
"Australia","AU","AUS",1985,NA,75.6292682926829
"Australia","AU","AUS",1984,NA,75.3878048780488
"Australia","AU","AUS",1983,NA,75.1463414634146
"Australia","AU","AUS",1982,NA,74.9048780487805
"Australia","AU","AUS",1981,NA,74.6634146341463
"Australia","AU","AUS",1980,NA,74.3336585365854
"Australia","AU","AUS",1979,NA,74.0039024390244
"Australia","AU","AUS",1978,NA,73.6741463414634
"Australia","AU","AUS",1977,NA,73.3443902439024
"Australia","AU","AUS",1976,NA,73.0146341463415
"Australia","AU","AUS",1975,NA,72.6253658536586
"Australia","AU","AUS",1974,NA,72.2360975609756
"Australia","AU","AUS",1973,NA,71.8468292682927
"Australia","AU","AUS",1972,NA,71.4575609756098
"Australia","AU","AUS",1971,NA,71.0682926829268
"Australia","AU","AUS",1970,NA,71.0185365853659
"Australia","AU","AUS",1969,NA,70.9687804878049
"Australia","AU","AUS",1968,NA,70.9190243902439
"Australia","AU","AUS",1967,NA,70.8692682926829
"Australia","AU","AUS",1966,NA,70.819512195122
"Australia","AU","AUS",1965,NA,70.850243902439
"Australia","AU","AUS",1964,NA,70.8809756097561
"Australia","AU","AUS",1963,NA,70.9117073170732
"Australia","AU","AUS",1962,NA,70.9424390243903
"Australia","AU","AUS",1961,NA,70.9731707317073
"Australia","AU","AUS",1960,NA,70.8170731707317
"Austria","AT","AUT",2023,NA,81.7926829268293
"Austria","AT","AUT",2022,NA,81.2951219512195
"Austria","AT","AUT",2021,NA,81.190243902439
"Austria","AT","AUT",2020,10.9335136815146,81.1926829268293
"Austria","AT","AUT",2019,11.4645937760057,81.8951219512195
"Austria","AT","AUT",2018,12.5861934480679,81.6926829268293
"Austria","AT","AUT",2017,12.1557592255042,81.6439024390244
"Austria","AT","AUT",2016,12.5143795701306,81.6414634146342
"Austria","AT","AUT",2015,13.5999635409,81.190243902439
"Austria","AT","AUT",2014,12.9541454673827,81.490243902439
"Austria","AT","AUT",2013,14.6599487004805,81.1365853658537
"Austria","AT","AUT",2012,14.7199011900978,80.9365853658537
"Austria","AT","AUT",2011,16.3676317593698,80.9829268292683
"Austria","AT","AUT",2010,15.9865901400578,80.5804878048781
"Austria","AT","AUT",2009,16.1746160256084,80.3317073170732
"Austria","AT","AUT",2008,16.6393158749523,80.4317073170732
"Austria","AT","AUT",2007,17.2316229771279,80.1804878048781
"Austria","AT","AUT",2006,17.8024706211736,79.8804878048781
"Austria","AT","AUT",2005,18.2027920961277,79.3317073170732
"Austria","AT","AUT",2004,18.4343485142981,79.1804878048781
"Austria","AT","AUT",2003,18.6169292381771,78.6317073170732
"Austria","AT","AUT",2002,18.7785099320798,78.6780487804878
"Austria","AT","AUT",2001,18.9470662603211,78.5756097560976
"Austria","AT","AUT",2000,19.150573887216,78.1268292682927
"Austria","AT","AUT",1999,19.5783355942085,77.8756097560976
"Austria","AT","AUT",1998,20.2851700209686,77.6707317073171
"Austria","AT","AUT",1997,21.0973266191502,77.319512195122
"Austria","AT","AUT",1996,21.841054840407,76.8707317073171
"Austria","AT","AUT",1995,22.3426041363929,76.6682926829268
"Austria","AT","AUT",1994,22.6512999082315,76.419512195122
"Austria","AT","AUT",1993,22.9222855408674,76.0682926829268
"Austria","AT","AUT",1992,23.1405374616855,75.8170731707317
"Austria","AT","AUT",1991,23.2910320980705,75.6170731707317
"Austria","AT","AUT",1990,23.3587458774074,75.5682926829269
"Austria","AT","AUT",1989,NA,75.2658536585366
"Austria","AT","AUT",1988,NA,75.2170731707317
"Austria","AT","AUT",1987,NA,74.7682926829268
"Austria","AT","AUT",1986,NA,74.3170731707317
"Austria","AT","AUT",1985,NA,73.8146341463415
"Austria","AT","AUT",1984,NA,73.6121951219512
"Austria","AT","AUT",1983,NA,73.0121951219512
"Austria","AT","AUT",1982,NA,72.9609756097561
"Austria","AT","AUT",1981,NA,72.8121951219512
"Austria","AT","AUT",1980,NA,72.4634146341463
"Austria","AT","AUT",1979,NA,72.3121951219512
"Austria","AT","AUT",1978,NA,72.0121951219512
"Austria","AT","AUT",1977,NA,71.9146341463415
"Austria","AT","AUT",1976,NA,71.5658536585366
"Austria","AT","AUT",1975,NA,71.1146341463415
"Austria","AT","AUT",1974,NA,71.0121951219512
"Austria","AT","AUT",1973,NA,71.0146341463415
"Austria","AT","AUT",1972,NA,70.4634146341463
"Austria","AT","AUT",1971,NA,70.1146341463415
"Austria","AT","AUT",1970,NA,69.9146341463415
"Austria","AT","AUT",1969,NA,69.8331707317073
"Austria","AT","AUT",1968,NA,70.0575609756098
"Austria","AT","AUT",1967,NA,69.9178048780488
"Austria","AT","AUT",1966,NA,70.0458536585366
"Austria","AT","AUT",1965,NA,69.7221951219512
"Austria","AT","AUT",1964,NA,69.9219512195122
"Austria","AT","AUT",1963,NA,69.4436585365854
"Austria","AT","AUT",1962,NA,69.309512195122
"Austria","AT","AUT",1961,NA,69.5773170731707
"Austria","AT","AUT",1960,NA,68.5856097560976
"Azerbaijan","AZ","AZE",2023,NA,74.429
"Azerbaijan","AZ","AZE",2022,NA,74.125
"Azerbaijan","AZ","AZE",2021,NA,70.999
"Azerbaijan","AZ","AZE",2020,21.7269999756599,70.312
"Azerbaijan","AZ","AZE",2019,22.023834941184,73.29
"Azerbaijan","AZ","AZE",2018,23.2360923544978,73.016
"Azerbaijan","AZ","AZE",2017,23.2421881518978,72.694
"Azerbaijan","AZ","AZE",2016,24.3527968807853,72.568
"Azerbaijan","AZ","AZE",2015,25.1867220505416,72.349
"Azerbaijan","AZ","AZE",2014,26.4192082058383,71.93
"Azerbaijan","AZ","AZE",2013,28.2339828650537,71.485
"Azerbaijan","AZ","AZE",2012,29.1805878419231,71.08
"Azerbaijan","AZ","AZE",2011,27.4281061456644,70.565
"Azerbaijan","AZ","AZE",2010,23.1201756676417,70.309
"Azerbaijan","AZ","AZE",2009,21.7342951325807,69.874
"Azerbaijan","AZ","AZE",2008,20.6727592862898,69.355
"Azerbaijan","AZ","AZE",2007,19.9134764720137,68.659
"Azerbaijan","AZ","AZE",2006,19.4343550329971,68.489
"Azerbaijan","AZ","AZE",2005,19.2133033124848,67.71
"Azerbaijan","AZ","AZE",2004,19.1817649122083,67.488
"Azerbaijan","AZ","AZE",2003,19.2603464043066,67.036
"Azerbaijan","AZ","AZE",2002,19.4107005876363,66.769
"Azerbaijan","AZ","AZE",2001,19.5944802610536,66.043
"Azerbaijan","AZ","AZE",2000,19.773338223415,65.377
"Azerbaijan","AZ","AZE",1999,20.0010746348788,64.733
"Azerbaijan","AZ","AZE",1998,20.3058658224496,63.75
"Azerbaijan","AZ","AZE",1997,20.6109288352535,62.953
"Azerbaijan","AZ","AZE",1996,20.8394807224165,62.66
"Azerbaijan","AZ","AZE",1995,20.9147385330648,61.931
"Azerbaijan","AZ","AZE",1994,20.8277757550846,60.277
"Azerbaijan","AZ","AZE",1993,20.6244977588719,61.426
"Azerbaijan","AZ","AZE",1992,20.3103694173176,60.773
"Azerbaijan","AZ","AZE",1991,19.8908556033125,62.544
"Azerbaijan","AZ","AZE",1990,19.3714211897473,62.75
"Azerbaijan","AZ","AZE",1989,NA,62.945
"Azerbaijan","AZ","AZE",1988,NA,62.672
"Azerbaijan","AZ","AZE",1987,NA,62.824
"Azerbaijan","AZ","AZE",1986,NA,62.603
"Azerbaijan","AZ","AZE",1985,NA,62.674
"Azerbaijan","AZ","AZE",1984,NA,62.084
"Azerbaijan","AZ","AZE",1983,NA,62.479
"Azerbaijan","AZ","AZE",1982,NA,62.23
"Azerbaijan","AZ","AZE",1981,NA,61.908
"Azerbaijan","AZ","AZE",1980,NA,61.433
"Azerbaijan","AZ","AZE",1979,NA,60.931
"Azerbaijan","AZ","AZE",1978,NA,60.494
"Azerbaijan","AZ","AZE",1977,NA,59.972
"Azerbaijan","AZ","AZE",1976,NA,59.477
"Azerbaijan","AZ","AZE",1975,NA,58.687
"Azerbaijan","AZ","AZE",1974,NA,58.332
"Azerbaijan","AZ","AZE",1973,NA,57.926
"Azerbaijan","AZ","AZE",1972,NA,57.503
"Azerbaijan","AZ","AZE",1971,NA,57.043
"Azerbaijan","AZ","AZE",1970,NA,56.586
"Azerbaijan","AZ","AZE",1969,NA,56.08
"Azerbaijan","AZ","AZE",1968,NA,55.563
"Azerbaijan","AZ","AZE",1967,NA,55.032
"Azerbaijan","AZ","AZE",1966,NA,54.485
"Azerbaijan","AZ","AZE",1965,NA,53.884
"Azerbaijan","AZ","AZE",1964,NA,53.292
"Azerbaijan","AZ","AZE",1963,NA,52.696
"Azerbaijan","AZ","AZE",1962,NA,52.053
"Azerbaijan","AZ","AZE",1961,NA,51.435
"Azerbaijan","AZ","AZE",1960,NA,50.862
"Bahamas, The","BS","BHS",2023,NA,74.552
"Bahamas, The","BS","BHS",2022,NA,74.491
"Bahamas, The","BS","BHS",2021,NA,70.752
"Bahamas, The","BS","BHS",2020,18.9393918728687,72.994
"Bahamas, The","BS","BHS",2019,18.5659528939643,71.408
"Bahamas, The","BS","BHS",2018,18.5796799431178,74.062
"Bahamas, The","BS","BHS",2017,18.3612464143857,74.031
"Bahamas, The","BS","BHS",2016,18.49778336767,74.042
"Bahamas, The","BS","BHS",2015,19.1256311837319,73.805
"Bahamas, The","BS","BHS",2014,18.5387484151285,74.029
"Bahamas, The","BS","BHS",2013,17.7211235938828,73.93
"Bahamas, The","BS","BHS",2012,18.0358159965462,73.707
"Bahamas, The","BS","BHS",2011,17.6418562262103,73.571
"Bahamas, The","BS","BHS",2010,17.4260245684517,73.449
"Bahamas, The","BS","BHS",2009,17.4583813139968,73.455
"Bahamas, The","BS","BHS",2008,17.540683294308,73.445
"Bahamas, The","BS","BHS",2007,17.6627411474599,73.463
"Bahamas, The","BS","BHS",2006,17.814365511527,73.456
"Bahamas, The","BS","BHS",2005,17.9853670245837,73.413
"Bahamas, The","BS","BHS",2004,18.2584252989849,73.235
"Bahamas, The","BS","BHS",2003,18.6554974383063,73.213
"Bahamas, The","BS","BHS",2002,19.0753103174537,73.023
"Bahamas, The","BS","BHS",2001,19.416590811333,72.765
"Bahamas, The","BS","BHS",2000,19.57806579485,72.481
"Bahamas, The","BS","BHS",1999,19.5292616840221,72.147
"Bahamas, The","BS","BHS",1998,19.3567296842071,71.84
"Bahamas, The","BS","BHS",1997,19.1347338543216,71.597
"Bahamas, The","BS","BHS",1996,18.9375382532823,71.464
"Bahamas, The","BS","BHS",1995,18.8394069400055,71.422
"Bahamas, The","BS","BHS",1994,18.8308529936372,71.429
"Bahamas, The","BS","BHS",1993,18.8528432493243,71.42
"Bahamas, The","BS","BHS",1992,18.9053223999855,71.298
"Bahamas, The","BS","BHS",1991,18.9882351385393,71.183
"Bahamas, The","BS","BHS",1990,19.1015261579045,70.945
"Bahamas, The","BS","BHS",1989,NA,70.719
"Bahamas, The","BS","BHS",1988,NA,70.508
"Bahamas, The","BS","BHS",1987,NA,70.383
"Bahamas, The","BS","BHS",1986,NA,70.316
"Bahamas, The","BS","BHS",1985,NA,70.289
"Bahamas, The","BS","BHS",1984,NA,70.192
"Bahamas, The","BS","BHS",1983,NA,70.003
"Bahamas, The","BS","BHS",1982,NA,69.682
"Bahamas, The","BS","BHS",1981,NA,69.368
"Bahamas, The","BS","BHS",1980,NA,69.091
"Bahamas, The","BS","BHS",1979,NA,68.96
"Bahamas, The","BS","BHS",1978,NA,68.873
"Bahamas, The","BS","BHS",1977,NA,68.762
"Bahamas, The","BS","BHS",1976,NA,68.529
"Bahamas, The","BS","BHS",1975,NA,68.14
"Bahamas, The","BS","BHS",1974,NA,67.585
"Bahamas, The","BS","BHS",1973,NA,67.147
"Bahamas, The","BS","BHS",1972,NA,66.781
"Bahamas, The","BS","BHS",1971,NA,66.526
"Bahamas, The","BS","BHS",1970,NA,66.163
"Bahamas, The","BS","BHS",1969,NA,65.773
"Bahamas, The","BS","BHS",1968,NA,65.399
"Bahamas, The","BS","BHS",1967,NA,65.03
"Bahamas, The","BS","BHS",1966,NA,64.589
"Bahamas, The","BS","BHS",1965,NA,64.272
"Bahamas, The","BS","BHS",1964,NA,63.897
"Bahamas, The","BS","BHS",1963,NA,63.532
"Bahamas, The","BS","BHS",1962,NA,63.187
"Bahamas, The","BS","BHS",1961,NA,62.813
"Bahamas, The","BS","BHS",1960,NA,62.454
"Bahrain","BH","BHR",2023,NA,81.284
"Bahrain","BH","BHR",2022,NA,80.992
"Bahrain","BH","BHR",2021,NA,78.083
"Bahrain","BH","BHR",2020,58.4950629834781,78.683
"Bahrain","BH","BHR",2019,59.9655174851019,80.471
"Bahrain","BH","BHR",2018,71.8872328410934,80.412
"Bahrain","BH","BHR",2017,61.237494601176,80.407
"Bahrain","BH","BHR",2016,64.2193035294402,80.407
"Bahrain","BH","BHR",2015,71.5594978371491,80.338
"Bahrain","BH","BHR",2014,59.1499735070702,80.214
"Bahrain","BH","BHR",2013,68.1447019157403,79.998
"Bahrain","BH","BHR",2012,70.0606736033788,79.622
"Bahrain","BH","BHR",2011,66.7273263961034,79.141
"Bahrain","BH","BHR",2010,63.301530702615,78.593
"Bahrain","BH","BHR",2009,64.6190557666771,78.016
"Bahrain","BH","BHR",2008,67.7608706862893,77.457
"Bahrain","BH","BHR",2007,71.5108350525909,76.952
"Bahrain","BH","BHR",2006,74.6528084567212,76.51
"Bahrain","BH","BHR",2005,75.9706504898194,76.125
"Bahrain","BH","BHR",2004,75.3714883649469,75.787
"Bahrain","BH","BHR",2003,73.8799083460396,75.486
"Bahrain","BH","BHR",2002,71.9559586005481,75.209
"Bahrain","BH","BHR",2001,70.059687295923,74.942
"Bahrain","BH","BHR",2000,68.651142599615,74.673
"Bahrain","BH","BHR",1999,67.5800928001422,74.405
"Bahrain","BH","BHR",1998,66.4889492405473,74.138
"Bahrain","BH","BHR",1997,65.5267246700682,73.872
"Bahrain","BH","BHR",1996,64.8424318379425,73.61
"Bahrain","BH","BHR",1995,64.585083493408,73.361
"Bahrain","BH","BHR",1994,64.7478870157289,73.134
"Bahrain","BH","BHR",1993,65.226613417848,72.939
"Bahrain","BH","BHR",1992,66.024120899521,72.785
"Bahrain","BH","BHR",1991,67.1432676605035,72.668
"Bahrain","BH","BHR",1990,68.5869119005512,72.587
"Bahrain","BH","BHR",1989,NA,72.524
"Bahrain","BH","BHR",1988,NA,72.46
"Bahrain","BH","BHR",1987,NA,72.377
"Bahrain","BH","BHR",1986,NA,72.257
"Bahrain","BH","BHR",1985,NA,72.092
"Bahrain","BH","BHR",1984,NA,71.884
"Bahrain","BH","BHR",1983,NA,71.637
"Bahrain","BH","BHR",1982,NA,71.354
"Bahrain","BH","BHR",1981,NA,71.037
"Bahrain","BH","BHR",1980,NA,70.684
"Bahrain","BH","BHR",1979,NA,70.296
"Bahrain","BH","BHR",1978,NA,69.85
"Bahrain","BH","BHR",1977,NA,69.383
"Bahrain","BH","BHR",1976,NA,68.858
"Bahrain","BH","BHR",1975,NA,68.276
"Bahrain","BH","BHR",1974,NA,67.633
"Bahrain","BH","BHR",1973,NA,66.922
"Bahrain","BH","BHR",1972,NA,66.095
"Bahrain","BH","BHR",1971,NA,65.279
"Bahrain","BH","BHR",1970,NA,64.359
"Bahrain","BH","BHR",1969,NA,63.35
"Bahrain","BH","BHR",1968,NA,62.253
"Bahrain","BH","BHR",1967,NA,61.036
"Bahrain","BH","BHR",1966,NA,59.745
"Bahrain","BH","BHR",1965,NA,58.379
"Bahrain","BH","BHR",1964,NA,56.946
"Bahrain","BH","BHR",1963,NA,55.449
"Bahrain","BH","BHR",1962,NA,53.893
"Bahrain","BH","BHR",1961,NA,52.278
"Bahrain","BH","BHR",1960,NA,50.634
"Bangladesh","BD","BGD",2023,NA,74.672
"Bangladesh","BD","BGD",2022,NA,74.265
"Bangladesh","BD","BGD",2021,NA,71.103
"Bangladesh","BD","BGD",2020,42.3813762359965,71.421
"Bangladesh","BD","BGD",2019,50.3645265388691,72.625
"Bangladesh","BD","BGD",2018,59.513577848333,72.122
"Bangladesh","BD","BGD",2017,58.3439766448258,71.606
"Bangladesh","BD","BGD",2016,63.6784141329752,71.075
"Bangladesh","BD","BGD",2015,64.1084295201163,70.543
"Bangladesh","BD","BGD",2014,68.3283645116627,70.016
"Bangladesh","BD","BGD",2013,64.3758949024465,69.487
"Bangladesh","BD","BGD",2012,65.1638389348551,68.989
"Bangladesh","BD","BGD",2011,52.2951110557553,68.499
"Bangladesh","BD","BGD",2010,42.1588186962047,68.009
"Bangladesh","BD","BGD",2009,43.417784301366,67.527
"Bangladesh","BD","BGD",2008,46.4359542477712,67.047
"Bangladesh","BD","BGD",2007,50.0752382318021,66.458
"Bangladesh","BD","BGD",2006,53.1975459498402,66.048
"Bangladesh","BD","BGD",2005,54.6647870982674,65.509
"Bangladesh","BD","BGD",2004,54.7139805852488,64.912
"Bangladesh","BD","BGD",2003,54.4416560238779,64.288
"Bangladesh","BD","BGD",2002,53.9989891679289,63.591
"Bangladesh","BD","BGD",2001,53.5371557711762,62.836
"Bangladesh","BD","BGD",2000,53.2073315873939,62.049
"Bangladesh","BD","BGD",1999,53.0075828342462,61.244
"Bangladesh","BD","BGD",1998,52.8404020429266,60.429
"Bangladesh","BD","BGD",1997,52.7136044375034,59.671
"Bangladesh","BD","BGD",1996,52.635005242045,58.94
"Bangladesh","BD","BGD",1995,52.6124196806198,58.244
"Bangladesh","BD","BGD",1994,52.6410482500516,57.64
"Bangladesh","BD","BGD",1993,52.7113363021078,57.073
"Bangladesh","BD","BGD",1992,52.8239663432718,56.592
"Bangladesh","BD","BGD",1991,52.9796208800268,53.781
"Bangladesh","BD","BGD",1990,53.1789824188564,55.822
"Bangladesh","BD","BGD",1989,NA,55.514
"Bangladesh","BD","BGD",1988,NA,55.174
"Bangladesh","BD","BGD",1987,NA,54.899
"Bangladesh","BD","BGD",1986,NA,54.592
"Bangladesh","BD","BGD",1985,NA,53.937
"Bangladesh","BD","BGD",1984,NA,53.826
"Bangladesh","BD","BGD",1983,NA,53.441
"Bangladesh","BD","BGD",1982,NA,53.012
"Bangladesh","BD","BGD",1981,NA,52.638
"Bangladesh","BD","BGD",1980,NA,52.278
"Bangladesh","BD","BGD",1979,NA,51.959
"Bangladesh","BD","BGD",1978,NA,51.596
"Bangladesh","BD","BGD",1977,NA,51.265
"Bangladesh","BD","BGD",1976,NA,50.951
"Bangladesh","BD","BGD",1975,NA,50.627
"Bangladesh","BD","BGD",1974,NA,49.589
"Bangladesh","BD","BGD",1973,NA,49.914
"Bangladesh","BD","BGD",1972,NA,49.647
"Bangladesh","BD","BGD",1971,NA,26.522
"Bangladesh","BD","BGD",1970,NA,42.667
"Bangladesh","BD","BGD",1969,NA,48.686
"Bangladesh","BD","BGD",1968,NA,48.4
"Bangladesh","BD","BGD",1967,NA,48.066
"Bangladesh","BD","BGD",1966,NA,47.644
"Bangladesh","BD","BGD",1965,NA,46.046
"Bangladesh","BD","BGD",1964,NA,46.752
"Bangladesh","BD","BGD",1963,NA,45.722
"Bangladesh","BD","BGD",1962,NA,45.765
"Bangladesh","BD","BGD",1961,NA,44.887
"Bangladesh","BD","BGD",1960,NA,43.98
"Barbados","BB","BRB",2023,NA,76.178
"Barbados","BB","BRB",2022,NA,75.676
"Barbados","BB","BRB",2021,NA,76.58
"Barbados","BB","BRB",2020,23.7309657842996,76.647
"Barbados","BB","BRB",2019,23.3255430894091,76.495
"Barbados","BB","BRB",2018,23.2651852221243,76.378
"Barbados","BB","BRB",2017,23.2878109296981,76.237
"Barbados","BB","BRB",2016,24.4150757393389,76.168
"Barbados","BB","BRB",2015,24.1787536225197,76.055
"Barbados","BB","BRB",2014,22.3938111163809,75.926
"Barbados","BB","BRB",2013,21.7944467458479,75.816
"Barbados","BB","BRB",2012,21.1846141376653,75.737
"Barbados","BB","BRB",2011,20.745049418333,75.599
"Barbados","BB","BRB",2010,21.1354483055595,75.488
"Barbados","BB","BRB",2009,21.1675646535713,75.458
"Barbados","BB","BRB",2008,21.1136589859394,75.3
"Barbados","BB","BRB",2007,21.0340484119677,75.263
"Barbados","BB","BRB",2006,20.9890500409602,75.049
"Barbados","BB","BRB",2005,21.0389809822209,74.96
"Barbados","BB","BRB",2004,21.3328480589514,75.15
"Barbados","BB","BRB",2003,21.8668760588038,74.865
"Barbados","BB","BRB",2002,22.4722090377571,74.82
"Barbados","BB","BRB",2001,22.9799910517907,74.707
"Barbados","BB","BRB",2000,23.2213661568837,74.58
"Barbados","BB","BRB",1999,23.2159903139565,74.587
"Barbados","BB","BRB",1998,23.128947364598,74.465
"Barbados","BB","BRB",1997,23.0095231857899,73.988
"Barbados","BB","BRB",1996,22.9070036545139,74.065
"Barbados","BB","BRB",1995,22.8706746477517,73.88
"Barbados","BB","BRB",1994,22.9221929056541,73.755
"Barbados","BB","BRB",1993,23.043366772867,73.739
"Barbados","BB","BRB",1992,23.223709533115,73.61
"Barbados","BB","BRB",1991,23.4527344701225,73.543
"Barbados","BB","BRB",1990,23.719954867614,73.463
"Barbados","BB","BRB",1989,NA,73.375
"Barbados","BB","BRB",1988,NA,73.431
"Barbados","BB","BRB",1987,NA,73.463
"Barbados","BB","BRB",1986,NA,73.416
"Barbados","BB","BRB",1985,NA,73.316
"Barbados","BB","BRB",1984,NA,73.302
"Barbados","BB","BRB",1983,NA,73.156
"Barbados","BB","BRB",1982,NA,72.903
"Barbados","BB","BRB",1981,NA,72.63
"Barbados","BB","BRB",1980,NA,72.129
"Barbados","BB","BRB",1979,NA,71.549
"Barbados","BB","BRB",1978,NA,71.143
"Barbados","BB","BRB",1977,NA,70.64
"Barbados","BB","BRB",1976,NA,70.114
"Barbados","BB","BRB",1975,NA,69.79
"Barbados","BB","BRB",1974,NA,69.379
"Barbados","BB","BRB",1973,NA,69.108
"Barbados","BB","BRB",1972,NA,69.132
"Barbados","BB","BRB",1971,NA,68.787
"Barbados","BB","BRB",1970,NA,68.518
"Barbados","BB","BRB",1969,NA,68.504
"Barbados","BB","BRB",1968,NA,68.2
"Barbados","BB","BRB",1967,NA,67.92
"Barbados","BB","BRB",1966,NA,67.71
"Barbados","BB","BRB",1965,NA,67.236
"Barbados","BB","BRB",1964,NA,66.678
"Barbados","BB","BRB",1963,NA,66.204
"Barbados","BB","BRB",1962,NA,65.715
"Barbados","BB","BRB",1961,NA,65.033
"Barbados","BB","BRB",1960,NA,64.149
"Belarus","BY","BLR",2023,NA,74.1837804878049
"Belarus","BY","BLR",2022,NA,74.1033658536585
"Belarus","BY","BLR",2021,NA,72.0714634146342
"Belarus","BY","BLR",2020,14.6089903841381,72.1385609756098
"Belarus","BY","BLR",2019,15.6177925850738,74.2268292682927
"Belarus","BY","BLR",2018,16.9825400264261,74.1756097560976
"Belarus","BY","BLR",2017,15.7775132293532,74.1292682926829
"Belarus","BY","BLR",2016,15.8319434819688,73.8268292682927
"Belarus","BY","BLR",2015,17.6059281150121,73.6243902439025
"Belarus","BY","BLR",2014,19.3974713758219,72.9707317073171
"Belarus","BY","BLR",2013,18.9735248940446,72.4707317073171
"Belarus","BY","BLR",2012,18.0675396231787,71.9658536585366
"Belarus","BY","BLR",2011,18.6953550823705,70.5536585365854
"Belarus","BY","BLR",2010,20.9366064365372,70.4048780487805
"Belarus","BY","BLR",2009,21.220548500292,70.4073170731707
"Belarus","BY","BLR",2008,21.364516390716,70.4560975609756
"Belarus","BY","BLR",2007,21.449293067481,70.2073170731707
"Belarus","BY","BLR",2006,21.555661490259,69.4048780487805
"Belarus","BY","BLR",2005,21.764404618722,68.8512195121951
"Belarus","BY","BLR",2004,22.4773987093966,68.9560975609756
"Belarus","BY","BLR",2003,23.8005944482748,68.5536585365854
"Belarus","BY","BLR",2002,25.3708864392258,68.0560975609756
"Belarus","BY","BLR",2001,26.825169286119,68.5073170731707
"Belarus","BY","BLR",2000,27.8003375928239,68.9121951219512
"Belarus","BY","BLR",1999,28.3459755412463,67.9073170731707
"Belarus","BY","BLR",1998,28.7879900108608,68.4073170731707
"Belarus","BY","BLR",1997,29.1777596518899,68.4609756097561
"Belarus","BY","BLR",1996,29.5666631145559,68.5121951219512
"Belarus","BY","BLR",1995,30.0060790490814,68.4609756097561
"Belarus","BY","BLR",1994,30.5108851977304,68.7682926829268
"Belarus","BY","BLR",1993,31.0570119658745,68.9707317073171
"Belarus","BY","BLR",1992,31.6374169983978,70.0219512195122
"Belarus","BY","BLR",1991,32.2450579401842,70.3780487804878
"Belarus","BY","BLR",1990,32.8728924361175,70.8365853658537
"Belarus","BY","BLR",1989,NA,71.4829268292683
"Belarus","BY","BLR",1988,NA,71.3414634146341
"Belarus","BY","BLR",1987,NA,70.990243902439
"Belarus","BY","BLR",1986,NA,71.549512195122
"Belarus","BY","BLR",1985,NA,70.9926829268293
"Belarus","BY","BLR",1984,NA,69.5631951219512
"Belarus","BY","BLR",1983,NA,69.7948536585366
"Belarus","BY","BLR",1982,NA,70.0769024390244
"Belarus","BY","BLR",1981,NA,69.907512195122
"Belarus","BY","BLR",1980,NA,69.9277073170732
"Belarus","BY","BLR",1979,NA,69.9336341463415
"Belarus","BY","BLR",1978,NA,70.0817317073171
"Belarus","BY","BLR",1977,NA,70.2890243902439
"Belarus","BY","BLR",1976,NA,70.3968292682927
"Belarus","BY","BLR",1975,NA,70.4570975609756
"Belarus","BY","BLR",1974,NA,70.8546829268293
"Belarus","BY","BLR",1973,NA,71.0006585365854
"Belarus","BY","BLR",1972,NA,70.8493170731708
"Belarus","BY","BLR",1971,NA,71.0117073170732
"Belarus","BY","BLR",1970,NA,70.7444878048781
"Belarus","BY","BLR",1969,NA,70.9780243902439
"Belarus","BY","BLR",1968,NA,70.8127804878049
"Belarus","BY","BLR",1967,NA,70.9297804878049
"Belarus","BY","BLR",1966,NA,70.7689268292683
"Belarus","BY","BLR",1965,NA,70.5974878048781
"Belarus","BY","BLR",1964,NA,70.619243902439
"Belarus","BY","BLR",1963,NA,69.7097804878049
"Belarus","BY","BLR",1962,NA,69.4623170731708
"Belarus","BY","BLR",1961,NA,69.7383902439024
"Belarus","BY","BLR",1960,NA,69.2546097560976
"Belgium","BE","BEL",2023,NA,82.4
"Belgium","BE","BEL",2022,NA,81.7487804878049
"Belgium","BE","BEL",2021,NA,81.790243902439
"Belgium","BE","BEL",2020,11.2160664677018,80.6951219512195
"Belgium","BE","BEL",2019,11.2143791835506,81.9951219512195
"Belgium","BE","BEL",2018,12.4925874999047,81.5951219512195
"Belgium","BE","BEL",2017,12.7691577876359,81.4926829268293
"Belgium","BE","BEL",2016,12.3939007132505,81.4390243902439
"Belgium","BE","BEL",2015,13.3390429399775,80.9926829268293
"Belgium","BE","BEL",2014,12.9003587052878,81.2878048780488
"Belgium","BE","BEL",2013,14.3697873081768,80.5878048780488
"Belgium","BE","BEL",2012,15.2150084633195,80.3853658536585
"Belgium","BE","BEL",2011,16.3662739599691,80.5853658536585
"Belgium","BE","BEL",2010,16.9737148284819,80.1829268292683
"Belgium","BE","BEL",2009,17.1233922372982,80.0341463414634
"Belgium","BE","BEL",2008,17.2072058698858,79.6804878048781
"Belgium","BE","BEL",2007,17.2634972753458,79.7829268292683
"Belgium","BE","BEL",2006,17.3306080027794,79.380487804878
"Belgium","BE","BEL",2005,17.4468796012875,78.9804878048781
"Belgium","BE","BEL",2004,17.70163525187,78.8780487804878
"Belgium","BE","BEL",2003,18.1085002652024,78.1292682926829
"Belgium","BE","BEL",2002,18.5922693848995,78.0756097560976
"Belgium","BE","BEL",2001,19.0777373545756,77.9731707317073
"Belgium","BE","BEL",2000,19.4896989178456,77.7219512195122
"Belgium","BE","BEL",1999,19.9099015001479,77.619512195122
"Belgium","BE","BEL",1998,20.4258830614972,77.4731707317073
"Belgium","BE","BEL",1997,20.9711241473715,77.3707317073171
"Belgium","BE","BEL",1996,21.479105303249,77.1873170731707
"Belgium","BE","BEL",1995,21.8833070746079,76.8407317073171
"Belgium","BE","BEL",1994,22.2024315112951,76.6917073170732
"Belgium","BE","BEL",1993,22.494897237939,76.3453658536585
"Belgium","BE","BEL",1992,22.7537596621901,76.3512195121951
"Belgium","BE","BEL",1991,22.9720741916989,76.1921951219512
"Belgium","BE","BEL",1990,23.1428962341157,76.0519512195122
"Belgium","BE","BEL",1989,NA,75.6326829268293
"Belgium","BE","BEL",1988,NA,75.5658536585366
"Belgium","BE","BEL",1987,NA,75.3658536585366
"Belgium","BE","BEL",1986,NA,74.7317073170732
"Belgium","BE","BEL",1985,NA,74.520243902439
"Belgium","BE","BEL",1984,NA,74.4048780487805
"Belgium","BE","BEL",1983,NA,73.8690243902439
"Belgium","BE","BEL",1982,NA,73.8880487804878
"Belgium","BE","BEL",1981,NA,73.6217073170732
"Belgium","BE","BEL",1980,NA,73.2070731707317
"Belgium","BE","BEL",1979,NA,73.1936585365854
"Belgium","BE","BEL",1978,NA,72.6980487804878
"Belgium","BE","BEL",1977,NA,72.7739024390244
"Belgium","BE","BEL",1976,NA,72.119756097561
"Belgium","BE","BEL",1975,NA,71.9712195121951
"Belgium","BE","BEL",1974,NA,71.9858536585366
"Belgium","BE","BEL",1973,NA,71.6353658536586
"Belgium","BE","BEL",1972,NA,71.4051219512195
"Belgium","BE","BEL",1971,NA,71.0604878048781
"Belgium","BE","BEL",1970,NA,70.9719512195122
"Belgium","BE","BEL",1969,NA,70.7648780487805
"Belgium","BE","BEL",1968,NA,70.6931707317073
"Belgium","BE","BEL",1967,NA,71.0129268292683
"Belgium","BE","BEL",1966,NA,70.7063414634146
"Belgium","BE","BEL",1965,NA,70.6253658536586
"Belgium","BE","BEL",1964,NA,70.7551219512195
"Belgium","BE","BEL",1963,NA,70.0514634146342
"Belgium","BE","BEL",1962,NA,70.219512195122
"Belgium","BE","BEL",1961,NA,70.5209756097561
"Belgium","BE","BEL",1960,NA,69.7019512195122
"Belize","BZ","BLZ",2023,NA,73.566
"Belize","BZ","BLZ",2022,NA,72.19
"Belize","BZ","BLZ",2021,NA,70.917
"Belize","BZ","BLZ",2020,28.6518070195516,71.58
"Belize","BZ","BLZ",2019,26.1465334719171,72.577
"Belize","BZ","BLZ",2018,26.7474102969967,72.322
"Belize","BZ","BLZ",2017,26.1751165590281,72.062
"Belize","BZ","BLZ",2016,25.608806996967,71.843
"Belize","BZ","BLZ",2015,27.5566748212023,71.647
"Belize","BZ","BLZ",2014,26.766330789615,71.437
"Belize","BZ","BLZ",2013,26.8732782139428,71.276
"Belize","BZ","BLZ",2012,23.7091047742089,71.134
"Belize","BZ","BLZ",2011,25.0167214312121,70.975
"Belize","BZ","BLZ",2010,22.6250549970911,70.875
"Belize","BZ","BLZ",2009,22.777114931599,70.806
"Belize","BZ","BLZ",2008,23.1683390213192,70.665
"Belize","BZ","BLZ",2007,23.6963824128613,70.652
"Belize","BZ","BLZ",2006,24.2589002528347,70.535
"Belize","BZ","BLZ",2005,24.7535476878486,70.335
"Belize","BZ","BLZ",2004,25.2757877653807,70.152
"Belize","BZ","BLZ",2003,25.9062363191074,69.819
"Belize","BZ","BLZ",2002,26.5202776749369,69.528
"Belize","BZ","BLZ",2001,26.9932961587769,68.944
"Belize","BZ","BLZ",2000,27.2006760965356,68.911
"Belize","BZ","BLZ",1999,27.1548628901591,68.976
"Belize","BZ","BLZ",1998,26.9987928524929,68.906
"Belize","BZ","BLZ",1997,26.8035866757936,69.183
"Belize","BZ","BLZ",1996,26.6403650523177,69.363
"Belize","BZ","BLZ",1995,26.5802486743217,69.484
"Belize","BZ","BLZ",1994,26.6822267365811,69.585
"Belize","BZ","BLZ",1993,26.9412228626806,69.595
"Belize","BZ","BLZ",1992,27.3322593880907,69.601
"Belize","BZ","BLZ",1991,27.830358648282,69.645
"Belize","BZ","BLZ",1990,28.4105429787251,69.569
"Belize","BZ","BLZ",1989,NA,69.534
"Belize","BZ","BLZ",1988,NA,69.401
"Belize","BZ","BLZ",1987,NA,69.108
"Belize","BZ","BLZ",1986,NA,68.743
"Belize","BZ","BLZ",1985,NA,68.347
"Belize","BZ","BLZ",1984,NA,67.952
"Belize","BZ","BLZ",1983,NA,67.601
"Belize","BZ","BLZ",1982,NA,67.339
"Belize","BZ","BLZ",1981,NA,67.095
"Belize","BZ","BLZ",1980,NA,66.884
"Belize","BZ","BLZ",1979,NA,66.677
"Belize","BZ","BLZ",1978,NA,66.338
"Belize","BZ","BLZ",1977,NA,66.135
"Belize","BZ","BLZ",1976,NA,65.765
"Belize","BZ","BLZ",1975,NA,65.377
"Belize","BZ","BLZ",1974,NA,64.936
"Belize","BZ","BLZ",1973,NA,64.487
"Belize","BZ","BLZ",1972,NA,64.025
"Belize","BZ","BLZ",1971,NA,63.546
"Belize","BZ","BLZ",1970,NA,63.044
"Belize","BZ","BLZ",1969,NA,62.497
"Belize","BZ","BLZ",1968,NA,61.961
"Belize","BZ","BLZ",1967,NA,61.437
"Belize","BZ","BLZ",1966,NA,60.86
"Belize","BZ","BLZ",1965,NA,60.356
"Belize","BZ","BLZ",1964,NA,59.84
"Belize","BZ","BLZ",1963,NA,59.316
"Belize","BZ","BLZ",1962,NA,58.741
"Belize","BZ","BLZ",1961,NA,52.944
"Belize","BZ","BLZ",1960,NA,57.389
"Benin","BJ","BEN",2023,NA,60.774
"Benin","BJ","BEN",2022,NA,60.475
"Benin","BJ","BEN",2021,NA,59.61
"Benin","BJ","BEN",2020,51.0478241974862,60.154
"Benin","BJ","BEN",2019,46.5625275293874,59.888
"Benin","BJ","BEN",2018,54.0562679352757,59.71
"Benin","BJ","BEN",2017,58.3879587239383,59.528
"Benin","BJ","BEN",2016,59.4793406242621,59.283
"Benin","BJ","BEN",2015,66.6561284323416,59.123
"Benin","BJ","BEN",2014,42.0112596872744,59.008
"Benin","BJ","BEN",2013,42.0881252510416,58.863
"Benin","BJ","BEN",2012,51.5628188212507,58.559
"Benin","BJ","BEN",2011,47.392759069621,58.462
"Benin","BJ","BEN",2010,44.8496835809048,58.387
"Benin","BJ","BEN",2009,44.7544581747048,58.258
"Benin","BJ","BEN",2008,44.6992177546544,58.099
"Benin","BJ","BEN",2007,44.6821454651912,58.249
"Benin","BJ","BEN",2006,44.7014244507525,57.966
"Benin","BJ","BEN",2005,44.7552378557758,57.738
"Benin","BJ","BEN",2004,46.4477544416886,57.346
"Benin","BJ","BEN",2003,50.38184649863,57.092
"Benin","BJ","BEN",2002,55.0537524641043,56.851
"Benin","BJ","BEN",2001,58.959710775616,56.654
"Benin","BJ","BEN",2000,60.5959598706697,56.594
"Benin","BJ","BEN",1999,59.5072366008039,56.336
"Benin","BJ","BEN",1998,56.9108545183965,56.154
"Benin","BJ","BEN",1997,53.8119171122103,55.986
"Benin","BJ","BEN",1996,51.2155278710086,55.648
"Benin","BJ","BEN",1995,50.1267902835542,55.366
"Benin","BJ","BEN",1994,50.3303080274145,54.988
"Benin","BJ","BEN",1993,51.0021127590457,54.612
"Benin","BJ","BEN",1992,52.2344499355444,54.137
"Benin","BJ","BEN",1991,54.119565014007,53.441
"Benin","BJ","BEN",1990,56.74970345153,53.02
"Benin","BJ","BEN",1989,NA,52.45
"Benin","BJ","BEN",1988,NA,52.019
"Benin","BJ","BEN",1987,NA,51.258
"Benin","BJ","BEN",1986,NA,50.632
"Benin","BJ","BEN",1985,NA,49.959
"Benin","BJ","BEN",1984,NA,49.399
"Benin","BJ","BEN",1983,NA,48.845
"Benin","BJ","BEN",1982,NA,48.493
"Benin","BJ","BEN",1981,NA,48.122
"Benin","BJ","BEN",1980,NA,47.747
"Benin","BJ","BEN",1979,NA,47.362
"Benin","BJ","BEN",1978,NA,46.941
"Benin","BJ","BEN",1977,NA,46.504
"Benin","BJ","BEN",1976,NA,45.952
"Benin","BJ","BEN",1975,NA,45.405
"Benin","BJ","BEN",1974,NA,44.876
"Benin","BJ","BEN",1973,NA,44.435
"Benin","BJ","BEN",1972,NA,43.928
"Benin","BJ","BEN",1971,NA,43.391
"Benin","BJ","BEN",1970,NA,43.029
"Benin","BJ","BEN",1969,NA,42.591
"Benin","BJ","BEN",1968,NA,42.182
"Benin","BJ","BEN",1967,NA,41.759
"Benin","BJ","BEN",1966,NA,41.274
"Benin","BJ","BEN",1965,NA,40.971
"Benin","BJ","BEN",1964,NA,40.502
"Benin","BJ","BEN",1963,NA,40.081
"Benin","BJ","BEN",1962,NA,39.643
"Benin","BJ","BEN",1961,NA,39.233
"Benin","BJ","BEN",1960,NA,38.775
"Bermuda","BM","BMU",2023,NA,82.309
"Bermuda","BM","BMU",2022,NA,82.062
"Bermuda","BM","BMU",2021,NA,81.745
"Bermuda","BM","BMU",2020,7.33600052500811,81.456
"Bermuda","BM","BMU",2019,7.20679905172813,81.251
"Bermuda","BM","BMU",2018,7.39756678060384,80.986
"Bermuda","BM","BMU",2017,7.67124972072296,80.686
"Bermuda","BM","BMU",2016,7.54273526156963,80.476
"Bermuda","BM","BMU",2015,6.97448269449194,80.338
"Bermuda","BM","BMU",2014,7.0538148738716,80.199
"Bermuda","BM","BMU",2013,6.61259153374615,80.016
"Bermuda","BM","BMU",2012,6.97250277678657,79.847
"Bermuda","BM","BMU",2011,6.91539194729686,79.651
"Bermuda","BM","BMU",2010,7.16366509065494,79.414
"Bermuda","BM","BMU",2009,7.38480884628674,79.229
"Bermuda","BM","BMU",2008,7.60092242583573,79.101
"Bermuda","BM","BMU",2007,7.81362766204442,79.006
"Bermuda","BM","BMU",2006,8.02454638765531,78.87
"Bermuda","BM","BMU",2005,8.23530043541092,78.874
"Bermuda","BM","BMU",2004,8.46710713298417,78.898
"Bermuda","BM","BMU",2003,8.71972287967927,78.715
"Bermuda","BM","BMU",2002,8.96257811568564,78.841
"Bermuda","BM","BMU",2001,9.16510328119272,78.637
"Bermuda","BM","BMU",2000,9.29672881638995,78.251
"Bermuda","BM","BMU",1999,9.31843096187457,77.854
"Bermuda","BM","BMU",1998,9.24656917434158,77.389
"Bermuda","BM","BMU",1997,9.13364871812704,76.972
"Bermuda","BM","BMU",1996,9.03217485756702,76.52
"Bermuda","BM","BMU",1995,8.99465285699755,75.92
"Bermuda","BM","BMU",1994,9.00721218321146,75.276
"Bermuda","BM","BMU",1993,9.02166514031074,74.766
"Bermuda","BM","BMU",1992,9.03904124859527,74.446
"Bermuda","BM","BMU",1991,9.06037002836489,74.204
"Bermuda","BM","BMU",1990,9.08668099991948,73.952
"Bermuda","BM","BMU",1989,NA,73.733
"Bermuda","BM","BMU",1988,NA,73.555
"Bermuda","BM","BMU",1987,NA,73.454
"Bermuda","BM","BMU",1986,NA,73.368
"Bermuda","BM","BMU",1985,NA,73.373
"Bermuda","BM","BMU",1984,NA,73.365
"Bermuda","BM","BMU",1983,NA,73.24
"Bermuda","BM","BMU",1982,NA,73.041
"Bermuda","BM","BMU",1981,NA,72.892
"Bermuda","BM","BMU",1980,NA,72.666
"Bermuda","BM","BMU",1979,NA,72.402
"Bermuda","BM","BMU",1978,NA,71.968
"Bermuda","BM","BMU",1977,NA,71.616
"Bermuda","BM","BMU",1976,NA,71.331
"Bermuda","BM","BMU",1975,NA,71.171
"Bermuda","BM","BMU",1974,NA,70.864
"Bermuda","BM","BMU",1973,NA,70.374
"Bermuda","BM","BMU",1972,NA,69.643
"Bermuda","BM","BMU",1971,NA,68.98
"Bermuda","BM","BMU",1970,NA,68.404
"Bermuda","BM","BMU",1969,NA,68.088
"Bermuda","BM","BMU",1968,NA,67.898
"Bermuda","BM","BMU",1967,NA,67.792
"Bermuda","BM","BMU",1966,NA,67.718
"Bermuda","BM","BMU",1965,NA,67.582
"Bermuda","BM","BMU",1964,NA,67.5
"Bermuda","BM","BMU",1963,NA,67.689
"Bermuda","BM","BMU",1962,NA,67.884
"Bermuda","BM","BMU",1961,NA,67.528
"Bermuda","BM","BMU",1960,NA,66.482
"Bhutan","BT","BTN",2023,NA,72.975
"Bhutan","BT","BTN",2022,NA,72.754
"Bhutan","BT","BTN",2021,NA,72.448
"Bhutan","BT","BTN",2020,23.9456576369223,72.253
"Bhutan","BT","BTN",2019,30.051897764158,72.005
"Bhutan","BT","BTN",2018,34.0838819368766,71.711
"Bhutan","BT","BTN",2017,33.8115150358203,71.413
"Bhutan","BT","BTN",2016,36.9416122831151,71.119
"Bhutan","BT","BTN",2015,37.4856911286561,70.797
"Bhutan","BT","BTN",2014,40.2981530542455,70.504
"Bhutan","BT","BTN",2013,37.4162437152675,70.161
"Bhutan","BT","BTN",2012,38.1315714688966,69.759
"Bhutan","BT","BTN",2011,30.4700767007183,69.28
"Bhutan","BT","BTN",2010,25.8636494610431,68.765
"Bhutan","BT","BTN",2009,26.6999336582723,68.156
"Bhutan","BT","BTN",2008,28.700905063469,67.733
"Bhutan","BT","BTN",2007,31.1047418968965,67.152
"Bhutan","BT","BTN",2006,33.1496223788183,66.499
"Bhutan","BT","BTN",2005,34.0737247294978,65.875
"Bhutan","BT","BTN",2004,34.0301450330599,65.29
"Bhutan","BT","BTN",2003,33.751263035198,64.662
"Bhutan","BT","BTN",2002,33.3441824485286,63.984
"Bhutan","BT","BTN",2001,32.9160069856681,63.323
"Bhutan","BT","BTN",2000,32.573840359233,61.842
"Bhutan","BT","BTN",1999,32.3014021631841,62.032
"Bhutan","BT","BTN",1998,32.0305328327121,61.322
"Bhutan","BT","BTN",1997,31.7905173422785,60.639
"Bhutan","BT","BTN",1996,31.6106406663447,59.982
"Bhutan","BT","BTN",1995,31.5201877793722,59.277
"Bhutan","BT","BTN",1994,31.506179247149,58.395
"Bhutan","BT","BTN",1993,31.538203762732,57.906
"Bhutan","BT","BTN",1992,31.6193984914858,57.208
"Bhutan","BT","BTN",1991,31.7529005987749,56.451
"Bhutan","BT","BTN",1990,31.9418472499638,55.811
"Bhutan","BT","BTN",1989,NA,55.12
"Bhutan","BT","BTN",1988,NA,54.385
"Bhutan","BT","BTN",1987,NA,53.62
"Bhutan","BT","BTN",1986,NA,52.826
"Bhutan","BT","BTN",1985,NA,52.033
"Bhutan","BT","BTN",1984,NA,51.313
"Bhutan","BT","BTN",1983,NA,50.553
"Bhutan","BT","BTN",1982,NA,49.776
"Bhutan","BT","BTN",1981,NA,48.975
"Bhutan","BT","BTN",1980,NA,48.198
"Bhutan","BT","BTN",1979,NA,47.446
"Bhutan","BT","BTN",1978,NA,46.691
"Bhutan","BT","BTN",1977,NA,45.95
"Bhutan","BT","BTN",1976,NA,45.23
"Bhutan","BT","BTN",1975,NA,44.513
"Bhutan","BT","BTN",1974,NA,43.8
"Bhutan","BT","BTN",1973,NA,43.136
"Bhutan","BT","BTN",1972,NA,42.487
"Bhutan","BT","BTN",1971,NA,41.83
"Bhutan","BT","BTN",1970,NA,41.185
"Bhutan","BT","BTN",1969,NA,40.566
"Bhutan","BT","BTN",1968,NA,39.96
"Bhutan","BT","BTN",1967,NA,39.359
"Bhutan","BT","BTN",1966,NA,38.789
"Bhutan","BT","BTN",1965,NA,38.263
"Bhutan","BT","BTN",1964,NA,37.796
"Bhutan","BT","BTN",1963,NA,37.37
"Bhutan","BT","BTN",1962,NA,36.992
"Bhutan","BT","BTN",1961,NA,36.654
"Bhutan","BT","BTN",1960,NA,36.367
"Bolivia","BO","BOL",2023,NA,68.581
"Bolivia","BO","BOL",2022,NA,67.434
"Bolivia","BO","BOL",2021,NA,61.427
"Bolivia","BO","BOL",2020,22.879459074231,62.906
"Bolivia","BO","BOL",2019,24.4849924422413,67.82
"Bolivia","BO","BOL",2018,25.1667590386614,67.699
"Bolivia","BO","BOL",2017,26.5418633872389,67.536
"Bolivia","BO","BOL",2016,28.0546140290721,67.392
"Bolivia","BO","BOL",2015,27.4574711709407,67.205
"Bolivia","BO","BOL",2014,26.9415449050283,66.97
"Bolivia","BO","BOL",2013,26.0957496962253,66.777
"Bolivia","BO","BOL",2012,28.0697541353735,66.586
"Bolivia","BO","BOL",2011,27.3182933267548,66.282
"Bolivia","BO","BOL",2010,30.5811442072612,66.003
"Bolivia","BO","BOL",2009,35.7228908896935,65.656
"Bolivia","BO","BOL",2008,42.4702971845256,65.299
"Bolivia","BO","BOL",2007,49.4380149483192,64.939
"Bolivia","BO","BOL",2006,55.2406960376362,64.529
"Bolivia","BO","BOL",2005,58.4929923090383,64.182
"Bolivia","BO","BOL",2004,59.7162505298355,63.819
"Bolivia","BO","BOL",2003,60.5276224516758,63.455
"Bolivia","BO","BOL",2002,61.185467407628,63.068
"Bolivia","BO","BOL",2001,61.9481447307606,62.538
"Bolivia","BO","BOL",2000,63.0740137541425,62.057
"Bolivia","BO","BOL",1999,65.3160345354498,61.655
"Bolivia","BO","BOL",1998,68.7315400059974,61.227
"Bolivia","BO","BOL",1997,72.5354488093124,60.745
"Bolivia","BO","BOL",1996,75.9426795889217,60.287
"Bolivia","BO","BOL",1995,78.1681509883521,59.787
"Bolivia","BO","BOL",1994,79.4925462966465,59.282
"Bolivia","BO","BOL",1993,80.6787881274545,58.66
"Bolivia","BO","BOL",1992,81.6651541112124,57.923
"Bolivia","BO","BOL",1991,82.3899218783568,57.439
"Bolivia","BO","BOL",1990,82.7913690593244,56.797
"Bolivia","BO","BOL",1989,NA,56.146
"Bolivia","BO","BOL",1988,NA,55.505
"Bolivia","BO","BOL",1987,NA,54.901
"Bolivia","BO","BOL",1986,NA,54.247
"Bolivia","BO","BOL",1985,NA,53.777
"Bolivia","BO","BOL",1984,NA,53.383
"Bolivia","BO","BOL",1983,NA,52.861
"Bolivia","BO","BOL",1982,NA,52.511
"Bolivia","BO","BOL",1981,NA,52.259
"Bolivia","BO","BOL",1980,NA,51.828
"Bolivia","BO","BOL",1979,NA,51.353
"Bolivia","BO","BOL",1978,NA,50.838
"Bolivia","BO","BOL",1977,NA,50.387
"Bolivia","BO","BOL",1976,NA,49.971
"Bolivia","BO","BOL",1975,NA,49.336
"Bolivia","BO","BOL",1974,NA,48.752
"Bolivia","BO","BOL",1973,NA,48.282
"Bolivia","BO","BOL",1972,NA,47.829
"Bolivia","BO","BOL",1971,NA,47.483
"Bolivia","BO","BOL",1970,NA,47.103
"Bolivia","BO","BOL",1969,NA,46.705
"Bolivia","BO","BOL",1968,NA,46.342
"Bolivia","BO","BOL",1967,NA,45.904
"Bolivia","BO","BOL",1966,NA,45.479
"Bolivia","BO","BOL",1965,NA,45.09
"Bolivia","BO","BOL",1964,NA,44.674
"Bolivia","BO","BOL",1963,NA,44.335
"Bolivia","BO","BOL",1962,NA,44.002
"Bolivia","BO","BOL",1961,NA,43.628
"Bolivia","BO","BOL",1960,NA,43.338
"Bosnia and Herzegovina","BA","BIH",2023,NA,77.85
"Bosnia and Herzegovina","BA","BIH",2022,NA,76.777
"Bosnia and Herzegovina","BA","BIH",2021,NA,74.567
"Bosnia and Herzegovina","BA","BIH",2020,26.6019532713554,76.04
"Bosnia and Herzegovina","BA","BIH",2019,26.7157922521039,77.394
"Bosnia and Herzegovina","BA","BIH",2018,32.4989922059154,77.942
"Bosnia and Herzegovina","BA","BIH",2017,30.9018207776211,77.385
"Bosnia and Herzegovina","BA","BIH",2016,30.384676952561,77.124
"Bosnia and Herzegovina","BA","BIH",2015,33.8055310132726,77.073
"Bosnia and Herzegovina","BA","BIH",2014,32.4817989014897,77.089
"Bosnia and Herzegovina","BA","BIH",2013,33.7419045514665,77.129
"Bosnia and Herzegovina","BA","BIH",2012,35.5046711262656,77.037
"Bosnia and Herzegovina","BA","BIH",2011,39.4031643248459,76.963
"Bosnia and Herzegovina","BA","BIH",2010,35.2512805561859,76.827
"Bosnia and Herzegovina","BA","BIH",2009,35.6437958683181,76.701
"Bosnia and Herzegovina","BA","BIH",2008,36.5797939203256,76.3
"Bosnia and Herzegovina","BA","BIH",2007,37.6969528856248,76.162
"Bosnia and Herzegovina","BA","BIH",2006,38.6329509376323,76.028
"Bosnia and Herzegovina","BA","BIH",2005,39.0254662497644,76.424
"Bosnia and Herzegovina","BA","BIH",2004,38.8647123272337,76.489
"Bosnia and Herzegovina","BA","BIH",2003,38.4581184427201,76.449
"Bosnia and Herzegovina","BA","BIH",2002,37.9191864208419,75.994
"Bosnia and Herzegovina","BA","BIH",2001,37.3614180862172,75.573
"Bosnia and Herzegovina","BA","BIH",2000,36.8983152634642,75.292
"Bosnia and Herzegovina","BA","BIH",1999,36.4061760536142,74.946
"Bosnia and Herzegovina","BA","BIH",1998,35.7804140277867,74.472
"Bosnia and Herzegovina","BA","BIH",1997,35.1632042157313,73.895
"Bosnia and Herzegovina","BA","BIH",1996,34.6967216471979,73.454
"Bosnia and Herzegovina","BA","BIH",1995,34.5231413519362,70.188
"Bosnia and Herzegovina","BA","BIH",1994,34.5794028812581,66.603
"Bosnia and Herzegovina","BA","BIH",1993,34.7147869094329,50.894
"Bosnia and Herzegovina","BA","BIH",1992,34.9399801506468,51.967
"Bosnia and Herzegovina","BA","BIH",1991,35.2656693190858,71.813
"Bosnia and Herzegovina","BA","BIH",1990,35.7025411289361,71.509
"Bosnia and Herzegovina","BA","BIH",1989,NA,71.445
"Bosnia and Herzegovina","BA","BIH",1988,NA,70.97
"Bosnia and Herzegovina","BA","BIH",1987,NA,70.876
"Bosnia and Herzegovina","BA","BIH",1986,NA,70.751
"Bosnia and Herzegovina","BA","BIH",1985,NA,70.582
"Bosnia and Herzegovina","BA","BIH",1984,NA,70.229
"Bosnia and Herzegovina","BA","BIH",1983,NA,70.097
"Bosnia and Herzegovina","BA","BIH",1982,NA,70.076
"Bosnia and Herzegovina","BA","BIH",1981,NA,70.055
"Bosnia and Herzegovina","BA","BIH",1980,NA,69.603
"Bosnia and Herzegovina","BA","BIH",1979,NA,69.083
"Bosnia and Herzegovina","BA","BIH",1978,NA,68.844
"Bosnia and Herzegovina","BA","BIH",1977,NA,68.779
"Bosnia and Herzegovina","BA","BIH",1976,NA,68.574
"Bosnia and Herzegovina","BA","BIH",1975,NA,68.329
"Bosnia and Herzegovina","BA","BIH",1974,NA,67.635
"Bosnia and Herzegovina","BA","BIH",1973,NA,66.586
"Bosnia and Herzegovina","BA","BIH",1972,NA,65.682
"Bosnia and Herzegovina","BA","BIH",1971,NA,65.181
"Bosnia and Herzegovina","BA","BIH",1970,NA,64.844
"Bosnia and Herzegovina","BA","BIH",1969,NA,64.448
"Bosnia and Herzegovina","BA","BIH",1968,NA,64.006
"Bosnia and Herzegovina","BA","BIH",1967,NA,63.734
"Bosnia and Herzegovina","BA","BIH",1966,NA,63.129
"Bosnia and Herzegovina","BA","BIH",1965,NA,62.213
"Bosnia and Herzegovina","BA","BIH",1964,NA,61.511
"Bosnia and Herzegovina","BA","BIH",1963,NA,60.511
"Bosnia and Herzegovina","BA","BIH",1962,NA,60.122
"Bosnia and Herzegovina","BA","BIH",1961,NA,59.285
"Bosnia and Herzegovina","BA","BIH",1960,NA,58.53
"Botswana","BW","BWA",2023,NA,69.163
"Botswana","BW","BWA",2022,NA,68.749
"Botswana","BW","BWA",2021,NA,63.303
"Botswana","BW","BWA",2020,18.9057549925814,67.643
"Botswana","BW","BWA",2019,19.2035484352255,67.167
"Botswana","BW","BWA",2018,19.9110410814922,66.371
"Botswana","BW","BWA",2017,19.9663232166838,65.42
"Botswana","BW","BWA",2016,21.2522533064009,64.32
"Botswana","BW","BWA",2015,22.0461450923733,63.215
"Botswana","BW","BWA",2014,21.1021511668115,62.167
"Botswana","BW","BWA",2013,21.2341334801046,61.217
"Botswana","BW","BWA",2012,22.702553769979,60.384
"Botswana","BW","BWA",2011,22.6768520526251,59.715
"Botswana","BW","BWA",2010,22.3400304839044,59.137
"Botswana","BW","BWA",2009,21.9924882718209,58.297
"Botswana","BW","BWA",2008,21.6012791414985,57.661
"Botswana","BW","BWA",2007,21.2070575460146,56.735
"Botswana","BW","BWA",2006,20.8504779384467,55.112
"Botswana","BW","BWA",2005,20.5721947718722,54.386
"Botswana","BW","BWA",2004,20.3557631526527,53.573
"Botswana","BW","BWA",2003,20.1595337663207,52.851
"Botswana","BW","BWA",2002,19.9863544347096,52.373
"Botswana","BW","BWA",2001,19.8390729796528,52.21
"Botswana","BW","BWA",2000,19.7205372229834,52.263
"Botswana","BW","BWA",1999,19.6136239516189,52.499
"Botswana","BW","BWA",1998,19.5078818854867,52.968
"Botswana","BW","BWA",1997,19.4161667459352,53.594
"Botswana","BW","BWA",1996,19.3513342543129,54.284
"Botswana","BW","BWA",1995,19.3262401319681,54.713
"Botswana","BW","BWA",1994,19.339135557355,55.97
"Botswana","BW","BWA",1993,19.3799515338203,57.316
"Botswana","BW","BWA",1992,19.4490635200516,58.19
"Botswana","BW","BWA",1991,19.5468469747366,58.911
"Botswana","BW","BWA",1990,19.6736773565628,60.104
"Botswana","BW","BWA",1989,NA,61.189
"Botswana","BW","BWA",1988,NA,61.696
"Botswana","BW","BWA",1987,NA,62.837
"Botswana","BW","BWA",1986,NA,63.363
"Botswana","BW","BWA",1985,NA,63.647
"Botswana","BW","BWA",1984,NA,63.706
"Botswana","BW","BWA",1983,NA,63.605
"Botswana","BW","BWA",1982,NA,63.382
"Botswana","BW","BWA",1981,NA,63.027
"Botswana","BW","BWA",1980,NA,62.527
"Botswana","BW","BWA",1979,NA,62.035
"Botswana","BW","BWA",1978,NA,61.485
"Botswana","BW","BWA",1977,NA,60.867
"Botswana","BW","BWA",1976,NA,60.209
"Botswana","BW","BWA",1975,NA,59.53
"Botswana","BW","BWA",1974,NA,58.914
"Botswana","BW","BWA",1973,NA,58.286
"Botswana","BW","BWA",1972,NA,57.669
"Botswana","BW","BWA",1971,NA,57.062
"Botswana","BW","BWA",1970,NA,56.446
"Botswana","BW","BWA",1969,NA,55.903
"Botswana","BW","BWA",1968,NA,55.372
"Botswana","BW","BWA",1967,NA,54.859
"Botswana","BW","BWA",1966,NA,54.36
"Botswana","BW","BWA",1965,NA,53.853
"Botswana","BW","BWA",1964,NA,53.358
"Botswana","BW","BWA",1963,NA,52.848
"Botswana","BW","BWA",1962,NA,52.313
"Botswana","BW","BWA",1961,NA,51.781
"Botswana","BW","BWA",1960,NA,51.22
"Brazil","BR","BRA",2023,NA,75.848
"Brazil","BR","BRA",2022,NA,74.872
"Brazil","BR","BRA",2021,NA,73.038
"Brazil","BR","BRA",2020,12.1793252040724,74.506
"Brazil","BR","BRA",2019,12.3488400923542,75.809
"Brazil","BR","BRA",2018,12.2516401526844,75.633
"Brazil","BR","BRA",2017,12.2193388464901,75.383
"Brazil","BR","BRA",2016,12.1085038135727,75.081
"Brazil","BR","BRA",2015,12.4042007642389,75.106
"Brazil","BR","BRA",2014,13.7916487838641,74.823
"Brazil","BR","BRA",2013,13.8897320409453,74.609
"Brazil","BR","BRA",2012,14.6007414104339,74.335
"Brazil","BR","BRA",2011,15.539471795948,74.047
"Brazil","BR","BRA",2010,14.9274921822751,73.779
"Brazil","BR","BRA",2009,14.8598600083774,73.457
"Brazil","BR","BRA",2008,14.9351326747822,73.111
"Brazil","BR","BRA",2007,15.0873086360928,72.73
"Brazil","BR","BRA",2006,15.2503863469125,72.296
"Brazil","BR","BRA",2005,15.3583642618445,71.832
"Brazil","BR","BRA",2004,15.4163508003501,71.361
"Brazil","BR","BRA",2003,15.4707715670693,70.884
"Brazil","BR","BRA",2002,15.5176007943732,70.396
"Brazil","BR","BRA",2001,15.5528127146329,69.98
"Brazil","BR","BRA",2000,15.5723815602196,69.584
"Brazil","BR","BRA",1999,15.5777824502452,69.211
"Brazil","BR","BRA",1998,15.5741658176334,68.848
"Brazil","BR","BRA",1997,15.563018865473,68.505
"Brazil","BR","BRA",1996,15.5458287968527,68.108
"Brazil","BR","BRA",1995,15.5240828148613,67.701
"Brazil","BR","BRA",1994,15.4995732212737,67.293
"Brazil","BR","BRA",1993,15.4723737966713,66.892
"Brazil","BR","BRA",1992,15.4413939623529,66.539
"Brazil","BR","BRA",1991,15.4055431396169,66.203
"Brazil","BR","BRA",1990,15.3637307497621,65.862
"Brazil","BR","BRA",1989,NA,65.514
"Brazil","BR","BRA",1988,NA,65.161
"Brazil","BR","BRA",1987,NA,64.785
"Brazil","BR","BRA",1986,NA,64.389
"Brazil","BR","BRA",1985,NA,63.98
"Brazil","BR","BRA",1984,NA,63.553
"Brazil","BR","BRA",1983,NA,63.133
"Brazil","BR","BRA",1982,NA,62.708
"Brazil","BR","BRA",1981,NA,62.267
"Brazil","BR","BRA",1980,NA,61.819
"Brazil","BR","BRA",1979,NA,61.365
"Brazil","BR","BRA",1978,NA,60.922
"Brazil","BR","BRA",1977,NA,60.461
"Brazil","BR","BRA",1976,NA,60.007
"Brazil","BR","BRA",1975,NA,59.556
"Brazil","BR","BRA",1974,NA,59.081
"Brazil","BR","BRA",1973,NA,58.681
"Brazil","BR","BRA",1972,NA,58.255
"Brazil","BR","BRA",1971,NA,57.786
"Brazil","BR","BRA",1970,NA,57.338
"Brazil","BR","BRA",1969,NA,56.898
"Brazil","BR","BRA",1968,NA,56.47
"Brazil","BR","BRA",1967,NA,56.016
"Brazil","BR","BRA",1966,NA,55.625
"Brazil","BR","BRA",1965,NA,55.243
"Brazil","BR","BRA",1964,NA,54.848
"Brazil","BR","BRA",1963,NA,54.452
"Brazil","BR","BRA",1962,NA,54.017
"Brazil","BR","BRA",1961,NA,53.594
"Brazil","BR","BRA",1960,NA,53.162
"British Virgin Islands","VG","VGB",2023,NA,77.276
"British Virgin Islands","VG","VGB",2022,NA,77.177
"British Virgin Islands","VG","VGB",2021,NA,75.297
"British Virgin Islands","VG","VGB",2020,NA,76.894
"British Virgin Islands","VG","VGB",2019,NA,76.845
"British Virgin Islands","VG","VGB",2018,NA,76.728
"British Virgin Islands","VG","VGB",2017,NA,75.67
"British Virgin Islands","VG","VGB",2016,NA,76.624
"British Virgin Islands","VG","VGB",2015,NA,76.558
"British Virgin Islands","VG","VGB",2014,NA,76.527
"British Virgin Islands","VG","VGB",2013,NA,76.472
"British Virgin Islands","VG","VGB",2012,NA,76.433
"British Virgin Islands","VG","VGB",2011,NA,76.363
"British Virgin Islands","VG","VGB",2010,NA,76.289
"British Virgin Islands","VG","VGB",2009,NA,76.205
"British Virgin Islands","VG","VGB",2008,NA,76.07
"British Virgin Islands","VG","VGB",2007,NA,75.893
"British Virgin Islands","VG","VGB",2006,NA,75.745
"British Virgin Islands","VG","VGB",2005,NA,75.569
"British Virgin Islands","VG","VGB",2004,NA,75.404
"British Virgin Islands","VG","VGB",2003,NA,75.183
"British Virgin Islands","VG","VGB",2002,NA,74.971
"British Virgin Islands","VG","VGB",2001,NA,74.831
"British Virgin Islands","VG","VGB",2000,NA,74.753
"British Virgin Islands","VG","VGB",1999,NA,74.652
"British Virgin Islands","VG","VGB",1998,NA,74.569
"British Virgin Islands","VG","VGB",1997,NA,74.469
"British Virgin Islands","VG","VGB",1996,NA,74.341
"British Virgin Islands","VG","VGB",1995,NA,74.089
"British Virgin Islands","VG","VGB",1994,NA,73.794
"British Virgin Islands","VG","VGB",1993,NA,73.431
"British Virgin Islands","VG","VGB",1992,NA,73.109
"British Virgin Islands","VG","VGB",1991,NA,72.75
"British Virgin Islands","VG","VGB",1990,NA,72.392
"British Virgin Islands","VG","VGB",1989,NA,72.038
"British Virgin Islands","VG","VGB",1988,NA,71.763
"British Virgin Islands","VG","VGB",1987,NA,71.492
"British Virgin Islands","VG","VGB",1986,NA,71.252
"British Virgin Islands","VG","VGB",1985,NA,70.987
"British Virgin Islands","VG","VGB",1984,NA,70.711
"British Virgin Islands","VG","VGB",1983,NA,70.374
"British Virgin Islands","VG","VGB",1982,NA,70.138
"British Virgin Islands","VG","VGB",1981,NA,69.906
"British Virgin Islands","VG","VGB",1980,NA,69.645
"British Virgin Islands","VG","VGB",1979,NA,69.315
"British Virgin Islands","VG","VGB",1978,NA,69.028
"British Virgin Islands","VG","VGB",1977,NA,68.68
"British Virgin Islands","VG","VGB",1976,NA,68.408
"British Virgin Islands","VG","VGB",1975,NA,68.069
"British Virgin Islands","VG","VGB",1974,NA,67.652
"British Virgin Islands","VG","VGB",1973,NA,67.191
"British Virgin Islands","VG","VGB",1972,NA,66.899
"British Virgin Islands","VG","VGB",1971,NA,66.665
"British Virgin Islands","VG","VGB",1970,NA,66.407
"British Virgin Islands","VG","VGB",1969,NA,66.245
"British Virgin Islands","VG","VGB",1968,NA,66.022
"British Virgin Islands","VG","VGB",1967,NA,65.857
"British Virgin Islands","VG","VGB",1966,NA,65.496
"British Virgin Islands","VG","VGB",1965,NA,65.149
"British Virgin Islands","VG","VGB",1964,NA,64.757
"British Virgin Islands","VG","VGB",1963,NA,64.313
"British Virgin Islands","VG","VGB",1962,NA,63.828
"British Virgin Islands","VG","VGB",1961,NA,63.274
"British Virgin Islands","VG","VGB",1960,NA,62.709
"Brunei Darussalam","BN","BRN",2023,NA,75.327
"Brunei Darussalam","BN","BRN",2022,NA,72.917
"Brunei Darussalam","BN","BRN",2021,NA,74.869
"Brunei Darussalam","BN","BRN",2020,7.59726503432135,75.114
"Brunei Darussalam","BN","BRN",2019,7.94585811311948,75.049
"Brunei Darussalam","BN","BRN",2018,7.49485587718805,74.992
"Brunei Darussalam","BN","BRN",2017,7.23064895379441,74.943
"Brunei Darussalam","BN","BRN",2016,7.70809372713425,74.905
"Brunei Darussalam","BN","BRN",2015,7.76801290951484,74.88
"Brunei Darussalam","BN","BRN",2014,8.03840256929202,74.862
"Brunei Darussalam","BN","BRN",2013,7.81045226819353,74.854
"Brunei Darussalam","BN","BRN",2012,7.64174071359111,74.843
"Brunei Darussalam","BN","BRN",2011,7.22534325195967,74.835
"Brunei Darussalam","BN","BRN",2010,6.28886801670278,74.82
"Brunei Darussalam","BN","BRN",2009,6.36993412664528,74.814
"Brunei Darussalam","BN","BRN",2008,6.57132380756337,74.814
"Brunei Darussalam","BN","BRN",2007,6.82039311579094,74.793
"Brunei Darussalam","BN","BRN",2006,7.04449810766191,74.753
"Brunei Darussalam","BN","BRN",2005,7.17099483951018,74.683
"Brunei Darussalam","BN","BRN",2004,7.19861779286489,74.603
"Brunei Darussalam","BN","BRN",2003,7.18894518991816,74.509
"Brunei Darussalam","BN","BRN",2002,7.16359869799834,74.365
"Brunei Darussalam","BN","BRN",2001,7.14419998443377,74.209
"Brunei Darussalam","BN","BRN",2000,7.15237071655279,74.017
"Brunei Darussalam","BN","BRN",1999,7.18503943954583,73.806
"Brunei Darussalam","BN","BRN",1998,7.22607224992658,73.584
"Brunei Darussalam","BN","BRN",1997,7.27749714200834,73.326
"Brunei Darussalam","BN","BRN",1996,7.34134211010436,73.079
"Brunei Darussalam","BN","BRN",1995,7.41963514852792,72.838
"Brunei Darussalam","BN","BRN",1994,7.53236054375453,72.571
"Brunei Darussalam","BN","BRN",1993,7.69242320894169,72.333
"Brunei Darussalam","BN","BRN",1992,7.89123207842562,72.09
"Brunei Darussalam","BN","BRN",1991,8.12019608654256,71.858
"Brunei Darussalam","BN","BRN",1990,8.37072416762873,71.629
"Brunei Darussalam","BN","BRN",1989,NA,71.408
"Brunei Darussalam","BN","BRN",1988,NA,71.183
"Brunei Darussalam","BN","BRN",1987,NA,70.982
"Brunei Darussalam","BN","BRN",1986,NA,70.762
"Brunei Darussalam","BN","BRN",1985,NA,70.499
"Brunei Darussalam","BN","BRN",1984,NA,70.236
"Brunei Darussalam","BN","BRN",1983,NA,69.991
"Brunei Darussalam","BN","BRN",1982,NA,69.669
"Brunei Darussalam","BN","BRN",1981,NA,69.344
"Brunei Darussalam","BN","BRN",1980,NA,69.014
"Brunei Darussalam","BN","BRN",1979,NA,68.642
"Brunei Darussalam","BN","BRN",1978,NA,68.258
"Brunei Darussalam","BN","BRN",1977,NA,67.833
"Brunei Darussalam","BN","BRN",1976,NA,67.411
"Brunei Darussalam","BN","BRN",1975,NA,66.95
"Brunei Darussalam","BN","BRN",1974,NA,66.442
"Brunei Darussalam","BN","BRN",1973,NA,65.95
"Brunei Darussalam","BN","BRN",1972,NA,65.447
"Brunei Darussalam","BN","BRN",1971,NA,64.975
"Brunei Darussalam","BN","BRN",1970,NA,64.49
"Brunei Darussalam","BN","BRN",1969,NA,63.963
"Brunei Darussalam","BN","BRN",1968,NA,63.47
"Brunei Darussalam","BN","BRN",1967,NA,62.909
"Brunei Darussalam","BN","BRN",1966,NA,62.401
"Brunei Darussalam","BN","BRN",1965,NA,61.721
"Brunei Darussalam","BN","BRN",1964,NA,61.267
"Brunei Darussalam","BN","BRN",1963,NA,60.625
"Brunei Darussalam","BN","BRN",1962,NA,58.824
"Brunei Darussalam","BN","BRN",1961,NA,59.387
"Brunei Darussalam","BN","BRN",1960,NA,58.721
"Bulgaria","BG","BGR",2023,NA,75.7560975609756
"Bulgaria","BG","BGR",2022,NA,74.1609756097561
"Bulgaria","BG","BGR",2021,NA,71.2121951219512
"Bulgaria","BG","BGR",2020,17.1474236131426,73.3560975609756
"Bulgaria","BG","BGR",2019,17.5380256575647,75.1121951219512
"Bulgaria","BG","BGR",2018,19.7159830127087,74.9634146341464
"Bulgaria","BG","BGR",2017,20.0337858184501,74.8146341463415
"Bulgaria","BG","BGR",2016,19.979167405734,74.8121951219512
"Bulgaria","BG","BGR",2015,20.7936901250081,74.6146341463415
"Bulgaria","BG","BGR",2014,21.9921500133613,74.4658536585366
"Bulgaria","BG","BGR",2013,21.490052956786,74.8609756097561
"Bulgaria","BG","BGR",2012,23.0863811610061,74.3146341463415
"Bulgaria","BG","BGR",2011,26.1914143794342,74.1634146341463
"Bulgaria","BG","BGR",2010,22.9310518892306,73.5121951219512
"Bulgaria","BG","BGR",2009,23.2099399887774,73.4121951219512
"Bulgaria","BG","BGR",2008,23.8749930848315,72.9634146341463
"Bulgaria","BG","BGR",2007,24.6687943735139,72.6634146341463
"Bulgaria","BG","BGR",2006,25.3339270509453,72.6121951219512
"Bulgaria","BG","BGR",2005,25.6129743132466,72.5609756097561
"Bulgaria","BG","BGR",2004,25.5676821490025,72.5634146341463
"Bulgaria","BG","BGR",2003,25.4532398256574,72.0658536585366
"Bulgaria","BG","BGR",2002,25.3023954576219,71.8658536585366
"Bulgaria","BG","BGR",2001,25.1478971593063,71.7682926829268
"Bulgaria","BG","BGR",2000,25.0224930451213,71.6634146341463
"Bulgaria","BG","BGR",1999,24.9677428597056,71.4121951219512
"Bulgaria","BG","BGR",1998,24.998856540172,71.0609756097561
"Bulgaria","BG","BGR",1997,25.1090574896419,70.3512195121951
"Bulgaria","BG","BGR",1996,25.2915691112369,70.8973170731707
"Bulgaria","BG","BGR",1995,25.5396148080782,71.0534146341463
"Bulgaria","BG","BGR",1994,25.8292565568492,71.2087804878049
"Bulgaria","BG","BGR",1993,26.1431903388462,71.3468292682927
"Bulgaria","BG","BGR",1992,26.48459056411,71.4943902439024
"Bulgaria","BG","BGR",1991,26.8566316426817,71.5609756097561
"Bulgaria","BG","BGR",1990,27.2624879846021,71.6414634146342
"Bulgaria","BG","BGR",1989,NA,71.7224390243903
"Bulgaria","BG","BGR",1988,NA,71.6043902439024
"Bulgaria","BG","BGR",1987,NA,71.5268292682927
"Bulgaria","BG","BGR",1986,NA,71.7307317073171
"Bulgaria","BG","BGR",1985,NA,71.2280487804878
"Bulgaria","BG","BGR",1984,NA,71.499756097561
"Bulgaria","BG","BGR",1983,NA,71.3863414634146
"Bulgaria","BG","BGR",1982,NA,71.1860975609756
"Bulgaria","BG","BGR",1981,NA,71.5719512195122
"Bulgaria","BG","BGR",1980,NA,71.1575609756098
"Bulgaria","BG","BGR",1979,NA,71.3082926829268
"Bulgaria","BG","BGR",1978,NA,71.1846341463415
"Bulgaria","BG","BGR",1977,NA,70.8160975609756
"Bulgaria","BG","BGR",1976,NA,71.3948780487805
"Bulgaria","BG","BGR",1975,NA,71.049756097561
"Bulgaria","BG","BGR",1974,NA,71.2080487804878
"Bulgaria","BG","BGR",1973,NA,71.3421951219512
"Bulgaria","BG","BGR",1972,NA,70.899512195122
"Bulgaria","BG","BGR",1971,NA,70.8736585365854
"Bulgaria","BG","BGR",1970,NA,71.2563414634146
"Bulgaria","BG","BGR",1969,NA,70.43
"Bulgaria","BG","BGR",1968,NA,71.2251219512195
"Bulgaria","BG","BGR",1967,NA,70.4139024390244
"Bulgaria","BG","BGR",1966,NA,71.2234146341464
"Bulgaria","BG","BGR",1965,NA,71.2939024390244
"Bulgaria","BG","BGR",1964,NA,71.1212195121951
"Bulgaria","BG","BGR",1963,NA,70.3092682926829
"Bulgaria","BG","BGR",1962,NA,69.4919512195122
"Bulgaria","BG","BGR",1961,NA,70.1956097560976
"Bulgaria","BG","BGR",1960,NA,69.2475609756098
"Burkina Faso","BF","BFA",2023,NA,61.092
"Burkina Faso","BF","BFA",2022,NA,60.7
"Burkina Faso","BF","BFA",2021,NA,60.046
"Burkina Faso","BF","BFA",2020,58.4706762025055,60.454
"Burkina Faso","BF","BFA",2019,50.7057233570721,60.184
"Burkina Faso","BF","BFA",2018,58.1036119011901,59.972
"Burkina Faso","BF","BFA",2017,60.3100692778775,59.578
"Burkina Faso","BF","BFA",2016,66.0917117316937,59.173
"Burkina Faso","BF","BFA",2015,71.873244459767,58.778
"Burkina Faso","BF","BFA",2014,49.9195641760489,58.331
"Burkina Faso","BF","BFA",2013,48.6056903850732,57.903
"Burkina Faso","BF","BFA",2012,61.7629044746867,57.457
"Burkina Faso","BF","BFA",2011,55.571613014377,57.001
"Burkina Faso","BF","BFA",2010,58.9472546424185,56.343
"Burkina Faso","BF","BFA",2009,59.8941192861613,55.791
"Burkina Faso","BF","BFA",2008,60.5949708835501,55.199
"Burkina Faso","BF","BFA",2007,61.0944586765371,54.377
"Burkina Faso","BF","BFA",2006,61.4372319070742,53.784
"Burkina Faso","BF","BFA",2005,61.6679398171137,53.271
"Burkina Faso","BF","BFA",2004,61.8643241754484,52.6
"Burkina Faso","BF","BFA",2003,62.0579085352073,51.959
"Burkina Faso","BF","BFA",2002,62.2240148148469,51.447
"Burkina Faso","BF","BFA",2001,62.3379649328232,51.188
"Burkina Faso","BF","BFA",2000,62.3750808075926,50.808
"Burkina Faso","BF","BFA",1999,61.3464590756929,50.463
"Burkina Faso","BF","BFA",1998,58.9073697728157,50.163
"Burkina Faso","BF","BFA",1997,55.9993949161481,49.56
"Burkina Faso","BF","BFA",1996,53.564116522877,49.693
"Burkina Faso","BF","BFA",1995,52.5431166101896,49.554
"Burkina Faso","BF","BFA",1994,52.6416840677096,49.469
"Burkina Faso","BF","BFA",1993,53.0209999693098,49.412
"Burkina Faso","BF","BFA",1992,53.8064846085499,49.378
"Burkina Faso","BF","BFA",1991,55.1235582789898,49.33
"Burkina Faso","BF","BFA",1990,57.0976412741895,49.315
"Burkina Faso","BF","BFA",1989,NA,49.27
"Burkina Faso","BF","BFA",1988,NA,49.215
"Burkina Faso","BF","BFA",1987,NA,49.097
"Burkina Faso","BF","BFA",1986,NA,48.987
"Burkina Faso","BF","BFA",1985,NA,48.748
"Burkina Faso","BF","BFA",1984,NA,48.464
"Burkina Faso","BF","BFA",1983,NA,48.061
"Burkina Faso","BF","BFA",1982,NA,47.633
"Burkina Faso","BF","BFA",1981,NA,46.866
"Burkina Faso","BF","BFA",1980,NA,46.465
"Burkina Faso","BF","BFA",1979,NA,45.702
"Burkina Faso","BF","BFA",1978,NA,44.995
"Burkina Faso","BF","BFA",1977,NA,44.167
"Burkina Faso","BF","BFA",1976,NA,43.327
"Burkina Faso","BF","BFA",1975,NA,42.486
"Burkina Faso","BF","BFA",1974,NA,41.711
"Burkina Faso","BF","BFA",1973,NA,40.947
"Burkina Faso","BF","BFA",1972,NA,40.399
"Burkina Faso","BF","BFA",1971,NA,39.853
"Burkina Faso","BF","BFA",1970,NA,39.54
"Burkina Faso","BF","BFA",1969,NA,39.023
"Burkina Faso","BF","BFA",1968,NA,38.76
"Burkina Faso","BF","BFA",1967,NA,38.432
"Burkina Faso","BF","BFA",1966,NA,38.091
"Burkina Faso","BF","BFA",1965,NA,37.758
"Burkina Faso","BF","BFA",1964,NA,37.399
"Burkina Faso","BF","BFA",1963,NA,37.093
"Burkina Faso","BF","BFA",1962,NA,36.753
"Burkina Faso","BF","BFA",1961,NA,36.361
"Burkina Faso","BF","BFA",1960,NA,36.074
"Burundi","BI","BDI",2023,NA,63.651
"Burundi","BI","BDI",2022,NA,62.882
"Burundi","BI","BDI",2021,NA,62.101
"Burundi","BI","BDI",2020,29.6541345084659,62.569
"Burundi","BI","BDI",2019,28.7747369895123,62.18
"Burundi","BI","BDI",2018,28.3384994863636,61.806
"Burundi","BI","BDI",2017,29.3039698472733,61.345
"Burundi","BI","BDI",2016,30.7630623664928,60.789
"Burundi","BI","BDI",2015,30.120746318795,60.107
"Burundi","BI","BDI",2014,31.2135166042476,59.764
"Burundi","BI","BDI",2013,29.7513341993496,59.179
"Burundi","BI","BDI",2012,30.6146104955934,58.501
"Burundi","BI","BDI",2011,30.469165919309,57.804
"Burundi","BI","BDI",2010,29.441963936206,57.088
"Burundi","BI","BDI",2009,29.3675751299931,56.422
"Burundi","BI","BDI",2008,29.3201159719253,55.581
"Burundi","BI","BDI",2007,29.2950472941046,54.832
"Burundi","BI","BDI",2006,29.2878299286332,53.962
"Burundi","BI","BDI",2005,29.2939247076132,53.053
"Burundi","BI","BDI",2004,29.4125346425656,52.217
"Burundi","BI","BDI",2003,29.6795256967738,50.997
"Burundi","BI","BDI",2002,29.9953531299826,49.924
"Burundi","BI","BDI",2001,30.2604722019372,48.509
"Burundi","BI","BDI",2000,30.3753381723827,47.617
"Burundi","BI","BDI",1999,30.3339528264481,47.627
"Burundi","BI","BDI",1998,30.2231432374492,46.678
"Burundi","BI","BDI",1997,30.082602597411,45.721
"Burundi","BI","BDI",1996,29.9520240983583,44.807
"Burundi","BI","BDI",1995,29.871100932316,44.589
"Burundi","BI","BDI",1994,29.813899620573,44.515
"Burundi","BI","BDI",1993,29.7329987258729,37.221
"Burundi","BI","BDI",1992,29.6358595024233,44.469
"Burundi","BI","BDI",1991,29.5299432044316,44.66
"Burundi","BI","BDI",1990,29.4227110861053,45.184
"Burundi","BI","BDI",1989,NA,45.745
"Burundi","BI","BDI",1988,NA,42.889
"Burundi","BI","BDI",1987,NA,47.066
"Burundi","BI","BDI",1986,NA,47.402
"Burundi","BI","BDI",1985,NA,47.662
"Burundi","BI","BDI",1984,NA,47.687
"Burundi","BI","BDI",1983,NA,47.433
"Burundi","BI","BDI",1982,NA,47.012
"Burundi","BI","BDI",1981,NA,46.412
"Burundi","BI","BDI",1980,NA,45.731
"Burundi","BI","BDI",1979,NA,45.038
"Burundi","BI","BDI",1978,NA,44.404
"Burundi","BI","BDI",1977,NA,43.97
"Burundi","BI","BDI",1976,NA,43.691
"Burundi","BI","BDI",1975,NA,43.445
"Burundi","BI","BDI",1974,NA,43.337
"Burundi","BI","BDI",1973,NA,37.409
"Burundi","BI","BDI",1972,NA,25.777
"Burundi","BI","BDI",1971,NA,43.172
"Burundi","BI","BDI",1970,NA,43.225
"Burundi","BI","BDI",1969,NA,43
"Burundi","BI","BDI",1968,NA,43.405
"Burundi","BI","BDI",1967,NA,43.332
"Burundi","BI","BDI",1966,NA,43.529
"Burundi","BI","BDI",1965,NA,41.844
"Burundi","BI","BDI",1964,NA,43.601
"Burundi","BI","BDI",1963,NA,43.559
"Burundi","BI","BDI",1962,NA,43.492
"Burundi","BI","BDI",1961,NA,43.364
"Burundi","BI","BDI",1960,NA,43.262
"Cabo Verde","CV","CPV",2023,NA,76.059
"Cabo Verde","CV","CPV",2022,NA,75.907
"Cabo Verde","CV","CPV",2021,NA,74.424
"Cabo Verde","CV","CPV",2020,42.3225220905558,73.818
"Cabo Verde","CV","CPV",2019,39.3519135244555,75.449
"Cabo Verde","CV","CPV",2018,31.7384229474609,74.84
"Cabo Verde","CV","CPV",2017,53.8692623569653,74.71
"Cabo Verde","CV","CPV",2016,43.0314900855625,74.35
"Cabo Verde","CV","CPV",2015,51.4204136901671,74.096
"Cabo Verde","CV","CPV",2014,31.3508458881205,73.788
"Cabo Verde","CV","CPV",2013,36.414675879692,73.481
"Cabo Verde","CV","CPV",2012,51.1112334865799,73.315
"Cabo Verde","CV","CPV",2011,42.201991220723,72.913
"Cabo Verde","CV","CPV",2010,24.9227591294962,72.507
"Cabo Verde","CV","CPV",2009,25.71385632101,72.142
"Cabo Verde","CV","CPV",2008,27.7442201959867,71.888
"Cabo Verde","CV","CPV",2007,30.4994592050793,71.487
"Cabo Verde","CV","CPV",2006,33.4651817989408,71.341
"Cabo Verde","CV","CPV",2005,36.1269964282243,70.936
"Cabo Verde","CV","CPV",2004,38.9033366143938,70.499
"Cabo Verde","CV","CPV",2003,42.1421586131377,70.006
"Cabo Verde","CV","CPV",2002,45.2233549764447,69.447
"Cabo Verde","CV","CPV",2001,47.5268182563037,68.707
"Cabo Verde","CV","CPV",2000,48.4324410047037,68.117
"Cabo Verde","CV","CPV",1999,47.8358070641274,67.409
"Cabo Verde","CV","CPV",1998,46.4124660074737,66.714
"Cabo Verde","CV","CPV",1997,44.7122589823549,66.082
"Cabo Verde","CV","CPV",1996,43.2850271363834,65.521
"Cabo Verde","CV","CPV",1995,42.6806116171718,63.691
"Cabo Verde","CV","CPV",1994,42.6744325717512,64.648
"Cabo Verde","CV","CPV",1993,42.6853899156113,64.458
"Cabo Verde","CV","CPV",1992,42.7285444490528,64.253
"Cabo Verde","CV","CPV",1991,42.818956972376,64.066
"Cabo Verde","CV","CPV",1990,42.9716882858813,63.869
"Cabo Verde","CV","CPV",1989,NA,63.566
"Cabo Verde","CV","CPV",1988,NA,63.242
"Cabo Verde","CV","CPV",1987,NA,62.91
"Cabo Verde","CV","CPV",1986,NA,62.584
"Cabo Verde","CV","CPV",1985,NA,62.281
"Cabo Verde","CV","CPV",1984,NA,61.829
"Cabo Verde","CV","CPV",1983,NA,61.767
"Cabo Verde","CV","CPV",1982,NA,61.519
"Cabo Verde","CV","CPV",1981,NA,61.299
"Cabo Verde","CV","CPV",1980,NA,61.031
"Cabo Verde","CV","CPV",1979,NA,60.726
"Cabo Verde","CV","CPV",1978,NA,60.381
"Cabo Verde","CV","CPV",1977,NA,59.986
"Cabo Verde","CV","CPV",1976,NA,59.396
"Cabo Verde","CV","CPV",1975,NA,58.976
"Cabo Verde","CV","CPV",1974,NA,58.432
"Cabo Verde","CV","CPV",1973,NA,57.979
"Cabo Verde","CV","CPV",1972,NA,57.486
"Cabo Verde","CV","CPV",1971,NA,57.027
"Cabo Verde","CV","CPV",1970,NA,56.559
"Cabo Verde","CV","CPV",1969,NA,56.038
"Cabo Verde","CV","CPV",1968,NA,55.426
"Cabo Verde","CV","CPV",1967,NA,54.716
"Cabo Verde","CV","CPV",1966,NA,53.922
"Cabo Verde","CV","CPV",1965,NA,53.04
"Cabo Verde","CV","CPV",1964,NA,52.089
"Cabo Verde","CV","CPV",1963,NA,51.145
"Cabo Verde","CV","CPV",1962,NA,50.239
"Cabo Verde","CV","CPV",1961,NA,49.419
"Cabo Verde","CV","CPV",1960,NA,48.713
"Cambodia","KH","KHM",2023,NA,70.668
"Cambodia","KH","KHM",2022,NA,70.528
"Cambodia","KH","KHM",2021,NA,69.301
"Cambodia","KH","KHM",2020,24.1436022803452,70.059
"Cambodia","KH","KHM",2019,22.9738017157091,70.127
"Cambodia","KH","KHM",2018,22.9919425508182,69.993
"Cambodia","KH","KHM",2017,20.7075312769695,69.842
"Cambodia","KH","KHM",2016,22.4071810127085,69.635
"Cambodia","KH","KHM",2015,21.599028896344,69.398
"Cambodia","KH","KHM",2014,22.1052880421246,69.117
"Cambodia","KH","KHM",2013,25.7785023524529,68.755
"Cambodia","KH","KHM",2012,22.9965791117395,68.371
"Cambodia","KH","KHM",2011,21.6807107694691,67.869
"Cambodia","KH","KHM",2010,24.8224340951565,67.311
"Cambodia","KH","KHM",2009,26.427137256084,66.747
"Cambodia","KH","KHM",2008,27.7883527366484,66.147
"Cambodia","KH","KHM",2007,28.8642622907811,65.549
"Cambodia","KH","KHM",2006,29.6130476724133,64.886
"Cambodia","KH","KHM",2005,29.9928906354765,64.113
"Cambodia","KH","KHM",2004,30.1032587946087,63.256
"Cambodia","KH","KHM",2003,30.098509540539,62.345
"Cambodia","KH","KHM",2002,30.0191592913356,61.395
"Cambodia","KH","KHM",2001,29.9057244650667,60.457
"Cambodia","KH","KHM",2000,29.7987214798005,59.491
"Cambodia","KH","KHM",1999,29.6513161446122,58.611
"Cambodia","KH","KHM",1998,29.4360255971778,57.859
"Cambodia","KH","KHM",1997,29.2223932484673,57.266
"Cambodia","KH","KHM",1996,29.0799625094503,56.832
"Cambodia","KH","KHM",1995,29.0782767910967,56.562
"Cambodia","KH","KHM",1994,29.2316852285209,56.221
"Cambodia","KH","KHM",1993,29.5001227363802,56.036
"Cambodia","KH","KHM",1992,29.8715113949586,55.747
"Cambodia","KH","KHM",1991,30.3337732845403,55.582
"Cambodia","KH","KHM",1990,30.8748304854093,55.205
"Cambodia","KH","KHM",1989,NA,54.768
"Cambodia","KH","KHM",1988,NA,54.433
"Cambodia","KH","KHM",1987,NA,53.674
"Cambodia","KH","KHM",1986,NA,51.555
"Cambodia","KH","KHM",1985,NA,50.799
"Cambodia","KH","KHM",1984,NA,50.089
"Cambodia","KH","KHM",1983,NA,49.383
"Cambodia","KH","KHM",1982,NA,48.755
"Cambodia","KH","KHM",1981,NA,48.035
"Cambodia","KH","KHM",1980,NA,47.498
"Cambodia","KH","KHM",1979,NA,41.072
"Cambodia","KH","KHM",1978,NA,11.573
"Cambodia","KH","KHM",1977,NA,11.295
"Cambodia","KH","KHM",1976,NA,11.632
"Cambodia","KH","KHM",1975,NA,12.784
"Cambodia","KH","KHM",1974,NA,39.296
"Cambodia","KH","KHM",1973,NA,39.078
"Cambodia","KH","KHM",1972,NA,38.909
"Cambodia","KH","KHM",1971,NA,38.7
"Cambodia","KH","KHM",1970,NA,38.628
"Cambodia","KH","KHM",1969,NA,45.935
"Cambodia","KH","KHM",1968,NA,45.586
"Cambodia","KH","KHM",1967,NA,45.193
"Cambodia","KH","KHM",1966,NA,44.948
"Cambodia","KH","KHM",1965,NA,44.497
"Cambodia","KH","KHM",1964,NA,44.044
"Cambodia","KH","KHM",1963,NA,43.612
"Cambodia","KH","KHM",1962,NA,43.079
"Cambodia","KH","KHM",1961,NA,42.588
"Cambodia","KH","KHM",1960,NA,42.134
"Cameroon","CM","CMR",2023,NA,63.7
"Cameroon","CM","CMR",2022,NA,62.443
"Cameroon","CM","CMR",2021,NA,61.146
"Cameroon","CM","CMR",2020,39.8126251004519,61.674
"Cameroon","CM","CMR",2019,40.7355761870464,61.695
"Cameroon","CM","CMR",2018,40.8875596706757,61.189
"Cameroon","CM","CMR",2017,43.2149077099804,60.817
"Cameroon","CM","CMR",2016,44.7692534342126,60.293
"Cameroon","CM","CMR",2015,51.9499452409616,59.687
"Cameroon","CM","CMR",2014,37.009069026736,59.13
"Cameroon","CM","CMR",2013,37.1006966036381,58.73
"Cameroon","CM","CMR",2012,41.8537414482327,58.17
"Cameroon","CM","CMR",2011,38.5923305752451,57.482
"Cameroon","CM","CMR",2010,39.0423790568413,56.965
"Cameroon","CM","CMR",2009,39.2672384154914,56.486
"Cameroon","CM","CMR",2008,39.4591797131676,56.116
"Cameroon","CM","CMR",2007,39.6581260562121,55.71
"Cameroon","CM","CMR",2006,39.9040005509672,55.301
"Cameroon","CM","CMR",2005,40.2367263037752,54.904
"Cameroon","CM","CMR",2004,41.0621212442889,54.578
"Cameroon","CM","CMR",2003,42.4671529656498,54.253
"Cameroon","CM","CMR",2002,44.0134690694333,53.922
"Cameroon","CM","CMR",2001,45.2627171572148,53.598
"Cameroon","CM","CMR",2000,45.7765448305697,53.338
"Cameroon","CM","CMR",1999,45.1559275353687,53.166
"Cameroon","CM","CMR",1998,43.6759939852741,53.043
"Cameroon","CM","CMR",1997,41.9096216835482,53.105
"Cameroon","CM","CMR",1996,40.4296881334536,53.2
"Cameroon","CM","CMR",1995,39.8090708382526,53.347
"Cameroon","CM","CMR",1994,39.9327292280634,53.537
"Cameroon","CM","CMR",1993,40.3365731317479,53.872
"Cameroon","CM","CMR",1992,41.0699056506839,54.053
"Cameroon","CM","CMR",1991,42.1820298862494,54.168
"Cameroon","CM","CMR",1990,43.7222489398224,54.348
"Cameroon","CM","CMR",1989,NA,54.389
"Cameroon","CM","CMR",1988,NA,54.359
"Cameroon","CM","CMR",1987,NA,54.188
"Cameroon","CM","CMR",1986,NA,53.572
"Cameroon","CM","CMR",1985,NA,53.465
"Cameroon","CM","CMR",1984,NA,52.886
"Cameroon","CM","CMR",1983,NA,52.447
"Cameroon","CM","CMR",1982,NA,51.801
"Cameroon","CM","CMR",1981,NA,51.227
"Cameroon","CM","CMR",1980,NA,50.852
"Cameroon","CM","CMR",1979,NA,50.535
"Cameroon","CM","CMR",1978,NA,50.319
"Cameroon","CM","CMR",1977,NA,50.13
"Cameroon","CM","CMR",1976,NA,50.017
"Cameroon","CM","CMR",1975,NA,49.891
"Cameroon","CM","CMR",1974,NA,49.734
"Cameroon","CM","CMR",1973,NA,49.517
"Cameroon","CM","CMR",1972,NA,49.12
"Cameroon","CM","CMR",1971,NA,48.577
"Cameroon","CM","CMR",1970,NA,47.954
"Cameroon","CM","CMR",1969,NA,47.191
"Cameroon","CM","CMR",1968,NA,46.389
"Cameroon","CM","CMR",1967,NA,45.602
"Cameroon","CM","CMR",1966,NA,44.839
"Cameroon","CM","CMR",1965,NA,44.175
"Cameroon","CM","CMR",1964,NA,43.596
"Cameroon","CM","CMR",1963,NA,43.074
"Cameroon","CM","CMR",1962,NA,42.599
"Cameroon","CM","CMR",1961,NA,35.186
"Cameroon","CM","CMR",1960,NA,34.667
"Canada","CA","CAN",2023,NA,81.6263414634146
"Canada","CA","CAN",2022,NA,81.0948780487805
"Canada","CA","CAN",2021,NA,81.4514634146342
"Canada","CA","CAN",2020,6.56566994375263,81.53
"Canada","CA","CAN",2019,6.22680169266749,82.1585365853659
"Canada","CA","CAN",2018,7.09175111254794,81.8036585365854
"Canada","CA","CAN",2017,7.04492025305158,81.8078048780488
"Canada","CA","CAN",2016,6.40675155079521,81.94
"Canada","CA","CAN",2015,7.11576183142395,81.8258536585366
"Canada","CA","CAN",2014,7.38092988336422,81.7843902439025
"Canada","CA","CAN",2013,7.26096632331949,81.7448780487805
"Canada","CA","CAN",2012,7.58558915249491,81.6636585365854
"Canada","CA","CAN",2011,7.37287638245787,81.4826829268293
"Canada","CA","CAN",2010,7.79521960926122,81.3221951219512
"Canada","CA","CAN",2009,8.21952738825148,81.0660975609756
"Canada","CA","CAN",2008,8.66701975000882,80.7246341463415
"Canada","CA","CAN",2007,9.08026235211045,80.5436585365854
"Canada","CA","CAN",2006,9.40182085213359,80.5436585365854
"Canada","CA","CAN",2005,9.57426090765544,80.1126829268293
"Canada","CA","CAN",2004,9.64158604337681,79.9921951219512
"Canada","CA","CAN",2003,9.69060887185911,79.7151219512195
"Canada","CA","CAN",2002,9.72810868247048,79.5307317073171
"Canada","CA","CAN",2001,9.76086476457905,79.3980487804878
"Canada","CA","CAN",2000,9.79565640755295,79.1668292682927
"Canada","CA","CAN",1999,9.86382646496894,78.8390243902439
"Canada","CA","CAN",1998,9.97521314589414,78.6236585365854
"Canada","CA","CAN",1997,10.1043387729322,78.4124390243903
"Canada","CA","CAN",1996,10.2257256686868,78.220243902439
"Canada","CA","CAN",1995,10.3138961557615,77.9773170731707
"Canada","CA","CAN",1994,10.3759789315703,77.8717073170732
"Canada","CA","CAN",1993,10.4337219113849,77.7048780487805
"Canada","CA","CAN",1992,10.483576244595,77.8380487804878
"Canada","CA","CAN",1991,10.5219930805906,77.5934146341464
"Canada","CA","CAN",1990,10.5454235687613,77.4365853658537
"Canada","CA","CAN",1989,NA,77.1248780487805
"Canada","CA","CAN",1988,NA,76.8587804878049
"Canada","CA","CAN",1987,NA,76.7787804878049
"Canada","CA","CAN",1986,NA,76.4639024390244
"Canada","CA","CAN",1985,NA,76.3273170731707
"Canada","CA","CAN",1984,NA,76.3319512195122
"Canada","CA","CAN",1983,NA,76.0604878048781
"Canada","CA","CAN",1982,NA,75.7251219512195
"Canada","CA","CAN",1981,NA,75.4978048780488
"Canada","CA","CAN",1980,NA,75.1021951219512
"Canada","CA","CAN",1979,NA,74.8663414634146
"Canada","CA","CAN",1978,NA,74.529756097561
"Canada","CA","CAN",1977,NA,74.2156097560976
"Canada","CA","CAN",1976,NA,73.8560975609756
"Canada","CA","CAN",1975,NA,73.5217073170732
"Canada","CA","CAN",1974,NA,73.2375609756098
"Canada","CA","CAN",1973,NA,73.1626829268293
"Canada","CA","CAN",1972,NA,72.9339024390244
"Canada","CA","CAN",1971,NA,73.0292682926829
"Canada","CA","CAN",1970,NA,72.7004878048781
"Canada","CA","CAN",1969,NA,72.5014634146341
"Canada","CA","CAN",1968,NA,72.3534146341463
"Canada","CA","CAN",1967,NA,72.2078048780488
"Canada","CA","CAN",1966,NA,72.0043902439024
"Canada","CA","CAN",1965,NA,71.8721951219512
"Canada","CA","CAN",1964,NA,71.7763414634146
"Canada","CA","CAN",1963,NA,71.3807317073171
"Canada","CA","CAN",1962,NA,71.3670731707317
"Canada","CA","CAN",1961,NA,71.3460975609756
"Canada","CA","CAN",1960,NA,71.1331707317073
"Cayman Islands","KY","CYM",2023,NA,80.358
"Cayman Islands","KY","CYM",2022,NA,79.984
"Cayman Islands","KY","CYM",2021,NA,79.3
"Cayman Islands","KY","CYM",2020,NA,79.23
"Cayman Islands","KY","CYM",2019,NA,79.052
"Cayman Islands","KY","CYM",2018,NA,78.835
"Cayman Islands","KY","CYM",2017,NA,78.615
"Cayman Islands","KY","CYM",2016,NA,78.367
"Cayman Islands","KY","CYM",2015,NA,78.119
"Cayman Islands","KY","CYM",2014,NA,77.865
"Cayman Islands","KY","CYM",2013,NA,77.652
"Cayman Islands","KY","CYM",2012,NA,77.121
"Cayman Islands","KY","CYM",2011,NA,76.562
"Cayman Islands","KY","CYM",2010,NA,76.069
"Cayman Islands","KY","CYM",2009,NA,75.671
"Cayman Islands","KY","CYM",2008,NA,75.386
"Cayman Islands","KY","CYM",2007,NA,75.152
"Cayman Islands","KY","CYM",2006,NA,75
"Cayman Islands","KY","CYM",2005,NA,74.863
"Cayman Islands","KY","CYM",2004,NA,74.596
"Cayman Islands","KY","CYM",2003,NA,74.639
"Cayman Islands","KY","CYM",2002,NA,74.609
"Cayman Islands","KY","CYM",2001,NA,74.529
"Cayman Islands","KY","CYM",2000,NA,74.378
"Cayman Islands","KY","CYM",1999,NA,74.232
"Cayman Islands","KY","CYM",1998,NA,74.08
"Cayman Islands","KY","CYM",1997,NA,73.904
"Cayman Islands","KY","CYM",1996,NA,73.74
"Cayman Islands","KY","CYM",1995,NA,73.597
"Cayman Islands","KY","CYM",1994,NA,73.42
"Cayman Islands","KY","CYM",1993,NA,73.25
"Cayman Islands","KY","CYM",1992,NA,73.088
"Cayman Islands","KY","CYM",1991,NA,72.911
"Cayman Islands","KY","CYM",1990,NA,72.744
"Cayman Islands","KY","CYM",1989,NA,72.545
"Cayman Islands","KY","CYM",1988,NA,72.351
"Cayman Islands","KY","CYM",1987,NA,72.13
"Cayman Islands","KY","CYM",1986,NA,71.869
"Cayman Islands","KY","CYM",1985,NA,71.558
"Cayman Islands","KY","CYM",1984,NA,71.187
"Cayman Islands","KY","CYM",1983,NA,70.839
"Cayman Islands","KY","CYM",1982,NA,70.407
"Cayman Islands","KY","CYM",1981,NA,69.951
"Cayman Islands","KY","CYM",1980,NA,69.487
"Cayman Islands","KY","CYM",1979,NA,69.02
"Cayman Islands","KY","CYM",1978,NA,68.533
"Cayman Islands","KY","CYM",1977,NA,68.08
"Cayman Islands","KY","CYM",1976,NA,67.549
"Cayman Islands","KY","CYM",1975,NA,67.044
"Cayman Islands","KY","CYM",1974,NA,66.489
"Cayman Islands","KY","CYM",1973,NA,65.889
"Cayman Islands","KY","CYM",1972,NA,65.365
"Cayman Islands","KY","CYM",1971,NA,64.827
"Cayman Islands","KY","CYM",1970,NA,64.383
"Cayman Islands","KY","CYM",1969,NA,63.965
"Cayman Islands","KY","CYM",1968,NA,63.597
"Cayman Islands","KY","CYM",1967,NA,63.205
"Cayman Islands","KY","CYM",1966,NA,62.841
"Cayman Islands","KY","CYM",1965,NA,62.186
"Cayman Islands","KY","CYM",1964,NA,61.436
"Cayman Islands","KY","CYM",1963,NA,60.78
"Cayman Islands","KY","CYM",1962,NA,60.09
"Cayman Islands","KY","CYM",1961,NA,59.426
"Cayman Islands","KY","CYM",1960,NA,58.782
"Central African Republic","CF","CAF",2023,NA,57.408
"Central African Republic","CF","CAF",2022,NA,18.818
"Central African Republic","CF","CAF",2021,NA,40.279
"Central African Republic","CF","CAF",2020,34.4334184466457,50.596
"Central African Republic","CF","CAF",2019,34.9143760112605,31.53
"Central African Republic","CF","CAF",2018,31.9740977574518,52.297
"Central African Republic","CF","CAF",2017,33.885383156685,45.231
"Central African Republic","CF","CAF",2016,34.4108147859314,50.999
"Central African Republic","CF","CAF",2015,38.5999376665904,51.934
"Central African Republic","CF","CAF",2014,31.9156244391296,40.265
"Central African Republic","CF","CAF",2013,33.6642337758094,49.487
"Central African Republic","CF","CAF",2012,36.1271180308768,51.336
"Central African Republic","CF","CAF",2011,34.7387675481675,50.107
"Central African Republic","CF","CAF",2010,33.2644237034772,46.871
"Central African Republic","CF","CAF",2009,32.9716182625124,14.665
"Central African Republic","CF","CAF",2008,32.7298504736865,49.873
"Central African Republic","CF","CAF",2007,32.5465341868411,49.327
"Central African Republic","CF","CAF",2006,32.4290832518178,48.687
"Central African Republic","CF","CAF",2005,32.3849115184584,48.207
"Central African Republic","CF","CAF",2004,32.5614114674204,47.696
"Central African Republic","CF","CAF",2003,32.9894439959945,47.306
"Central African Republic","CF","CAF",2002,33.5016255789717,46.84
"Central African Republic","CF","CAF",2001,33.9305726911431,46.734
"Central African Republic","CF","CAF",2000,34.1089018072999,46.609
"Central African Republic","CF","CAF",1999,33.9523794098558,46.91
"Central African Republic","CF","CAF",1998,33.5824086255633,47.089
"Central African Republic","CF","CAF",1997,33.1400608957218,47.284
"Central African Republic","CF","CAF",1996,32.7664076616304,47.7
"Central African Republic","CF","CAF",1995,32.6025203645884,48.109
"Central African Republic","CF","CAF",1994,32.5970133291891,48.509
"Central African Republic","CF","CAF",1993,32.6096649290979,48.899
"Central African Republic","CF","CAF",1992,32.6482926792218,49.213
"Central African Republic","CF","CAF",1991,32.720714094468,49.575
"Central African Republic","CF","CAF",1990,32.8347466897435,49.854
"Central African Republic","CF","CAF",1989,NA,50.074
"Central African Republic","CF","CAF",1988,NA,50.243
"Central African Republic","CF","CAF",1987,NA,50.371
"Central African Republic","CF","CAF",1986,NA,50.445
"Central African Republic","CF","CAF",1985,NA,50.463
"Central African Republic","CF","CAF",1984,NA,50.427
"Central African Republic","CF","CAF",1983,NA,50.342
"Central African Republic","CF","CAF",1982,NA,50.213
"Central African Republic","CF","CAF",1981,NA,50.028
"Central African Republic","CF","CAF",1980,NA,49.789
"Central African Republic","CF","CAF",1979,NA,49.5
"Central African Republic","CF","CAF",1978,NA,49.161
"Central African Republic","CF","CAF",1977,NA,48.778
"Central African Republic","CF","CAF",1976,NA,48.355
"Central African Republic","CF","CAF",1975,NA,47.892
"Central African Republic","CF","CAF",1974,NA,47.405
"Central African Republic","CF","CAF",1973,NA,46.884
"Central African Republic","CF","CAF",1972,NA,46.332
"Central African Republic","CF","CAF",1971,NA,45.764
"Central African Republic","CF","CAF",1970,NA,45.176
"Central African Republic","CF","CAF",1969,NA,44.58
"Central African Republic","CF","CAF",1968,NA,43.98
"Central African Republic","CF","CAF",1967,NA,43.379
"Central African Republic","CF","CAF",1966,NA,42.787
"Central African Republic","CF","CAF",1965,NA,42.207
"Central African Republic","CF","CAF",1964,NA,41.64
"Central African Republic","CF","CAF",1963,NA,41.09
"Central African Republic","CF","CAF",1962,NA,40.562
"Central African Republic","CF","CAF",1961,NA,40.056
"Central African Republic","CF","CAF",1960,NA,39.572
"Chad","TD","TCD",2023,NA,55.069
"Chad","TD","TCD",2022,NA,54.528
"Chad","TD","TCD",2021,NA,53.136
"Chad","TD","TCD",2020,49.1388484128027,53.082
"Chad","TD","TCD",2019,51.8673577081314,52.993
"Chad","TD","TCD",2018,54.3808173498018,52.447
"Chad","TD","TCD",2017,56.2506214671266,51.875
"Chad","TD","TCD",2016,58.3859502502274,51.603
"Chad","TD","TCD",2015,64.3827504839855,51.32
"Chad","TD","TCD",2014,46.8052788415437,51.141
"Chad","TD","TCD",2013,50.2256607102092,51.051
"Chad","TD","TCD",2012,57.1204741865987,50.765
"Chad","TD","TCD",2011,54.1504227714591,50.426
"Chad","TD","TCD",2010,52.6348532986167,50.107
"Chad","TD","TCD",2009,52.804330735898,49.828
"Chad","TD","TCD",2008,53.225172822863,49.503
"Chad","TD","TCD",2007,53.7838487498235,49.21
"Chad","TD","TCD",2006,54.3668277070918,48.747
"Chad","TD","TCD",2005,54.8605788849799,48.86
"Chad","TD","TCD",2004,55.341182208153,48.687
"Chad","TD","TCD",2003,55.8923266132371,48.609
"Chad","TD","TCD",2002,56.4118948084852,48.36
"Chad","TD","TCD",2001,56.7977695021505,48.306
"Chad","TD","TCD",2000,56.9478334024862,47.937
"Chad","TD","TCD",1999,56.261983819805,47.934
"Chad","TD","TCD",1998,54.6292077918604,47.802
"Chad","TD","TCD",1997,52.6810226180665,47.762
"Chad","TD","TCD",1996,51.0489455978376,47.551
"Chad","TD","TCD",1995,50.3644940305876,47.453
"Chad","TD","TCD",1994,50.5350820325088,47.08
"Chad","TD","TCD",1993,51.0729421046906,47.002
"Chad","TD","TCD",1992,52.0168191238932,46.777
"Chad","TD","TCD",1991,53.4054579668768,46.596
"Chad","TD","TCD",1990,55.2776035104017,45.074
"Chad","TD","TCD",1989,NA,46.434
"Chad","TD","TCD",1988,NA,46.352
"Chad","TD","TCD",1987,NA,43.071
"Chad","TD","TCD",1986,NA,45.598
"Chad","TD","TCD",1985,NA,45.315
"Chad","TD","TCD",1984,NA,44.732
"Chad","TD","TCD",1983,NA,44.446
"Chad","TD","TCD",1982,NA,43.91
"Chad","TD","TCD",1981,NA,43.497
"Chad","TD","TCD",1980,NA,43.452
"Chad","TD","TCD",1979,NA,43.239
"Chad","TD","TCD",1978,NA,43.017
"Chad","TD","TCD",1977,NA,42.884
"Chad","TD","TCD",1976,NA,42.687
"Chad","TD","TCD",1975,NA,42.736
"Chad","TD","TCD",1974,NA,42.601
"Chad","TD","TCD",1973,NA,42.399
"Chad","TD","TCD",1972,NA,41.922
"Chad","TD","TCD",1971,NA,40.869
"Chad","TD","TCD",1970,NA,41.386
"Chad","TD","TCD",1969,NA,41.019
"Chad","TD","TCD",1968,NA,40.702
"Chad","TD","TCD",1967,NA,40.393
"Chad","TD","TCD",1966,NA,40.089
"Chad","TD","TCD",1965,NA,40.05
"Chad","TD","TCD",1964,NA,40.12
"Chad","TD","TCD",1963,NA,39.893
"Chad","TD","TCD",1962,NA,39.608
"Chad","TD","TCD",1961,NA,39.421
"Chad","TD","TCD",1960,NA,39.216
"Channel Islands","JG","CHI",2023,NA,81.1
"Channel Islands","JG","CHI",2022,NA,81
"Channel Islands","JG","CHI",2021,NA,80.3
"Channel Islands","JG","CHI",2020,NA,80.9
"Channel Islands","JG","CHI",2019,NA,81.2
"Channel Islands","JG","CHI",2018,NA,81.1
"Channel Islands","JG","CHI",2017,NA,81
"Channel Islands","JG","CHI",2016,NA,81.2
"Channel Islands","JG","CHI",2015,NA,81.4
"Channel Islands","JG","CHI",2014,NA,81.6
"Channel Islands","JG","CHI",2013,NA,81.5
"Channel Islands","JG","CHI",2012,NA,81.3
"Channel Islands","JG","CHI",2011,NA,81.4
"Channel Islands","JG","CHI",2010,NA,81.2
"Channel Islands","JG","CHI",2009,NA,81
"Channel Islands","JG","CHI",2008,NA,80.8
"Channel Islands","JG","CHI",2007,NA,80.6
"Channel Islands","JG","CHI",2006,NA,80.4
"Channel Islands","JG","CHI",2005,NA,80.1
"Channel Islands","JG","CHI",2004,NA,79.8
"Channel Islands","JG","CHI",2003,NA,79.4
"Channel Islands","JG","CHI",2002,NA,79.1
"Channel Islands","JG","CHI",2001,NA,79
"Channel Islands","JG","CHI",2000,NA,78.8
"Channel Islands","JG","CHI",1999,NA,79.1
"Channel Islands","JG","CHI",1998,NA,78.5
"Channel Islands","JG","CHI",1997,NA,78.2
"Channel Islands","JG","CHI",1996,NA,77.8
"Channel Islands","JG","CHI",1995,NA,77.7
"Channel Islands","JG","CHI",1994,NA,77
"Channel Islands","JG","CHI",1993,NA,76.8
"Channel Islands","JG","CHI",1992,NA,77.1
"Channel Islands","JG","CHI",1991,NA,76.5
"Channel Islands","JG","CHI",1990,NA,76.3
"Channel Islands","JG","CHI",1989,NA,76.5
"Channel Islands","JG","CHI",1988,NA,76
"Channel Islands","JG","CHI",1987,NA,75.7
"Channel Islands","JG","CHI",1986,NA,75.4
"Channel Islands","JG","CHI",1985,NA,75.3
"Channel Islands","JG","CHI",1984,NA,75.2
"Channel Islands","JG","CHI",1983,NA,74.9
"Channel Islands","JG","CHI",1982,NA,73.1
"Channel Islands","JG","CHI",1981,NA,73.8
"Channel Islands","JG","CHI",1980,NA,73.9
"Channel Islands","JG","CHI",1979,NA,73.2
"Channel Islands","JG","CHI",1978,NA,73.1
"Channel Islands","JG","CHI",1977,NA,72.9
"Channel Islands","JG","CHI",1976,NA,72.7
"Channel Islands","JG","CHI",1975,NA,72.6
"Channel Islands","JG","CHI",1974,NA,72.5
"Channel Islands","JG","CHI",1973,NA,72.7
"Channel Islands","JG","CHI",1972,NA,72
"Channel Islands","JG","CHI",1971,NA,72
"Channel Islands","JG","CHI",1970,NA,71.8
"Channel Islands","JG","CHI",1969,NA,71.7
"Channel Islands","JG","CHI",1968,NA,71.7
"Channel Islands","JG","CHI",1967,NA,72.2
"Channel Islands","JG","CHI",1966,NA,72.3
"Channel Islands","JG","CHI",1965,NA,71.6
"Channel Islands","JG","CHI",1964,NA,72
"Channel Islands","JG","CHI",1963,NA,72.2
"Channel Islands","JG","CHI",1962,NA,72
"Channel Islands","JG","CHI",1961,NA,71.6
"Channel Islands","JG","CHI",1960,NA,72.5
"Chile","CL","CHL",2023,NA,81.167
"Chile","CL","CHL",2022,NA,79.176
"Chile","CL","CHL",2021,NA,78.876
"Chile","CL","CHL",2020,23.2750668049145,79.349
"Chile","CL","CHL",2019,22.7323927701622,80.324
"Chile","CL","CHL",2018,23.0512130318909,80.559
"Chile","CL","CHL",2017,23.4116041349236,80.61
"Chile","CL","CHL",2016,24.2218424802596,80.295
"Chile","CL","CHL",2015,24.2782298076617,80.008
"Chile","CL","CHL",2014,23.0317537681692,79.714
"Chile","CL","CHL",2013,23.7625028118101,79.551
"Chile","CL","CHL",2012,21.9147180810935,79.221
"Chile","CL","CHL",2011,22.8717891996678,79.236
"Chile","CL","CHL",2010,22.0329948919966,79.095
"Chile","CL","CHL",2009,22.3832902070972,78.89
"Chile","CL","CHL",2008,23.2503096478062,78.752
"Chile","CL","CHL",2007,24.358253457235,78.652
"Chile","CL","CHL",2006,25.4313218784945,78.533
"Chile","CL","CHL",2005,26.193715154696,78.459
"Chile","CL","CHL",2004,26.6987521826339,78.276
"Chile","CL","CHL",2003,27.1654672454526,77.884
"Chile","CL","CHL",2002,27.5666336657884,77.84
"Chile","CL","CHL",2001,27.8750247662775,77.58
"Chile","CL","CHL",2000,28.0634138695562,77.128
"Chile","CL","CHL",1999,27.9937699100887,76.738
"Chile","CL","CHL",1998,27.653504313388,76.324
"Chile","CL","CHL",1997,27.2035541386631,75.826
"Chile","CL","CHL",1996,26.8048564451231,75.555
"Chile","CL","CHL",1995,26.6183482919768,75.298
"Chile","CL","CHL",1994,26.6054679558465,74.973
"Chile","CL","CHL",1993,26.6277329646355,74.679
"Chile","CL","CHL",1992,26.6961992544744,74.367
"Chile","CL","CHL",1991,26.8219227614939,74.082
"Chile","CL","CHL",1990,27.0159594218247,73.675
"Chile","CL","CHL",1989,NA,73.188
"Chile","CL","CHL",1988,NA,72.788
"Chile","CL","CHL",1987,NA,72.466
"Chile","CL","CHL",1986,NA,72.061
"Chile","CL","CHL",1985,NA,71.615
"Chile","CL","CHL",1984,NA,71.215
"Chile","CL","CHL",1983,NA,70.83
"Chile","CL","CHL",1982,NA,70.291
"Chile","CL","CHL",1981,NA,69.822
"Chile","CL","CHL",1980,NA,69.475
"Chile","CL","CHL",1979,NA,68.858
"Chile","CL","CHL",1978,NA,68.042
"Chile","CL","CHL",1977,NA,67.529
"Chile","CL","CHL",1976,NA,66.819
"Chile","CL","CHL",1975,NA,66.037
"Chile","CL","CHL",1974,NA,65.085
"Chile","CL","CHL",1973,NA,64.42
"Chile","CL","CHL",1972,NA,63.717
"Chile","CL","CHL",1971,NA,63.072
"Chile","CL","CHL",1970,NA,62.634
"Chile","CL","CHL",1969,NA,62.341
"Chile","CL","CHL",1968,NA,61.68
"Chile","CL","CHL",1967,NA,61.054
"Chile","CL","CHL",1966,NA,60.373
"Chile","CL","CHL",1965,NA,59.473
"Chile","CL","CHL",1964,NA,58.812
"Chile","CL","CHL",1963,NA,58.349
"Chile","CL","CHL",1962,NA,57.811
"Chile","CL","CHL",1961,NA,57.309
"Chile","CL","CHL",1960,NA,57.216
"China","CN","CHN",2023,NA,77.953
"China","CN","CHN",2022,NA,78.202
"China","CN","CHN",2021,NA,78.117
"China","CN","CHN",2020,34.8105237153218,78.019
"China","CN","CHN",2019,37.5475753654351,77.94
"China","CN","CHN",2018,40.2663875187565,77.709
"China","CN","CHN",2017,45.8369336166997,77.235
"China","CN","CHN",2016,46.8324682508133,77.214
"China","CN","CHN",2015,50.832537964484,76.975
"China","CN","CHN",2014,54.5688342973092,76.714
"China","CN","CHN",2013,58.4662215596184,76.452
"China","CN","CHN",2012,48.1207251131123,76.2
"China","CN","CHN",2011,51.34994369566,75.889
"China","CN","CHN",2010,47.4765519945183,75.668
"China","CN","CHN",2009,47.7093306057335,75.317
"China","CN","CHN",2008,48.6560235019206,74.833
"China","CN","CHN",2007,49.8862602874654,74.789
"China","CN","CHN",2006,50.9696705667541,74.404
"China","CN","CHN",2005,51.4758839441727,74.085
"China","CN","CHN",2004,51.4496229654785,73.727
"China","CN","CHN",2003,51.2610436241453,73.385
"China","CN","CHN",2002,50.9679256961335,73.034
"China","CN","CHN",2001,50.6280489574036,72.675
"China","CN","CHN",2000,50.299193183916,72.288
"China","CN","CHN",1999,49.9825212259198,71.952
"China","CN","CHN",1998,49.6573356023741,71.601
"China","CN","CHN",1997,49.3486255923044,71.227
"China","CN","CHN",1996,49.0813804747361,70.823
"China","CN","CHN",1995,48.8805895286948,70.363
"China","CN","CHN",1994,48.781586538777,69.835
"China","CN","CHN",1993,48.791369241364,69.492
"China","CN","CHN",1992,48.8924228431587,69.059
"China","CN","CHN",1991,49.0672325508637,68.61
"China","CN","CHN",1990,49.2982835711818,68.155
"China","CN","CHN",1989,NA,67.93
"China","CN","CHN",1988,NA,67.607
"China","CN","CHN",1987,NA,67.263
"China","CN","CHN",1986,NA,66.887
"China","CN","CHN",1985,NA,66.532
"China","CN","CHN",1984,NA,66.148
"China","CN","CHN",1983,NA,65.728
"China","CN","CHN",1982,NA,65.249
"China","CN","CHN",1981,NA,64.778
"China","CN","CHN",1980,NA,64.243
"China","CN","CHN",1979,NA,63.704
"China","CN","CHN",1978,NA,63.102
"China","CN","CHN",1977,NA,62.458
"China","CN","CHN",1976,NA,61.225
"China","CN","CHN",1975,NA,60.952
"China","CN","CHN",1974,NA,60.241
"China","CN","CHN",1973,NA,59.496
"China","CN","CHN",1972,NA,58.579
"China","CN","CHN",1971,NA,57.731
"China","CN","CHN",1970,NA,56.824
"China","CN","CHN",1969,NA,55.988
"China","CN","CHN",1968,NA,55.191
"China","CN","CHN",1967,NA,54.401
"China","CN","CHN",1966,NA,53.662
"China","CN","CHN",1965,NA,53.001
"China","CN","CHN",1964,NA,52.343
"China","CN","CHN",1963,NA,51.67
"China","CN","CHN",1962,NA,50.959
"China","CN","CHN",1961,NA,40.158
"China","CN","CHN",1960,NA,33.419
"Colombia","CO","COL",2023,NA,77.725
"Colombia","CO","COL",2022,NA,76.508
"Colombia","CO","COL",2021,NA,72.698
"Colombia","CO","COL",2020,14.1832514905064,74.757
"Colombia","CO","COL",2019,14.5158658042874,76.793
"Colombia","CO","COL",2018,16.0492875724803,76.579
"Colombia","CO","COL",2017,17.2528522521135,76.418
"Colombia","CO","COL",2016,17.312215487627,76.228
"Colombia","CO","COL",2015,17.6079787372288,76.067
"Colombia","CO","COL",2014,18.33821147907,75.95
"Colombia","CO","COL",2013,18.9282488611578,75.834
"Colombia","CO","COL",2012,18.1430860286647,75.611
"Colombia","CO","COL",2011,20.5518377125816,75.18
"Colombia","CO","COL",2010,19.1642899222037,74.876
"Colombia","CO","COL",2009,19.284699802258,74.531
"Colombia","CO","COL",2008,19.6051288373421,74.206
"Colombia","CO","COL",2007,20.0641639163964,73.751
"Colombia","CO","COL",2006,20.6003919283618,73.497
"Colombia","CO","COL",2005,21.1523997621787,73.156
"Colombia","CO","COL",2004,21.8887421322682,72.76
"Colombia","CO","COL",2003,22.8825675533076,72.309
"Colombia","CO","COL",2002,23.929353614622,71.537
"Colombia","CO","COL",2001,24.8245779055363,71.185
"Colombia","CO","COL",2000,25.3637180153758,70.905
"Colombia","CO","COL",1999,25.5638343404701,70.913
"Colombia","CO","COL",1998,25.6261234780562,70.924
"Colombia","CO","COL",1997,25.6222673188197,70.632
"Colombia","CO","COL",1996,25.6239477534465,70.209
"Colombia","CO","COL",1995,25.7028466726225,69.81
"Colombia","CO","COL",1994,25.8446676281242,69.422
"Colombia","CO","COL",1993,25.9895081459308,69.083
"Colombia","CO","COL",1992,26.140641078032,68.764
"Colombia","CO","COL",1991,26.3013392764172,68.772
"Colombia","CO","COL",1990,26.4748755930763,68.701
"Colombia","CO","COL",1989,NA,68.616
"Colombia","CO","COL",1988,NA,68.301
"Colombia","CO","COL",1987,NA,68.166
"Colombia","CO","COL",1986,NA,68.303
"Colombia","CO","COL",1985,NA,65.359
"Colombia","CO","COL",1984,NA,68.308
"Colombia","CO","COL",1983,NA,68.121
"Colombia","CO","COL",1982,NA,67.861
"Colombia","CO","COL",1981,NA,67.189
"Colombia","CO","COL",1980,NA,66.693
"Colombia","CO","COL",1979,NA,66.162
"Colombia","CO","COL",1978,NA,65.827
"Colombia","CO","COL",1977,NA,65.237
"Colombia","CO","COL",1976,NA,64.642
"Colombia","CO","COL",1975,NA,64.012
"Colombia","CO","COL",1974,NA,63.497
"Colombia","CO","COL",1973,NA,62.991
"Colombia","CO","COL",1972,NA,62.53
"Colombia","CO","COL",1971,NA,62.005
"Colombia","CO","COL",1970,NA,61.465
"Colombia","CO","COL",1969,NA,61.031
"Colombia","CO","COL",1968,NA,60.572
"Colombia","CO","COL",1967,NA,60.15
"Colombia","CO","COL",1966,NA,59.713
"Colombia","CO","COL",1965,NA,59.247
"Colombia","CO","COL",1964,NA,58.77
"Colombia","CO","COL",1963,NA,58.296
"Colombia","CO","COL",1962,NA,57.737
"Colombia","CO","COL",1961,NA,57.203
"Colombia","CO","COL",1960,NA,56.609
"Comoros","KM","COM",2023,NA,66.777
"Comoros","KM","COM",2022,NA,66.481
"Comoros","KM","COM",2021,NA,65.201
"Comoros","KM","COM",2020,11.9332724091044,65.756
"Comoros","KM","COM",2019,10.4127200490569,65.662
"Comoros","KM","COM",2018,11.6282907601438,65.401
"Comoros","KM","COM",2017,10.8598778552179,65.127
"Comoros","KM","COM",2016,12.204174846154,64.792
"Comoros","KM","COM",2015,11.9089280291946,64.473
"Comoros","KM","COM",2014,11.3961592947192,64.143
"Comoros","KM","COM",2013,12.2675890585181,63.839
"Comoros","KM","COM",2012,11.639647170545,63.463
"Comoros","KM","COM",2011,12.3436803657737,63.105
"Comoros","KM","COM",2010,11.3687010835918,62.747
"Comoros","KM","COM",2009,11.4219416082868,62.302
"Comoros","KM","COM",2008,11.5518596503979,61.955
"Comoros","KM","COM",2007,11.7137381490151,61.475
"Comoros","KM","COM",2006,11.8628600432285,61.229
"Comoros","KM","COM",2005,11.9545082721283,60.883
"Comoros","KM","COM",2004,12.0029148551845,60.557
"Comoros","KM","COM",2003,12.0484914054266,60.24
"Comoros","KM","COM",2002,12.0857902522832,59.723
"Comoros","KM","COM",2001,12.1093637251828,59.587
"Comoros","KM","COM",2000,12.1137641535542,58.941
"Comoros","KM","COM",1999,11.9271004560832,58.853
"Comoros","KM","COM",1998,11.4919978612302,58.301
"Comoros","KM","COM",1997,10.9747831630862,58.228
"Comoros","KM","COM",1996,10.541783155742,58.151
"Comoros","KM","COM",1995,10.3593246332885,57.83
"Comoros","KM","COM",1994,10.359308477898,57.458
"Comoros","KM","COM",1993,10.3691714897658,57.026
"Comoros","KM","COM",1992,10.3985443400179,56.576
"Comoros","KM","COM",1991,10.4570576997801,56.104
"Comoros","KM","COM",1990,10.5543422401781,55.62
"Comoros","KM","COM",1989,NA,54.983
"Comoros","KM","COM",1988,NA,54.678
"Comoros","KM","COM",1987,NA,54.134
"Comoros","KM","COM",1986,NA,53.756
"Comoros","KM","COM",1985,NA,53.263
"Comoros","KM","COM",1984,NA,52.784
"Comoros","KM","COM",1983,NA,52.121
"Comoros","KM","COM",1982,NA,51.75
"Comoros","KM","COM",1981,NA,51.211
"Comoros","KM","COM",1980,NA,50.681
"Comoros","KM","COM",1979,NA,50.126
"Comoros","KM","COM",1978,NA,49.702
"Comoros","KM","COM",1977,NA,49.17
"Comoros","KM","COM",1976,NA,48.645
"Comoros","KM","COM",1975,NA,46.866
"Comoros","KM","COM",1974,NA,47.609
"Comoros","KM","COM",1973,NA,47.045
"Comoros","KM","COM",1972,NA,46.463
"Comoros","KM","COM",1971,NA,45.849
"Comoros","KM","COM",1970,NA,45.226
"Comoros","KM","COM",1969,NA,44.643
"Comoros","KM","COM",1968,NA,44.101
"Comoros","KM","COM",1967,NA,43.593
"Comoros","KM","COM",1966,NA,43.153
"Comoros","KM","COM",1965,NA,42.676
"Comoros","KM","COM",1964,NA,42.328
"Comoros","KM","COM",1963,NA,41.909
"Comoros","KM","COM",1962,NA,41.534
"Comoros","KM","COM",1961,NA,41.157
"Comoros","KM","COM",1960,NA,40.777
"Congo, Dem. Rep.","CD","COD",2023,NA,61.895
"Congo, Dem. Rep.","CD","COD",2022,NA,60.979
"Congo, Dem. Rep.","CD","COD",2021,NA,60.044
"Congo, Dem. Rep.","CD","COD",2020,26.6494833206385,60.428
"Congo, Dem. Rep.","CD","COD",2019,26.3379328931586,60.242
"Congo, Dem. Rep.","CD","COD",2018,26.7227743114458,59.926
"Congo, Dem. Rep.","CD","COD",2017,26.8446579950641,59.495
"Congo, Dem. Rep.","CD","COD",2016,26.7550295099953,59.081
"Congo, Dem. Rep.","CD","COD",2015,28.461870876218,58.658
"Congo, Dem. Rep.","CD","COD",2014,26.9058681895875,58.236
"Congo, Dem. Rep.","CD","COD",2013,26.1166767334607,57.795
"Congo, Dem. Rep.","CD","COD",2012,26.7077484248202,57.35
"Congo, Dem. Rep.","CD","COD",2011,26.6005338893647,56.911
"Congo, Dem. Rep.","CD","COD",2010,26.029435218018,56.411
"Congo, Dem. Rep.","CD","COD",2009,26.1056837144972,55.798
"Congo, Dem. Rep.","CD","COD",2008,26.2893989003023,55.388
"Congo, Dem. Rep.","CD","COD",2007,26.5117141592672,54.954
"Congo, Dem. Rep.","CD","COD",2006,26.7037628752257,54.498
"Congo, Dem. Rep.","CD","COD",2005,26.7966784320115,54.001
"Congo, Dem. Rep.","CD","COD",2004,26.7254356307766,53.534
"Congo, Dem. Rep.","CD","COD",2003,26.5212539905026,52.952
"Congo, Dem. Rep.","CD","COD",2002,26.2596339717677,52.371
"Congo, Dem. Rep.","CD","COD",2001,26.0160760351503,52.205
"Congo, Dem. Rep.","CD","COD",2000,25.8660806412287,51.887
"Congo, Dem. Rep.","CD","COD",1999,25.7867093866983,50.089
"Congo, Dem. Rep.","CD","COD",1998,25.7048208925713,49.664
"Congo, Dem. Rep.","CD","COD",1997,25.6206111559015,50.461
"Congo, Dem. Rep.","CD","COD",1996,25.5342761737429,49.376
"Congo, Dem. Rep.","CD","COD",1995,25.4460119431492,50.381
"Congo, Dem. Rep.","CD","COD",1994,25.3344052859299,49.88
"Congo, Dem. Rep.","CD","COD",1993,25.1834531127929,49.621
"Congo, Dem. Rep.","CD","COD",1992,25.0014665541391,49.323
"Congo, Dem. Rep.","CD","COD",1991,24.7967567403698,48.944
"Congo, Dem. Rep.","CD","COD",1990,24.577634801886,48.538
"Congo, Dem. Rep.","CD","COD",1989,NA,48.149
"Congo, Dem. Rep.","CD","COD",1988,NA,47.755
"Congo, Dem. Rep.","CD","COD",1987,NA,47.362
"Congo, Dem. Rep.","CD","COD",1986,NA,47.016
"Congo, Dem. Rep.","CD","COD",1985,NA,46.663
"Congo, Dem. Rep.","CD","COD",1984,NA,46.514
"Congo, Dem. Rep.","CD","COD",1983,NA,46.207
"Congo, Dem. Rep.","CD","COD",1982,NA,45.946
"Congo, Dem. Rep.","CD","COD",1981,NA,45.726
"Congo, Dem. Rep.","CD","COD",1980,NA,45.543
"Congo, Dem. Rep.","CD","COD",1979,NA,45.278
"Congo, Dem. Rep.","CD","COD",1978,NA,44.628
"Congo, Dem. Rep.","CD","COD",1977,NA,44.866
"Congo, Dem. Rep.","CD","COD",1976,NA,44.695
"Congo, Dem. Rep.","CD","COD",1975,NA,44.53
"Congo, Dem. Rep.","CD","COD",1974,NA,44.311
"Congo, Dem. Rep.","CD","COD",1973,NA,44.09
"Congo, Dem. Rep.","CD","COD",1972,NA,43.869
"Congo, Dem. Rep.","CD","COD",1971,NA,43.578
"Congo, Dem. Rep.","CD","COD",1970,NA,43.3
"Congo, Dem. Rep.","CD","COD",1969,NA,42.959
"Congo, Dem. Rep.","CD","COD",1968,NA,42.667
"Congo, Dem. Rep.","CD","COD",1967,NA,42.339
"Congo, Dem. Rep.","CD","COD",1966,NA,42.169
"Congo, Dem. Rep.","CD","COD",1965,NA,40.767
"Congo, Dem. Rep.","CD","COD",1964,NA,40.099
"Congo, Dem. Rep.","CD","COD",1963,NA,40.604
"Congo, Dem. Rep.","CD","COD",1962,NA,40.382
"Congo, Dem. Rep.","CD","COD",1961,NA,40.161
"Congo, Dem. Rep.","CD","COD",1960,NA,40.752
"Congo, Rep.","CG","COG",2023,NA,65.772
"Congo, Rep.","CG","COG",2022,NA,65
"Congo, Rep.","CG","COG",2021,NA,64.192
"Congo, Rep.","CG","COG",2020,28.5737499496554,64.391
"Congo, Rep.","CG","COG",2019,28.7484172141318,63.152
"Congo, Rep.","CG","COG",2018,27.9644662335483,64.472
"Congo, Rep.","CG","COG",2017,28.5831067984323,64.203
"Congo, Rep.","CG","COG",2016,28.2160787153425,63.911
"Congo, Rep.","CG","COG",2015,30.5591063026375,63.662
"Congo, Rep.","CG","COG",2014,27.8059959217622,63.349
"Congo, Rep.","CG","COG",2013,28.1202914351675,62.969
"Congo, Rep.","CG","COG",2012,28.5447582283734,62.662
"Congo, Rep.","CG","COG",2011,27.8579991372168,62.286
"Congo, Rep.","CG","COG",2010,27.0414660021696,61.731
"Congo, Rep.","CG","COG",2009,27.1705527263541,61.215
"Congo, Rep.","CG","COG",2008,27.474558875272,60.79
"Congo, Rep.","CG","COG",2007,27.8368508230904,60.05
"Congo, Rep.","CG","COG",2006,28.1407949439766,59.474
"Congo, Rep.","CG","COG",2005,28.2697576120977,58.73
"Congo, Rep.","CG","COG",2004,28.168416124173,57.957
"Congo, Rep.","CG","COG",2003,27.9068073673279,57.131
"Congo, Rep.","CG","COG",2002,27.5563371013383,56.414
"Congo, Rep.","CG","COG",2001,27.1884110859801,55.885
"Congo, Rep.","CG","COG",2000,26.8744350810291,55.371
"Congo, Rep.","CG","COG",1999,26.5637555390441,54.427
"Congo, Rep.","CG","COG",1998,26.1904923483088,52.551
"Congo, Rep.","CG","COG",1997,25.8032114221871,48.575
"Congo, Rep.","CG","COG",1996,25.4504786740429,55.24
"Congo, Rep.","CG","COG",1995,25.1808600172401,55.474
"Congo, Rep.","CG","COG",1994,24.9685319232499,55.641
"Congo, Rep.","CG","COG",1993,24.7598011803544,56.041
"Congo, Rep.","CG","COG",1992,24.5614291771338,56.483
"Congo, Rep.","CG","COG",1991,24.3801773021684,56.764
"Congo, Rep.","CG","COG",1990,24.2228069440383,57.07
"Congo, Rep.","CG","COG",1989,NA,57.292
"Congo, Rep.","CG","COG",1988,NA,57.493
"Congo, Rep.","CG","COG",1987,NA,57.59
"Congo, Rep.","CG","COG",1986,NA,57.633
"Congo, Rep.","CG","COG",1985,NA,57.608
"Congo, Rep.","CG","COG",1984,NA,57.54
"Congo, Rep.","CG","COG",1983,NA,57.428
"Congo, Rep.","CG","COG",1982,NA,57.236
"Congo, Rep.","CG","COG",1981,NA,57.065
"Congo, Rep.","CG","COG",1980,NA,56.803
"Congo, Rep.","CG","COG",1979,NA,56.524
"Congo, Rep.","CG","COG",1978,NA,56.248
"Congo, Rep.","CG","COG",1977,NA,56.027
"Congo, Rep.","CG","COG",1976,NA,55.699
"Congo, Rep.","CG","COG",1975,NA,55.402
"Congo, Rep.","CG","COG",1974,NA,55.053
"Congo, Rep.","CG","COG",1973,NA,54.744
"Congo, Rep.","CG","COG",1972,NA,54.361
"Congo, Rep.","CG","COG",1971,NA,53.983
"Congo, Rep.","CG","COG",1970,NA,53.555
"Congo, Rep.","CG","COG",1969,NA,53.114
"Congo, Rep.","CG","COG",1968,NA,52.62
"Congo, Rep.","CG","COG",1967,NA,51.91
"Congo, Rep.","CG","COG",1966,NA,51.557
"Congo, Rep.","CG","COG",1965,NA,50.996
"Congo, Rep.","CG","COG",1964,NA,50.363
"Congo, Rep.","CG","COG",1963,NA,49.729
"Congo, Rep.","CG","COG",1962,NA,49.038
"Congo, Rep.","CG","COG",1961,NA,48.351
"Congo, Rep.","CG","COG",1960,NA,47.595
"Costa Rica","CR","CRI",2023,NA,80.799
"Costa Rica","CR","CRI",2022,NA,79.316
"Costa Rica","CR","CRI",2021,NA,78.05
"Costa Rica","CR","CRI",2020,14.3075712471404,79.725
"Costa Rica","CR","CRI",2019,13.3766440949763,80.296
"Costa Rica","CR","CRI",2018,15.1307436338713,80.09
"Costa Rica","CR","CRI",2017,17.165875341513,79.994
"Costa Rica","CR","CRI",2016,16.8973562895418,79.988
"Costa Rica","CR","CRI",2015,17.6636155108417,80.407
"Costa Rica","CR","CRI",2014,17.5539609994868,80.231
"Costa Rica","CR","CRI",2013,18.4901589297792,80.189
"Costa Rica","CR","CRI",2012,17.9369232929949,79.925
"Costa Rica","CR","CRI",2011,19.4251836697019,79.624
"Costa Rica","CR","CRI",2010,17.6032020866019,79.354
"Costa Rica","CR","CRI",2009,17.8071741996257,79.372
"Costa Rica","CR","CRI",2008,18.3142845924477,79.18
"Costa Rica","CR","CRI",2007,18.967324345694,79.098
"Costa Rica","CR","CRI",2006,19.6090845399907,79.049
"Costa Rica","CR","CRI",2005,20.0823562559639,78.877
"Costa Rica","CR","CRI",2004,20.4200904256551,78.512
"Costa Rica","CR","CRI",2003,20.7436900349618,78.214
"Costa Rica","CR","CRI",2002,21.0286242452936,77.939
"Costa Rica","CR","CRI",2001,21.2503622180599,77.609
"Costa Rica","CR","CRI",2000,21.3843731146703,77.317
"Costa Rica","CR","CRI",1999,21.3072953600761,77.058
"Costa Rica","CR","CRI",1998,21.0051823334597,76.869
"Costa Rica","CR","CRI",1997,20.6176256275777,76.603
"Costa Rica","CR","CRI",1996,20.2842168351866,76.428
"Costa Rica","CR","CRI",1995,20.144547549043,76.44
"Costa Rica","CR","CRI",1994,20.1689476938647,76.329
"Costa Rica","CR","CRI",1993,20.2362554109992,76.315
"Costa Rica","CR","CRI",1992,20.3488246181477,76.385
"Costa Rica","CR","CRI",1991,20.5090092330112,76.237
"Costa Rica","CR","CRI",1990,20.719163173291,76.094
"Costa Rica","CR","CRI",1989,NA,75.85
"Costa Rica","CR","CRI",1988,NA,75.546
"Costa Rica","CR","CRI",1987,NA,75.224
"Costa Rica","CR","CRI",1986,NA,74.949
"Costa Rica","CR","CRI",1985,NA,74.765
"Costa Rica","CR","CRI",1984,NA,74.581
"Costa Rica","CR","CRI",1983,NA,74.245
"Costa Rica","CR","CRI",1982,NA,73.865
"Costa Rica","CR","CRI",1981,NA,73.441
"Costa Rica","CR","CRI",1980,NA,73.034
"Costa Rica","CR","CRI",1979,NA,72.537
"Costa Rica","CR","CRI",1978,NA,72.029
"Costa Rica","CR","CRI",1977,NA,71.519
"Costa Rica","CR","CRI",1976,NA,70.946
"Costa Rica","CR","CRI",1975,NA,70.253
"Costa Rica","CR","CRI",1974,NA,69.446
"Costa Rica","CR","CRI",1973,NA,68.731
"Costa Rica","CR","CRI",1972,NA,68.014
"Costa Rica","CR","CRI",1971,NA,67.413
"Costa Rica","CR","CRI",1970,NA,66.787
"Costa Rica","CR","CRI",1969,NA,66.363
"Costa Rica","CR","CRI",1968,NA,65.78
"Costa Rica","CR","CRI",1967,NA,65.552
"Costa Rica","CR","CRI",1966,NA,65.096
"Costa Rica","CR","CRI",1965,NA,64.76
"Costa Rica","CR","CRI",1964,NA,64.493
"Costa Rica","CR","CRI",1963,NA,64.326
"Costa Rica","CR","CRI",1962,NA,64.232
"Costa Rica","CR","CRI",1961,NA,63.86
"Costa Rica","CR","CRI",1960,NA,63.463
"Cote d'Ivoire","CI","CIV",2023,NA,61.944
"Cote d'Ivoire","CI","CIV",2022,NA,61.562
"Cote d'Ivoire","CI","CIV",2021,NA,60.29
"Cote d'Ivoire","CI","CIV",2020,49.4977827339493,60.14
"Cote d'Ivoire","CI","CIV",2019,44.3324266688486,60.274
"Cote d'Ivoire","CI","CIV",2018,50.8958061004876,59.795
"Cote d'Ivoire","CI","CIV",2017,50.6654421695962,59.315
"Cote d'Ivoire","CI","CIV",2016,55.6539855341019,58.814
"Cote d'Ivoire","CI","CIV",2015,61.954609777616,58.281
"Cote d'Ivoire","CI","CIV",2014,38.9323349133904,57.772
"Cote d'Ivoire","CI","CIV",2013,40.0659563695022,57.057
"Cote d'Ivoire","CI","CIV",2012,51.355889030092,56.57
"Cote d'Ivoire","CI","CIV",2011,49.5497020681304,55.972
"Cote d'Ivoire","CI","CIV",2010,41.595297944419,55.282
"Cote d'Ivoire","CI","CIV",2009,42.0688429691795,54.744
"Cote d'Ivoire","CI","CIV",2008,43.2650342152048,54.179
"Cote d'Ivoire","CI","CIV",2007,44.8474289608794,53.452
"Cote d'Ivoire","CI","CIV",2006,46.4795844845881,52.885
"Cote d'Ivoire","CI","CIV",2005,47.8250580647154,52.432
"Cote d'Ivoire","CI","CIV",2004,49.0391368556992,51.939
"Cote d'Ivoire","CI","CIV",2003,50.3579617689732,51.443
"Cote d'Ivoire","CI","CIV",2002,51.5663707184153,51.544
"Cote d'Ivoire","CI","CIV",2001,52.4492016179034,51.428
"Cote d'Ivoire","CI","CIV",2000,52.7912923813154,51.393
"Cote d'Ivoire","CI","CIV",1999,51.6516451010051,51.273
"Cote d'Ivoire","CI","CIV",1998,48.9340246633419,51.22
"Cote d'Ivoire","CI","CIV",1997,45.6904131732278,51.498
"Cote d'Ivoire","CI","CIV",1996,42.9727927355646,51.596
"Cote d'Ivoire","CI","CIV",1995,41.8331454552542,51.713
"Cote d'Ivoire","CI","CIV",1994,42.1501983630714,52.005
"Cote d'Ivoire","CI","CIV",1993,43.135852786337,52.247
"Cote d'Ivoire","CI","CIV",1992,44.8418522747717,52.429
"Cote d'Ivoire","CI","CIV",1991,47.3199403780965,52.621
"Cote d'Ivoire","CI","CIV",1990,50.6218606460322,52.796
"Cote d'Ivoire","CI","CIV",1989,NA,52.955
"Cote d'Ivoire","CI","CIV",1988,NA,53.062
"Cote d'Ivoire","CI","CIV",1987,NA,53.118
"Cote d'Ivoire","CI","CIV",1986,NA,53.009
"Cote d'Ivoire","CI","CIV",1985,NA,52.861
"Cote d'Ivoire","CI","CIV",1984,NA,52.648
"Cote d'Ivoire","CI","CIV",1983,NA,52.352
"Cote d'Ivoire","CI","CIV",1982,NA,52.09
"Cote d'Ivoire","CI","CIV",1981,NA,51.791
"Cote d'Ivoire","CI","CIV",1980,NA,51.437
"Cote d'Ivoire","CI","CIV",1979,NA,50.983
"Cote d'Ivoire","CI","CIV",1978,NA,50.361
"Cote d'Ivoire","CI","CIV",1977,NA,49.624
"Cote d'Ivoire","CI","CIV",1976,NA,48.863
"Cote d'Ivoire","CI","CIV",1975,NA,48.03
"Cote d'Ivoire","CI","CIV",1974,NA,47.207
"Cote d'Ivoire","CI","CIV",1973,NA,46.372
"Cote d'Ivoire","CI","CIV",1972,NA,45.575
"Cote d'Ivoire","CI","CIV",1971,NA,44.783
"Cote d'Ivoire","CI","CIV",1970,NA,44.045
"Cote d'Ivoire","CI","CIV",1969,NA,43.345
"Cote d'Ivoire","CI","CIV",1968,NA,42.648
"Cote d'Ivoire","CI","CIV",1967,NA,41.959
"Cote d'Ivoire","CI","CIV",1966,NA,41.297
"Cote d'Ivoire","CI","CIV",1965,NA,40.643
"Cote d'Ivoire","CI","CIV",1964,NA,39.966
"Cote d'Ivoire","CI","CIV",1963,NA,39.315
"Cote d'Ivoire","CI","CIV",1962,NA,38.62
"Cote d'Ivoire","CI","CIV",1961,NA,37.923
"Cote d'Ivoire","CI","CIV",1960,NA,37.244
"Croatia","HR","HRV",2023,NA,78.4731707317073
"Croatia","HR","HRV",2022,NA,77.5756097560976
"Croatia","HR","HRV",2021,NA,76.4243902439025
"Croatia","HR","HRV",2020,16.1208592960264,77.5243902439024
"Croatia","HR","HRV",2019,15.914853988952,78.2243902439024
"Croatia","HR","HRV",2018,20.0014497847215,77.919512195122
"Croatia","HR","HRV",2017,18.7613905967833,77.7268292682927
"Croatia","HR","HRV",2016,18.1778313300349,77.9219512195122
"Croatia","HR","HRV",2015,20.1718710437292,77.2756097560976
"Croatia","HR","HRV",2014,19.8289409065182,77.7243902439024
"Croatia","HR","HRV",2013,20.2640413078795,77.5707317073171
"Croatia","HR","HRV",2012,20.9195365864097,77.1682926829268
"Croatia","HR","HRV",2011,23.6135683044921,76.7756097560976
"Croatia","HR","HRV",2010,21.5520342977398,76.4756097560976
"Croatia","HR","HRV",2009,21.88676949653,76.1682926829268
"Croatia","HR","HRV",2008,22.6849842013375,75.9121951219512
"Croatia","HR","HRV",2007,23.6376920748174,75.7056097560976
"Croatia","HR","HRV",2006,24.4359067796249,75.8368292682927
"Croatia","HR","HRV",2005,24.7706419784151,75.2446341463415
"Croatia","HR","HRV",2004,24.5682548346735,75.520243902439
"Croatia","HR","HRV",2003,24.0769485978838,74.6139024390244
"Croatia","HR","HRV",2002,23.4705060596986,74.7173170731707
"Croatia","HR","HRV",2001,22.9227100117706,74.5129268292683
"Croatia","HR","HRV",2000,22.6073432457522,72.8078048780488
"Croatia","HR","HRV",1999,22.6301223325711,72.6419512195122
"Croatia","HR","HRV",1998,22.9019664021498,72.3170731707317
"Croatia","HR","HRV",1997,23.3044620846332,72.4951219512195
"Croatia","HR","HRV",1996,23.7191960101661,72.3653658536585
"Croatia","HR","HRV",1995,24.0277548088934,72.0843902439024
"Croatia","HR","HRV",1994,24.2370760898721,71.8034146341463
"Croatia","HR","HRV",1993,24.4310314648089,71.5224390243903
"Croatia","HR","HRV",1992,24.6066085678231,71.2414634146342
"Croatia","HR","HRV",1991,24.7607950330343,72.1853658536586
"Croatia","HR","HRV",1990,24.8905784945619,72.1704878048781
"Croatia","HR","HRV",1989,NA,71.8446341463415
"Croatia","HR","HRV",1988,NA,71.4882926829268
"Croatia","HR","HRV",1987,NA,71.470243902439
"Croatia","HR","HRV",1986,NA,71.4190243902439
"Croatia","HR","HRV",1985,NA,70.8860975609756
"Croatia","HR","HRV",1984,NA,70.2185365853659
"Croatia","HR","HRV",1983,NA,70.2748780487805
"Croatia","HR","HRV",1982,NA,70.4826829268293
"Croatia","HR","HRV",1981,NA,70.3443902439025
"Croatia","HR","HRV",1980,NA,70.1753658536586
"Croatia","HR","HRV",1979,NA,70.4273170731707
"Croatia","HR","HRV",1978,NA,70.5387804878049
"Croatia","HR","HRV",1977,NA,70.7443902439024
"Croatia","HR","HRV",1976,NA,70.4553658536585
"Croatia","HR","HRV",1975,NA,70.0019512195122
"Croatia","HR","HRV",1974,NA,70.4333414634146
"Croatia","HR","HRV",1973,NA,69.9239024390244
"Croatia","HR","HRV",1972,NA,69.5739268292683
"Croatia","HR","HRV",1971,NA,69.2641707317073
"Croatia","HR","HRV",1970,NA,68.9891219512195
"Croatia","HR","HRV",1969,NA,68.7662926829268
"Croatia","HR","HRV",1968,NA,68.6990731707317
"Croatia","HR","HRV",1967,NA,68.8450243902439
"Croatia","HR","HRV",1966,NA,68.7118292682927
"Croatia","HR","HRV",1965,NA,68.2781951219512
"Croatia","HR","HRV",1964,NA,67.8488780487805
"Croatia","HR","HRV",1963,NA,67.4221463414634
"Croatia","HR","HRV",1962,NA,67.0652682926829
"Croatia","HR","HRV",1961,NA,66.3461463414634
"Croatia","HR","HRV",1960,NA,65.7464878048781
"Cuba","CU","CUB",2023,NA,78.085
"Cuba","CU","CUB",2022,NA,77.629
"Cuba","CU","CUB",2021,NA,73.201
"Cuba","CU","CUB",2020,21.2367242811561,77.407
"Cuba","CU","CUB",2019,20.3431122356184,77.413
"Cuba","CU","CUB",2018,20.9153664764928,77.426
"Cuba","CU","CUB",2017,20.1327865141339,77.3
"Cuba","CU","CUB",2016,19.7476038869862,77.571
"Cuba","CU","CUB",2015,21.4005165459257,77.745
"Cuba","CU","CUB",2014,20.762060268269,77.825
"Cuba","CU","CUB",2013,19.9113493948996,78.028
"Cuba","CU","CUB",2012,19.6276365485068,78.162
"Cuba","CU","CUB",2011,19.6720738913487,78.051
"Cuba","CU","CUB",2010,18.9083050915655,77.876
"Cuba","CU","CUB",2009,18.9047869404309,77.584
"Cuba","CU","CUB",2008,18.9580468384187,77.589
"Cuba","CU","CUB",2007,19.0582324966618,77.55
"Cuba","CU","CUB",2006,19.1954916262929,77.406
"Cuba","CU","CUB",2005,19.3599719384448,77.54
"Cuba","CU","CUB",2004,19.681946337527,77.326
"Cuba","CU","CUB",2003,20.1976249122847,77.405
"Cuba","CU","CUB",2002,20.7560611503545,76.766
"Cuba","CU","CUB",2001,21.206308539373,76.429
"Cuba","CU","CUB",2000,21.3974205669767,75.922
"Cuba","CU","CUB",1999,21.2767732629056,75.719
"Cuba","CU","CUB",1998,20.9725414928598,75.412
"Cuba","CU","CUB",1997,20.6049769984164,75.064
"Cuba","CU","CUB",1996,20.2943315211523,74.69
"Cuba","CU","CUB",1995,20.1608568026444,74.346
"Cuba","CU","CUB",1994,20.1878709114289,74.092
"Cuba","CU","CUB",1993,20.2780942292423,73.874
"Cuba","CU","CUB",1992,20.4308819674616,73.846
"Cuba","CU","CUB",1991,20.6455893374637,73.757
"Cuba","CU","CUB",1990,20.9215715506259,73.823
"Cuba","CU","CUB",1989,NA,73.69
"Cuba","CU","CUB",1988,NA,73.724
"Cuba","CU","CUB",1987,NA,73.596
"Cuba","CU","CUB",1986,NA,73.558
"Cuba","CU","CUB",1985,NA,73.464
"Cuba","CU","CUB",1984,NA,73.552
"Cuba","CU","CUB",1983,NA,73.564
"Cuba","CU","CUB",1982,NA,73.439
"Cuba","CU","CUB",1981,NA,72.996
"Cuba","CU","CUB",1980,NA,72.603
"Cuba","CU","CUB",1979,NA,72.272
"Cuba","CU","CUB",1978,NA,71.89
"Cuba","CU","CUB",1977,NA,71.411
"Cuba","CU","CUB",1976,NA,70.878
"Cuba","CU","CUB",1975,NA,70.375
"Cuba","CU","CUB",1974,NA,69.867
"Cuba","CU","CUB",1973,NA,69.347
"Cuba","CU","CUB",1972,NA,68.949
"Cuba","CU","CUB",1971,NA,68.432
"Cuba","CU","CUB",1970,NA,67.935
"Cuba","CU","CUB",1969,NA,67.358
"Cuba","CU","CUB",1968,NA,66.944
"Cuba","CU","CUB",1967,NA,66.514
"Cuba","CU","CUB",1966,NA,66.074
"Cuba","CU","CUB",1965,NA,65.636
"Cuba","CU","CUB",1964,NA,65.264
"Cuba","CU","CUB",1963,NA,64.347
"Cuba","CU","CUB",1962,NA,64.374
"Cuba","CU","CUB",1961,NA,63.743
"Cuba","CU","CUB",1960,NA,63.316
"Curacao","CW","CUW",2023,NA,76.8
"Curacao","CW","CUW",2022,NA,76.729
"Curacao","CW","CUW",2021,NA,75.686
"Curacao","CW","CUW",2020,NA,76.501
"Curacao","CW","CUW",2019,NA,76.492
"Curacao","CW","CUW",2018,NA,76.493
"Curacao","CW","CUW",2017,NA,76.423
"Curacao","CW","CUW",2016,NA,76.322
"Curacao","CW","CUW",2015,NA,76.482
"Curacao","CW","CUW",2014,NA,76.384
"Curacao","CW","CUW",2013,NA,76.239
"Curacao","CW","CUW",2012,NA,75.96
"Curacao","CW","CUW",2011,NA,75.576
"Curacao","CW","CUW",2010,NA,75.117
"Curacao","CW","CUW",2009,NA,74.485
"Curacao","CW","CUW",2008,NA,74.314
"Curacao","CW","CUW",2007,NA,74.137
"Curacao","CW","CUW",2006,NA,73.978
"Curacao","CW","CUW",2005,NA,73.873
"Curacao","CW","CUW",2004,NA,73.735
"Curacao","CW","CUW",2003,NA,73.603
"Curacao","CW","CUW",2002,NA,73.472
"Curacao","CW","CUW",2001,NA,73.36
"Curacao","CW","CUW",2000,NA,73.283
"Curacao","CW","CUW",1999,NA,73.174
"Curacao","CW","CUW",1998,NA,73.084
"Curacao","CW","CUW",1997,NA,73.035
"Curacao","CW","CUW",1996,NA,72.945
"Curacao","CW","CUW",1995,NA,72.831
"Curacao","CW","CUW",1994,NA,72.791
"Curacao","CW","CUW",1993,NA,72.703
"Curacao","CW","CUW",1992,NA,72.65
"Curacao","CW","CUW",1991,NA,72.536
"Curacao","CW","CUW",1990,NA,72.439
"Curacao","CW","CUW",1989,NA,72.151
"Curacao","CW","CUW",1988,NA,72.23
"Curacao","CW","CUW",1987,NA,72.139
"Curacao","CW","CUW",1986,NA,71.996
"Curacao","CW","CUW",1985,NA,71.867
"Curacao","CW","CUW",1984,NA,71.715
"Curacao","CW","CUW",1983,NA,71.534
"Curacao","CW","CUW",1982,NA,71.377
"Curacao","CW","CUW",1981,NA,71.175
"Curacao","CW","CUW",1980,NA,70.951
"Curacao","CW","CUW",1979,NA,70.716
"Curacao","CW","CUW",1978,NA,70.445
"Curacao","CW","CUW",1977,NA,70.202
"Curacao","CW","CUW",1976,NA,69.951
"Curacao","CW","CUW",1975,NA,69.672
"Curacao","CW","CUW",1974,NA,69.394
"Curacao","CW","CUW",1973,NA,69.092
"Curacao","CW","CUW",1972,NA,68.811
"Curacao","CW","CUW",1971,NA,68.505
"Curacao","CW","CUW",1970,NA,68.23
"Curacao","CW","CUW",1969,NA,67.929
"Curacao","CW","CUW",1968,NA,67.67
"Curacao","CW","CUW",1967,NA,67.405
"Curacao","CW","CUW",1966,NA,67.136
"Curacao","CW","CUW",1965,NA,66.862
"Curacao","CW","CUW",1964,NA,66.59
"Curacao","CW","CUW",1963,NA,66.312
"Curacao","CW","CUW",1962,NA,66.027
"Curacao","CW","CUW",1961,NA,65.745
"Curacao","CW","CUW",1960,NA,65.406
"Cyprus","CY","CYP",2023,NA,81.648
"Cyprus","CY","CYP",2022,NA,80.434
"Cyprus","CY","CYP",2021,NA,80.573
"Cyprus","CY","CYP",2020,13.508701890821,81.23
"Cyprus","CY","CYP",2019,15.0066614653737,81.454
"Cyprus","CY","CYP",2018,15.24949999422,81.556
"Cyprus","CY","CYP",2017,15.1071226081124,81.543
"Cyprus","CY","CYP",2016,14.4813342529054,81.534
"Cyprus","CY","CYP",2015,16.9122147785325,81.464
"Cyprus","CY","CYP",2014,16.1114833623758,81.337
"Cyprus","CY","CYP",2013,16.2406674925642,81.317
"Cyprus","CY","CYP",2012,16.876649443899,81.128
"Cyprus","CY","CYP",2011,18.4875017910321,80.855
"Cyprus","CY","CYP",2010,18.5197054300908,80.632
"Cyprus","CY","CYP",2009,18.6349841169269,80.375
"Cyprus","CY","CYP",2008,18.8345412246726,79.906
"Cyprus","CY","CYP",2007,19.077613123502,79.798
"Cyprus","CY","CYP",2006,19.3234361835894,79.456
"Cyprus","CY","CYP",2005,19.5312467751087,79.198
"Cyprus","CY","CYP",2004,19.7058229652141,79.007
"Cyprus","CY","CYP",2003,19.8757470128298,78.908
"Cyprus","CY","CYP",2002,20.0359615757853,78.758
"Cyprus","CY","CYP",2001,20.1814093119104,78.185
"Cyprus","CY","CYP",2000,20.3070328790346,77.9
"Cyprus","CY","CYP",1999,20.465486520084,77.572
"Cyprus","CY","CYP",1998,20.6705410941233,77.164
"Cyprus","CY","CYP",1997,20.8588141831901,77.119
"Cyprus","CY","CYP",1996,20.966923369322,76.88
"Cyprus","CY","CYP",1995,20.9314862345563,76.583
"Cyprus","CY","CYP",1994,20.7698339255299,76.383
"Cyprus","CY","CYP",1993,20.5431703420465,76.294
"Cyprus","CY","CYP",1992,20.2539221958945,76.291
"Cyprus","CY","CYP",1991,19.9045161988622,76.246
"Cyprus","CY","CYP",1990,19.497379062738,76.044
"Cyprus","CY","CYP",1989,NA,75.841
"Cyprus","CY","CYP",1988,NA,75.39
"Cyprus","CY","CYP",1987,NA,75.264
"Cyprus","CY","CYP",1986,NA,74.93
"Cyprus","CY","CYP",1985,NA,74.64
"Cyprus","CY","CYP",1984,NA,74
"Cyprus","CY","CYP",1983,NA,73.708
"Cyprus","CY","CYP",1982,NA,73.518
"Cyprus","CY","CYP",1981,NA,73.053
"Cyprus","CY","CYP",1980,NA,72.844
"Cyprus","CY","CYP",1979,NA,72.179
"Cyprus","CY","CYP",1978,NA,71.741
"Cyprus","CY","CYP",1977,NA,71.258
"Cyprus","CY","CYP",1976,NA,70.805
"Cyprus","CY","CYP",1975,NA,70.336
"Cyprus","CY","CYP",1974,NA,54.551
"Cyprus","CY","CYP",1973,NA,69.005
"Cyprus","CY","CYP",1972,NA,68.629
"Cyprus","CY","CYP",1971,NA,68.351
"Cyprus","CY","CYP",1970,NA,68.05
"Cyprus","CY","CYP",1969,NA,67.599
"Cyprus","CY","CYP",1968,NA,67.251
"Cyprus","CY","CYP",1967,NA,66.906
"Cyprus","CY","CYP",1966,NA,66.489
"Cyprus","CY","CYP",1965,NA,66.124
"Cyprus","CY","CYP",1964,NA,62.24
"Cyprus","CY","CYP",1963,NA,61.779
"Cyprus","CY","CYP",1962,NA,64.72
"Cyprus","CY","CYP",1961,NA,64.076
"Cyprus","CY","CYP",1960,NA,63.32
"Czechia","CZ","CZE",2023,NA,79.8268292682927
"Czechia","CZ","CZE",2022,NA,78.9292682926829
"Czechia","CZ","CZE",2021,NA,77.2219512195122
"Czechia","CZ","CZE",2020,14.1110711384133,78.2268292682927
"Czechia","CZ","CZE",2019,14.2336874017967,79.2292682926829
"Czechia","CZ","CZE",2018,17.3467438168398,79.0292682926829
"Czechia","CZ","CZE",2017,16.9432784272519,78.9780487804878
"Czechia","CZ","CZE",2016,16.9928991704268,79.0268292682927
"Czechia","CZ","CZE",2015,17.8128111083862,78.5780487804878
"Czechia","CZ","CZE",2014,18.3617483140192,78.8243902439024
"Czechia","CZ","CZE",2013,18.9336384922511,78.1756097560976
"Czechia","CZ","CZE",2012,19.2882808825023,78.0756097560976
"Czechia","CZ","CZE",2011,21.0141184753393,77.8731707317073
"Czechia","CZ","CZE",2010,20.907069022985,77.4243902439025
"Czechia","CZ","CZE",2009,21.0536085197657,77.0780487804878
"Czechia","CZ","CZE",2008,21.402710346385,76.9756097560976
"Czechia","CZ","CZE",2007,21.819301739304,76.7243902439025
"Czechia","CZ","CZE",2006,22.1683099349838,76.5243902439024
"Czechia","CZ","CZE",2005,22.3146621698858,75.9243902439025
"Czechia","CZ","CZE",2004,22.1315314290352,75.7219512195122
"Czechia","CZ","CZE",2003,21.6912502267081,75.1707317073171
"Czechia","CZ","CZE",2002,21.1574850932414,75.2219512195122
"Czechia","CZ","CZE",2001,20.693902558972,75.1731707317073
"Czechia","CZ","CZE",2000,20.464169154237,74.9682926829268
"Czechia","CZ","CZE",1999,20.7299510028109,74.6682926829268
"Czechia","CZ","CZE",1998,21.4759978093713,74.5146341463415
"Czechia","CZ","CZE",1997,22.4506014756095,73.8248780487805
"Czechia","CZ","CZE",1996,23.4020539032172,73.7146341463415
"Czechia","CZ","CZE",1995,24.0786469938858,73.0748780487805
"Czechia","CZ","CZE",1994,24.5186573360936,72.9726829268293
"Czechia","CZ","CZE",1993,24.9180311546599,72.7678048780488
"Czechia","CZ","CZE",1992,25.261564805787,72.2717073170732
"Czechia","CZ","CZE",1991,25.5340546456774,71.8982926829268
"Czechia","CZ","CZE",1990,25.7202970305337,71.3839024390244
"Czechia","CZ","CZE",1989,NA,71.6756097560976
"Czechia","CZ","CZE",1988,NA,71.6414634146342
"Czechia","CZ","CZE",1987,NA,71.4456097560976
"Czechia","CZ","CZE",1986,NA,70.9973170731707
"Czechia","CZ","CZE",1985,NA,71.0463414634146
"Czechia","CZ","CZE",1984,NA,70.8375609756098
"Czechia","CZ","CZE",1983,NA,70.5914634146341
"Czechia","CZ","CZE",1982,NA,70.8078048780488
"Czechia","CZ","CZE",1981,NA,70.7221951219512
"Czechia","CZ","CZE",1980,NA,70.2780487804878
"Czechia","CZ","CZE",1979,NA,70.749512195122
"Czechia","CZ","CZE",1978,NA,70.6439024390244
"Czechia","CZ","CZE",1977,NA,70.5734146341463
"Czechia","CZ","CZE",1976,NA,70.5326829268293
"Czechia","CZ","CZE",1975,NA,70.4146341463415
"Czechia","CZ","CZE",1974,NA,70.0865853658537
"Czechia","CZ","CZE",1973,NA,70.0226829268293
"Czechia","CZ","CZE",1972,NA,70.1765853658537
"Czechia","CZ","CZE",1971,NA,69.6770731707317
"Czechia","CZ","CZE",1970,NA,69.440243902439
"Czechia","CZ","CZE",1969,NA,69.3670731707317
"Czechia","CZ","CZE",1968,NA,69.8407317073171
"Czechia","CZ","CZE",1967,NA,70.2641463414634
"Czechia","CZ","CZE",1966,NA,70.3848780487805
"Czechia","CZ","CZE",1965,NA,70.1631707317073
"Czechia","CZ","CZE",1964,NA,70.459512195122
"Czechia","CZ","CZE",1963,NA,70.3043902439025
"Czechia","CZ","CZE",1962,NA,69.7868292682927
"Czechia","CZ","CZE",1961,NA,70.5126829268293
"Czechia","CZ","CZE",1960,NA,70.3487804878049
"Denmark","DK","DNK",2023,NA,81.7536585365854
"Denmark","DK","DNK",2022,NA,81.3048780487805
"Denmark","DK","DNK",2021,NA,81.4048780487805
"Denmark","DK","DNK",2020,9.06983927345931,81.6024390243903
"Denmark","DK","DNK",2019,9.61197285377196,81.4512195121951
"Denmark","DK","DNK",2018,10.3539340590391,80.9536585365854
"Denmark","DK","DNK",2017,10.0945595167367,81.1024390243903
"Denmark","DK","DNK",2016,9.23431703209402,80.8536585365854
"Denmark","DK","DNK",2015,10.2267270069046,80.7024390243902
"Denmark","DK","DNK",2014,10.8104890765495,80.7
"Denmark","DK","DNK",2013,10.3963287855885,80.3
"Denmark","DK","DNK",2012,10.811456086122,80.0512195121951
"Denmark","DK","DNK",2011,13.3556789508458,79.8
"Denmark","DK","DNK",2010,13.0860050201498,79.1
"Denmark","DK","DNK",2009,13.1551691176237,78.5975609756098
"Denmark","DK","DNK",2008,13.3353192238882,78.4463414634146
"Denmark","DK","DNK",2007,13.5854420597073,78.1951219512195
"Denmark","DK","DNK",2006,13.8645243458452,78.0951219512195
"Denmark","DK","DNK",2005,14.1315528030661,77.8439024390244
"Denmark","DK","DNK",2004,14.4139688325594,77.4926829268293
"Denmark","DK","DNK",2003,14.742653395412,77.1439024390244
"Denmark","DK","DNK",2002,15.0817525522341,76.8951219512195
"Denmark","DK","DNK",2001,15.395412363636,76.7926829268293
"Denmark","DK","DNK",2000,15.647778890228,76.5926829268293
"Denmark","DK","DNK",1999,15.840233947121,76.3414634146341
"Denmark","DK","DNK",1998,16.0141409474594,76.1390243902439
"Denmark","DK","DNK",1997,16.193618348904,75.9451219512195
"Denmark","DK","DNK",1996,16.4027846091154,75.5914634146342
"Denmark","DK","DNK",1995,16.6657581857543,75.2126829268293
"Denmark","DK","DNK",1994,16.9731187707362,75.3751219512195
"Denmark","DK","DNK",1993,17.2994149292209,75.1168292682927
"Denmark","DK","DNK",1992,17.6447184287364,75.1941463414634
"Denmark","DK","DNK",1991,18.0091010368105,75.1578048780488
"Denmark","DK","DNK",1990,18.3926345209712,74.8053658536585
"Denmark","DK","DNK",1989,NA,74.799756097561
"Denmark","DK","DNK",1988,NA,74.7717073170732
"Denmark","DK","DNK",1987,NA,74.6912195121951
"Denmark","DK","DNK",1986,NA,74.579756097561
"Denmark","DK","DNK",1985,NA,74.4275609756098
"Denmark","DK","DNK",1984,NA,74.5621951219512
"Denmark","DK","DNK",1983,NA,74.4204878048781
"Denmark","DK","DNK",1982,NA,74.5512195121951
"Denmark","DK","DNK",1981,NA,74.2304878048781
"Denmark","DK","DNK",1980,NA,74.1017073170732
"Denmark","DK","DNK",1979,NA,74.2192682926829
"Denmark","DK","DNK",1978,NA,74.3929268292683
"Denmark","DK","DNK",1977,NA,74.6324390243903
"Denmark","DK","DNK",1976,NA,73.739756097561
"Denmark","DK","DNK",1975,NA,74.0751219512195
"Denmark","DK","DNK",1974,NA,73.8082926829268
"Denmark","DK","DNK",1973,NA,73.6821951219512
"Denmark","DK","DNK",1972,NA,73.4390243902439
"Denmark","DK","DNK",1971,NA,73.4146341463415
"Denmark","DK","DNK",1970,NA,73.3434146341463
"Denmark","DK","DNK",1969,NA,73.2209756097561
"Denmark","DK","DNK",1968,NA,73.1214634146341
"Denmark","DK","DNK",1967,NA,72.9221951219512
"Denmark","DK","DNK",1966,NA,72.4441463414634
"Denmark","DK","DNK",1965,NA,72.3707317073171
"Denmark","DK","DNK",1964,NA,72.4851219512195
"Denmark","DK","DNK",1963,NA,72.4004878048781
"Denmark","DK","DNK",1962,NA,72.319756097561
"Denmark","DK","DNK",1961,NA,72.4382926829268
"Denmark","DK","DNK",1960,NA,72.1765853658537
"Djibouti","DJ","DJI",2023,NA,65.987
"Djibouti","DJ","DJI",2022,NA,65.54
"Djibouti","DJ","DJI",2021,NA,63.83
"Djibouti","DJ","DJI",2020,35.9243304831101,64.2
"Djibouti","DJ","DJI",2019,39.7218573893781,64.381
"Djibouti","DJ","DJI",2018,43.0573056895078,64.105
"Djibouti","DJ","DJI",2017,44.0854038430172,63.71
"Djibouti","DJ","DJI",2016,44.0959715411584,63.335
"Djibouti","DJ","DJI",2015,45.1648934739259,62.833
"Djibouti","DJ","DJI",2014,42.8427623405981,62.427
"Djibouti","DJ","DJI",2013,47.8759603560518,62.116
"Djibouti","DJ","DJI",2012,49.9458902567221,61.719
"Djibouti","DJ","DJI",2011,44.8504343538823,61.337
"Djibouti","DJ","DJI",2010,41.241906936911,60.743
"Djibouti","DJ","DJI",2009,40.2482899394421,60.351
"Djibouti","DJ","DJI",2008,39.4882808801691,59.815
"Djibouti","DJ","DJI",2007,38.9566227288879,59.362
"Djibouti","DJ","DJI",2006,38.6480584553947,58.962
"Djibouti","DJ","DJI",2005,38.5573310294856,58.548
"Djibouti","DJ","DJI",2004,39.0211452137423,58.103
"Djibouti","DJ","DJI",2003,40.1033908297196,58.041
"Djibouti","DJ","DJI",2002,41.3895884356727,57.824
"Djibouti","DJ","DJI",2001,42.4652585898573,57.506
"Djibouti","DJ","DJI",2000,42.9159218505288,56.734
"Djibouti","DJ","DJI",1999,42.1155319884948,56.564
"Djibouti","DJ","DJI",1998,40.2064547297979,56.426
"Djibouti","DJ","DJI",1997,37.9268285655456,56.207
"Djibouti","DJ","DJI",1996,36.0147919868454,56.33
"Djibouti","DJ","DJI",1995,35.2084834848047,56.234
"Djibouti","DJ","DJI",1994,35.2206995957851,55.592
"Djibouti","DJ","DJI",1993,35.333848154152,55.734
"Djibouti","DJ","DJI",1992,35.6404845980184,54.375
"Djibouti","DJ","DJI",1991,36.2331643654971,55.194
"Djibouti","DJ","DJI",1990,37.2044428947012,55.469
"Djibouti","DJ","DJI",1989,NA,55.369
"Djibouti","DJ","DJI",1988,NA,55.133
"Djibouti","DJ","DJI",1987,NA,54.832
"Djibouti","DJ","DJI",1986,NA,54.494
"Djibouti","DJ","DJI",1985,NA,54.075
"Djibouti","DJ","DJI",1984,NA,53.745
"Djibouti","DJ","DJI",1983,NA,53.334
"Djibouti","DJ","DJI",1982,NA,52.893
"Djibouti","DJ","DJI",1981,NA,52.355
"Djibouti","DJ","DJI",1980,NA,52.046
"Djibouti","DJ","DJI",1979,NA,51.597
"Djibouti","DJ","DJI",1978,NA,51.172
"Djibouti","DJ","DJI",1977,NA,50.755
"Djibouti","DJ","DJI",1976,NA,50.335
"Djibouti","DJ","DJI",1975,NA,49.923
"Djibouti","DJ","DJI",1974,NA,49.52
"Djibouti","DJ","DJI",1973,NA,49.097
"Djibouti","DJ","DJI",1972,NA,48.532
"Djibouti","DJ","DJI",1971,NA,47.259
"Djibouti","DJ","DJI",1970,NA,47.536
"Djibouti","DJ","DJI",1969,NA,47.067
"Djibouti","DJ","DJI",1968,NA,46.552
"Djibouti","DJ","DJI",1967,NA,46.103
"Djibouti","DJ","DJI",1966,NA,45.62
"Djibouti","DJ","DJI",1965,NA,45.234
"Djibouti","DJ","DJI",1964,NA,44.812
"Djibouti","DJ","DJI",1963,NA,44.442
"Djibouti","DJ","DJI",1962,NA,44.092
"Djibouti","DJ","DJI",1961,NA,43.781
"Djibouti","DJ","DJI",1960,NA,43.421
"Dominica","DM","DMA",2023,NA,71.132
"Dominica","DM","DMA",2022,NA,71.081
"Dominica","DM","DMA",2021,NA,69.832
"Dominica","DM","DMA",2020,20.6672998234563,71.269
"Dominica","DM","DMA",2019,20.0434244381572,71.305
"Dominica","DM","DMA",2018,20.3127256712935,71.378
"Dominica","DM","DMA",2017,20.1703226562748,68.62
"Dominica","DM","DMA",2016,21.0269310891431,71.189
"Dominica","DM","DMA",2015,21.0213905070044,69.968
"Dominica","DM","DMA",2014,19.2837003253437,71.189
"Dominica","DM","DMA",2013,19.0541863206737,71.228
"Dominica","DM","DMA",2012,18.6039506649296,71.391
"Dominica","DM","DMA",2011,18.0656281510706,71.517
"Dominica","DM","DMA",2010,18.4338503842066,71.68
"Dominica","DM","DMA",2009,18.4710478019561,71.835
"Dominica","DM","DMA",2008,18.4414086180074,71.945
"Dominica","DM","DMA",2007,18.3896757586464,71.901
"Dominica","DM","DMA",2006,18.3605921501588,72.007
"Dominica","DM","DMA",2005,18.3989007188307,72.016
"Dominica","DM","DMA",2004,18.6143081909513,71.987
"Dominica","DM","DMA",2003,19.005845655251,71.942
"Dominica","DM","DMA",2002,19.4522425816776,71.927
"Dominica","DM","DMA",2001,19.8322284401784,71.862
"Dominica","DM","DMA",2000,20.0245327007011,71.715
"Dominica","DM","DMA",1999,20.0340815111426,71.527
"Dominica","DM","DMA",1998,19.974124241798,71.352
"Dominica","DM","DMA",1997,19.8858751962121,71.195
"Dominica","DM","DMA",1996,19.8105486779298,71.039
"Dominica","DM","DMA",1995,19.7893589904961,70.832
"Dominica","DM","DMA",1994,19.8372341162904,70.777
"Dominica","DM","DMA",1993,19.9371660431095,70.612
"Dominica","DM","DMA",1992,20.0824650826237,70.473
"Dominica","DM","DMA",1991,20.2664415465037,70.398
"Dominica","DM","DMA",1990,20.4824057464199,70.471
"Dominica","DM","DMA",1989,NA,70.663
"Dominica","DM","DMA",1988,NA,70.974
"Dominica","DM","DMA",1987,NA,71.368
"Dominica","DM","DMA",1986,NA,71.671
"Dominica","DM","DMA",1985,NA,71.918
"Dominica","DM","DMA",1984,NA,71.913
"Dominica","DM","DMA",1983,NA,72.005
"Dominica","DM","DMA",1982,NA,71.749
"Dominica","DM","DMA",1981,NA,71.46
"Dominica","DM","DMA",1980,NA,71.013
"Dominica","DM","DMA",1979,NA,69.195
"Dominica","DM","DMA",1978,NA,70.115
"Dominica","DM","DMA",1977,NA,69.715
"Dominica","DM","DMA",1976,NA,69.411
"Dominica","DM","DMA",1975,NA,69.059
"Dominica","DM","DMA",1974,NA,68.585
"Dominica","DM","DMA",1973,NA,68.097
"Dominica","DM","DMA",1972,NA,67.468
"Dominica","DM","DMA",1971,NA,66.763
"Dominica","DM","DMA",1970,NA,66.208
"Dominica","DM","DMA",1969,NA,65.704
"Dominica","DM","DMA",1968,NA,65.277
"Dominica","DM","DMA",1967,NA,64.856
"Dominica","DM","DMA",1966,NA,64.457
"Dominica","DM","DMA",1965,NA,63.913
"Dominica","DM","DMA",1964,NA,63.278
"Dominica","DM","DMA",1963,NA,62.612
"Dominica","DM","DMA",1962,NA,61.894
"Dominica","DM","DMA",1961,NA,61.022
"Dominica","DM","DMA",1960,NA,60.076
"Dominican Republic","DO","DOM",2023,NA,73.72
"Dominican Republic","DO","DOM",2022,NA,74.211
"Dominican Republic","DO","DOM",2021,NA,71.757
"Dominican Republic","DO","DOM",2020,19.8267440369685,72.636
"Dominican Republic","DO","DOM",2019,19.4968181870994,73.112
"Dominican Republic","DO","DOM",2018,19.5892802619564,73.555
"Dominican Republic","DO","DOM",2017,19.1203299259262,73.37
"Dominican Republic","DO","DOM",2016,19.2491722418682,72.889
"Dominican Republic","DO","DOM",2015,19.9571847572804,72.982
"Dominican Republic","DO","DOM",2014,18.9396637119659,73.145
"Dominican Republic","DO","DOM",2013,17.6634551412186,73.038
"Dominican Republic","DO","DOM",2012,17.6468205135185,72.817
"Dominican Republic","DO","DOM",2011,17.4713311482988,72.496
"Dominican Republic","DO","DOM",2010,17.5360829581378,72.039
"Dominican Republic","DO","DOM",2009,17.6094522417012,71.587
"Dominican Republic","DO","DOM",2008,17.7216483065249,71.331
"Dominican Republic","DO","DOM",2007,17.8592437232185,71.097
"Dominican Republic","DO","DOM",2006,18.0088110623915,71.054
"Dominican Republic","DO","DOM",2005,18.1569228946537,71.043
"Dominican Republic","DO","DOM",2004,18.3465652297896,70.73
"Dominican Republic","DO","DOM",2003,18.5910355134394,70.856
"Dominican Republic","DO","DOM",2002,18.832373469996,70.719
"Dominican Republic","DO","DOM",2001,19.0126188238523,70.553
"Dominican Republic","DO","DOM",2000,19.0738112994015,70.365
"Dominican Republic","DO","DOM",1999,18.8868525143204,70.178
"Dominican Republic","DO","DOM",1998,18.4652920774707,69.875
"Dominican Republic","DO","DOM",1997,17.9651417000223,69.809
"Dominican Republic","DO","DOM",1996,17.5424130931449,69.595
"Dominican Republic","DO","DOM",1995,17.3531179680085,69.394
"Dominican Republic","DO","DOM",1994,17.341679059747,69.16
"Dominican Republic","DO","DOM",1993,17.359963053397,68.86
"Dominican Republic","DO","DOM",1992,17.4251475849818,68.525
"Dominican Republic","DO","DOM",1991,17.5544102905251,68.154
"Dominican Republic","DO","DOM",1990,17.7649288060502,67.746
"Dominican Republic","DO","DOM",1989,NA,67.331
"Dominican Republic","DO","DOM",1988,NA,66.914
"Dominican Republic","DO","DOM",1987,NA,66.49
"Dominican Republic","DO","DOM",1986,NA,66.059
"Dominican Republic","DO","DOM",1985,NA,65.614
"Dominican Republic","DO","DOM",1984,NA,65.134
"Dominican Republic","DO","DOM",1983,NA,64.63
"Dominican Republic","DO","DOM",1982,NA,64.198
"Dominican Republic","DO","DOM",1981,NA,63.776
"Dominican Republic","DO","DOM",1980,NA,63.391
"Dominican Republic","DO","DOM",1979,NA,62.425
"Dominican Republic","DO","DOM",1978,NA,62.624
"Dominican Republic","DO","DOM",1977,NA,62.2
"Dominican Republic","DO","DOM",1976,NA,61.739
"Dominican Republic","DO","DOM",1975,NA,61.254
"Dominican Republic","DO","DOM",1974,NA,60.757
"Dominican Republic","DO","DOM",1973,NA,60.228
"Dominican Republic","DO","DOM",1972,NA,59.661
"Dominican Republic","DO","DOM",1971,NA,59.09
"Dominican Republic","DO","DOM",1970,NA,58.493
"Dominican Republic","DO","DOM",1969,NA,57.886
"Dominican Republic","DO","DOM",1968,NA,57.272
"Dominican Republic","DO","DOM",1967,NA,56.646
"Dominican Republic","DO","DOM",1966,NA,55.965
"Dominican Republic","DO","DOM",1965,NA,52.842
"Dominican Republic","DO","DOM",1964,NA,54.653
"Dominican Republic","DO","DOM",1963,NA,53.754
"Dominican Republic","DO","DOM",1962,NA,53.199
"Dominican Republic","DO","DOM",1961,NA,52.447
"Dominican Republic","DO","DOM",1960,NA,51.705
"Ecuador","EC","ECU",2023,NA,77.392
"Ecuador","EC","ECU",2022,NA,76.577
"Ecuador","EC","ECU",2021,NA,72.746
"Ecuador","EC","ECU",2020,16.6570210758922,72.004
"Ecuador","EC","ECU",2019,17.769931645036,77.286
"Ecuador","EC","ECU",2018,18.386683414634,77.248
"Ecuador","EC","ECU",2017,19.2459328647667,76.22
"Ecuador","EC","ECU",2016,20.7399169622061,76.094
"Ecuador","EC","ECU",2015,20.1729639726852,76.222
"Ecuador","EC","ECU",2014,20.2791788990402,76.141
"Ecuador","EC","ECU",2013,19.8592620729833,75.832
"Ecuador","EC","ECU",2012,20.8650376880852,75.486
"Ecuador","EC","ECU",2011,19.5919330091265,75.179
"Ecuador","EC","ECU",2010,21.7286460306471,75.188
"Ecuador","EC","ECU",2009,25.5313901614633,74.901
"Ecuador","EC","ECU",2008,30.8131172297608,74.709
"Ecuador","EC","ECU",2007,36.2866971643751,74.226
"Ecuador","EC","ECU",2006,40.6649998941415,74.01
"Ecuador","EC","ECU",2005,42.6608953478956,73.909
"Ecuador","EC","ECU",2004,42.9326149031908,73.868
"Ecuador","EC","ECU",2003,43.0473470554907,73.632
"Ecuador","EC","ECU",2002,43.0813974104958,73.164
"Ecuador","EC","ECU",2001,43.1110715739064,72.571
"Ecuador","EC","ECU",2000,43.2126751514231,72.09
"Ecuador","EC","ECU",1999,43.4287908365942,71.92
"Ecuador","EC","ECU",1998,43.7325175492904,71.949
"Ecuador","EC","ECU",1997,44.095935234696,72.007
"Ecuador","EC","ECU",1996,44.4911238379951,71.82
"Ecuador","EC","ECU",1995,44.8901633043718,71.349
"Ecuador","EC","ECU",1994,45.2867576910863,70.876
"Ecuador","EC","ECU",1993,45.6940883999536,70.07
"Ecuador","EC","ECU",1992,46.11345139299,69.468
"Ecuador","EC","ECU",1991,46.5461426322118,69.04
"Ecuador","EC","ECU",1990,46.9934580796354,68.445
"Ecuador","EC","ECU",1989,NA,67.817
"Ecuador","EC","ECU",1988,NA,67.038
"Ecuador","EC","ECU",1987,NA,66.587
"Ecuador","EC","ECU",1986,NA,66.123
"Ecuador","EC","ECU",1985,NA,65.625
"Ecuador","EC","ECU",1984,NA,65.202
"Ecuador","EC","ECU",1983,NA,64.659
"Ecuador","EC","ECU",1982,NA,64.271
"Ecuador","EC","ECU",1981,NA,63.809
"Ecuador","EC","ECU",1980,NA,63.326
"Ecuador","EC","ECU",1979,NA,62.854
"Ecuador","EC","ECU",1978,NA,62.397
"Ecuador","EC","ECU",1977,NA,61.935
"Ecuador","EC","ECU",1976,NA,61.425
"Ecuador","EC","ECU",1975,NA,61.085
"Ecuador","EC","ECU",1974,NA,60.7
"Ecuador","EC","ECU",1973,NA,60.306
"Ecuador","EC","ECU",1972,NA,59.816
"Ecuador","EC","ECU",1971,NA,59.343
"Ecuador","EC","ECU",1970,NA,58.85
"Ecuador","EC","ECU",1969,NA,58.267
"Ecuador","EC","ECU",1968,NA,57.946
"Ecuador","EC","ECU",1967,NA,57.482
"Ecuador","EC","ECU",1966,NA,57.019
"Ecuador","EC","ECU",1965,NA,56.524
"Ecuador","EC","ECU",1964,NA,55.95
"Ecuador","EC","ECU",1963,NA,55.322
"Ecuador","EC","ECU",1962,NA,54.681
"Ecuador","EC","ECU",1961,NA,54.052
"Ecuador","EC","ECU",1960,NA,53.396
"Egypt, Arab Rep.","EG","EGY",2023,NA,71.633
"Egypt, Arab Rep.","EG","EGY",2022,NA,71.01
"Egypt, Arab Rep.","EG","EGY",2021,NA,68.976
"Egypt, Arab Rep.","EG","EGY",2020,54.8587056496436,69.79
"Egypt, Arab Rep.","EG","EGY",2019,67.7529020891301,71.213
"Egypt, Arab Rep.","EG","EGY",2018,65.4631301601869,70.974
"Egypt, Arab Rep.","EG","EGY",2017,58.9353384135579,70.709
"Egypt, Arab Rep.","EG","EGY",2016,61.4577552982506,70.437
"Egypt, Arab Rep.","EG","EGY",2015,67.6489631610219,70.135
"Egypt, Arab Rep.","EG","EGY",2014,66.1214960792046,69.911
"Egypt, Arab Rep.","EG","EGY",2013,70.1484599687517,69.632
"Egypt, Arab Rep.","EG","EGY",2012,61.7247558733889,69.464
"Egypt, Arab Rep.","EG","EGY",2011,62.0486163821917,69.232
"Egypt, Arab Rep.","EG","EGY",2010,76.4681376215846,69.078
"Egypt, Arab Rep.","EG","EGY",2009,75.0515681476511,68.915
"Egypt, Arab Rep.","EG","EGY",2008,71.6335196352872,68.761
"Egypt, Arab Rep.","EG","EGY",2007,67.4614819486479,68.627
"Egypt, Arab Rep.","EG","EGY",2006,63.7829449518881,68.493
"Egypt, Arab Rep.","EG","EGY",2005,61.8453985091626,68.355
"Egypt, Arab Rep.","EG","EGY",2004,61.2360138708351,68.211
"Egypt, Arab Rep.","EG","EGY",2003,60.7246100249955,68.045
"Egypt, Arab Rep.","EG","EGY",2002,60.3326484423888,67.846
"Egypt, Arab Rep.","EG","EGY",2001,60.0815905937601,67.612
"Egypt, Arab Rep.","EG","EGY",2000,59.9928979498542,67.332
"Egypt, Arab Rep.","EG","EGY",1999,60.5403757642571,67.01
"Egypt, Arab Rep.","EG","EGY",1998,61.8463606675054,66.635
"Egypt, Arab Rep.","EG","EGY",1997,63.4051111957702,66.207
"Egypt, Arab Rep.","EG","EGY",1996,64.7108858852222,65.733
"Egypt, Arab Rep.","EG","EGY",1995,65.2579432720324,65.214
"Egypt, Arab Rep.","EG","EGY",1994,64.9030727511617,64.663
"Egypt, Arab Rep.","EG","EGY",1993,63.8811420091823,64.147
"Egypt, Arab Rep.","EG","EGY",1992,62.2535270196825,63.585
"Egypt, Arab Rep.","EG","EGY",1991,60.0816037562505,63.059
"Egypt, Arab Rep.","EG","EGY",1990,57.4267481924745,62.513
"Egypt, Arab Rep.","EG","EGY",1989,NA,61.949
"Egypt, Arab Rep.","EG","EGY",1988,NA,61.358
"Egypt, Arab Rep.","EG","EGY",1987,NA,60.736
"Egypt, Arab Rep.","EG","EGY",1986,NA,60.085
"Egypt, Arab Rep.","EG","EGY",1985,NA,59.405
"Egypt, Arab Rep.","EG","EGY",1984,NA,58.697
"Egypt, Arab Rep.","EG","EGY",1983,NA,57.967
"Egypt, Arab Rep.","EG","EGY",1982,NA,57.219
"Egypt, Arab Rep.","EG","EGY",1981,NA,56.454
"Egypt, Arab Rep.","EG","EGY",1980,NA,55.673
"Egypt, Arab Rep.","EG","EGY",1979,NA,54.876
"Egypt, Arab Rep.","EG","EGY",1978,NA,54.075
"Egypt, Arab Rep.","EG","EGY",1977,NA,53.272
"Egypt, Arab Rep.","EG","EGY",1976,NA,52.484
"Egypt, Arab Rep.","EG","EGY",1975,NA,51.734
"Egypt, Arab Rep.","EG","EGY",1974,NA,51.044
"Egypt, Arab Rep.","EG","EGY",1973,NA,50.098
"Egypt, Arab Rep.","EG","EGY",1972,NA,49.908
"Egypt, Arab Rep.","EG","EGY",1971,NA,49.48
"Egypt, Arab Rep.","EG","EGY",1970,NA,49
"Egypt, Arab Rep.","EG","EGY",1969,NA,48.7
"Egypt, Arab Rep.","EG","EGY",1968,NA,48.602
"Egypt, Arab Rep.","EG","EGY",1967,NA,48.13
"Egypt, Arab Rep.","EG","EGY",1966,NA,47.988
"Egypt, Arab Rep.","EG","EGY",1965,NA,47.577
"Egypt, Arab Rep.","EG","EGY",1964,NA,47.075
"Egypt, Arab Rep.","EG","EGY",1963,NA,46.493
"Egypt, Arab Rep.","EG","EGY",1962,NA,45.844
"Egypt, Arab Rep.","EG","EGY",1961,NA,45.146
"Egypt, Arab Rep.","EG","EGY",1960,NA,44.436
"El Salvador","SV","SLV",2023,NA,72.099
"El Salvador","SV","SLV",2022,NA,71.969
"El Salvador","SV","SLV",2021,NA,69.941
"El Salvador","SV","SLV",2020,20.0287144500145,70.244
"El Salvador","SV","SLV",2019,18.2675885826061,71.725
"El Salvador","SV","SLV",2018,21.0853412269847,71.384
"El Salvador","SV","SLV",2017,22.1065954946575,71.007
"El Salvador","SV","SLV",2016,22.7554051143461,70.908
"El Salvador","SV","SLV",2015,23.9410831694199,70.952
"El Salvador","SV","SLV",2014,23.5624481373706,71.144
"El Salvador","SV","SLV",2013,25.8009636408055,71.225
"El Salvador","SV","SLV",2012,24.2617826031933,71.42
"El Salvador","SV","SLV",2011,27.5567469396669,71.192
"El Salvador","SV","SLV",2010,23.8295394601694,70.909
"El Salvador","SV","SLV",2009,24.09020900599,70.359
"El Salvador","SV","SLV",2008,24.7662234674635,70.138
"El Salvador","SV","SLV",2007,25.6985915806074,69.82
"El Salvador","SV","SLV",2006,26.7283220814392,69.612
"El Salvador","SV","SLV",2005,27.6964237059766,69.336
"El Salvador","SV","SLV",2004,28.772701131028,69.295
"El Salvador","SV","SLV",2003,30.0717063191467,68.792
"El Salvador","SV","SLV",2002,31.3515689349669,68.526
"El Salvador","SV","SLV",2001,32.370418643123,67.965
"El Salvador","SV","SLV",2000,32.8863851082494,67.711
"El Salvador","SV","SLV",1999,32.9466697532899,67.285
"El Salvador","SV","SLV",1998,32.8279689732808,66.655
"El Salvador","SV","SLV",1997,32.6326548909958,66.248
"El Salvador","SV","SLV",1996,32.4630996292085,65.48
"El Salvador","SV","SLV",1995,32.4216753106925,64.903
"El Salvador","SV","SLV",1994,32.501904590344,64.47
"El Salvador","SV","SLV",1993,32.6274186951707,63.998
"El Salvador","SV","SLV",1992,32.7957526061128,62.944
"El Salvador","SV","SLV",1991,33.0044413041108,62.542
"El Salvador","SV","SLV",1990,33.251019770105,61.981
"El Salvador","SV","SLV",1989,NA,61.254
"El Salvador","SV","SLV",1988,NA,59.977
"El Salvador","SV","SLV",1987,NA,59.402
"El Salvador","SV","SLV",1986,NA,59.329
"El Salvador","SV","SLV",1985,NA,58.031
"El Salvador","SV","SLV",1984,NA,56.571
"El Salvador","SV","SLV",1983,NA,54.373
"El Salvador","SV","SLV",1982,NA,53.342
"El Salvador","SV","SLV",1981,NA,50.889
"El Salvador","SV","SLV",1980,NA,48.589
"El Salvador","SV","SLV",1979,NA,53.805
"El Salvador","SV","SLV",1978,NA,54.709
"El Salvador","SV","SLV",1977,NA,54.047
"El Salvador","SV","SLV",1976,NA,54.375
"El Salvador","SV","SLV",1975,NA,53.422
"El Salvador","SV","SLV",1974,NA,52.891
"El Salvador","SV","SLV",1973,NA,52.782
"El Salvador","SV","SLV",1972,NA,51.956
"El Salvador","SV","SLV",1971,NA,51.665
"El Salvador","SV","SLV",1970,NA,51.364
"El Salvador","SV","SLV",1969,NA,51.279
"El Salvador","SV","SLV",1968,NA,50.837
"El Salvador","SV","SLV",1967,NA,50.844
"El Salvador","SV","SLV",1966,NA,50.672
"El Salvador","SV","SLV",1965,NA,50.208
"El Salvador","SV","SLV",1964,NA,49.75
"El Salvador","SV","SLV",1963,NA,49.38
"El Salvador","SV","SLV",1962,NA,49.001
"El Salvador","SV","SLV",1961,NA,48.633
"El Salvador","SV","SLV",1960,NA,48.292
"Equatorial Guinea","GQ","GNQ",2023,NA,63.707
"Equatorial Guinea","GQ","GNQ",2022,NA,63.355
"Equatorial Guinea","GQ","GNQ",2021,NA,62.447
"Equatorial Guinea","GQ","GNQ",2020,35.3790521811967,62.141
"Equatorial Guinea","GQ","GNQ",2019,31.5523784625482,62.297
"Equatorial Guinea","GQ","GNQ",2018,31.3913053457764,61.915
"Equatorial Guinea","GQ","GNQ",2017,32.7521931809298,61.481
"Equatorial Guinea","GQ","GNQ",2016,36.5313373748734,61.081
"Equatorial Guinea","GQ","GNQ",2015,38.4946753401213,60.635
"Equatorial Guinea","GQ","GNQ",2014,29.8573749067307,60.228
"Equatorial Guinea","GQ","GNQ",2013,29.5859759824635,59.784
"Equatorial Guinea","GQ","GNQ",2012,30.2700780563152,59.301
"Equatorial Guinea","GQ","GNQ",2011,30.9097483573422,58.827
"Equatorial Guinea","GQ","GNQ",2010,29.8073291869447,58.344
"Equatorial Guinea","GQ","GNQ",2009,29.8226790150251,57.881
"Equatorial Guinea","GQ","GNQ",2008,29.8882592062992,57.384
"Equatorial Guinea","GQ","GNQ",2007,29.9959831470343,56.857
"Equatorial Guinea","GQ","GNQ",2006,30.1377642234973,56.354
"Equatorial Guinea","GQ","GNQ",2005,30.3055158219553,55.766
"Equatorial Guinea","GQ","GNQ",2004,31.0334455821968,55.307
"Equatorial Guinea","GQ","GNQ",2003,32.5118032226669,54.791
"Equatorial Guinea","GQ","GNQ",2002,34.2165652476179,54.324
"Equatorial Guinea","GQ","GNQ",2001,35.6237081613021,53.827
"Equatorial Guinea","GQ","GNQ",2000,36.2092084679716,53.395
"Equatorial Guinea","GQ","GNQ",1999,35.7129209263701,53.001
"Equatorial Guinea","GQ","GNQ",1998,34.529459505159,52.646
"Equatorial Guinea","GQ","GNQ",1997,33.1169395234675,52.365
"Equatorial Guinea","GQ","GNQ",1996,31.9334763004246,52.123
"Equatorial Guinea","GQ","GNQ",1995,31.4371851551594,51.926
"Equatorial Guinea","GQ","GNQ",1994,31.6204706130161,51.785
"Equatorial Guinea","GQ","GNQ",1993,32.1724543222084,51.671
"Equatorial Guinea","GQ","GNQ",1992,33.0963272861702,51.579
"Equatorial Guinea","GQ","GNQ",1991,34.395280508335,51.497
"Equatorial Guinea","GQ","GNQ",1990,36.0725049921365,51.397
"Equatorial Guinea","GQ","GNQ",1989,NA,51.292
"Equatorial Guinea","GQ","GNQ",1988,NA,51.184
"Equatorial Guinea","GQ","GNQ",1987,NA,50.99
"Equatorial Guinea","GQ","GNQ",1986,NA,50.848
"Equatorial Guinea","GQ","GNQ",1985,NA,50.599
"Equatorial Guinea","GQ","GNQ",1984,NA,50.195
"Equatorial Guinea","GQ","GNQ",1983,NA,50.046
"Equatorial Guinea","GQ","GNQ",1982,NA,49.666
"Equatorial Guinea","GQ","GNQ",1981,NA,49.107
"Equatorial Guinea","GQ","GNQ",1980,NA,48.78
"Equatorial Guinea","GQ","GNQ",1979,NA,43.033
"Equatorial Guinea","GQ","GNQ",1978,NA,42.331
"Equatorial Guinea","GQ","GNQ",1977,NA,42.008
"Equatorial Guinea","GQ","GNQ",1976,NA,30.537
"Equatorial Guinea","GQ","GNQ",1975,NA,37.32
"Equatorial Guinea","GQ","GNQ",1974,NA,41.486
"Equatorial Guinea","GQ","GNQ",1973,NA,44.658
"Equatorial Guinea","GQ","GNQ",1972,NA,44.441
"Equatorial Guinea","GQ","GNQ",1971,NA,37.229
"Equatorial Guinea","GQ","GNQ",1970,NA,31.086
"Equatorial Guinea","GQ","GNQ",1969,NA,31
"Equatorial Guinea","GQ","GNQ",1968,NA,44.852
"Equatorial Guinea","GQ","GNQ",1967,NA,44.595
"Equatorial Guinea","GQ","GNQ",1966,NA,44.334
"Equatorial Guinea","GQ","GNQ",1965,NA,44.069
"Equatorial Guinea","GQ","GNQ",1964,NA,43.805
"Equatorial Guinea","GQ","GNQ",1963,NA,43.54
"Equatorial Guinea","GQ","GNQ",1962,NA,43.275
"Equatorial Guinea","GQ","GNQ",1961,NA,43.008
"Equatorial Guinea","GQ","GNQ",1960,NA,42.742
"Eritrea","ER","ERI",2023,NA,68.624
"Eritrea","ER","ERI",2022,NA,67.789
"Eritrea","ER","ERI",2021,NA,66.94
"Eritrea","ER","ERI",2020,32.3515206386852,66.98
"Eritrea","ER","ERI",2019,36.2661285542054,67.306
"Eritrea","ER","ERI",2018,41.5613821480188,66.979
"Eritrea","ER","ERI",2017,41.4045411789422,66.612
"Eritrea","ER","ERI",2016,39.6073262193782,66.242
"Eritrea","ER","ERI",2015,41.1496360897538,65.909
"Eritrea","ER","ERI",2014,35.7775635476002,65.517
"Eritrea","ER","ERI",2013,43.4740446424338,65.005
"Eritrea","ER","ERI",2012,42.9058422883202,64.697
"Eritrea","ER","ERI",2011,40.8624855844964,64.231
"Eritrea","ER","ERI",2010,40.6911921899525,63.665
"Eritrea","ER","ERI",2009,40.5883432774844,63.203
"Eritrea","ER","ERI",2008,40.4362607063139,62.422
"Eritrea","ER","ERI",2007,40.2784930377592,61.998
"Eritrea","ER","ERI",2006,40.1585888331385,61.457
"Eritrea","ER","ERI",2005,40.1200966537702,60.628
"Eritrea","ER","ERI",2004,40.4913783730953,60.063
"Eritrea","ER","ERI",2003,41.3525620117836,59.455
"Eritrea","ER","ERI",2002,42.3748453519965,58.941
"Eritrea","ER","ERI",2001,43.2294261758956,58.359
"Eritrea","ER","ERI",2000,43.5875022656422,56.285
"Eritrea","ER","ERI",1999,43.1385906166221,44.506
"Eritrea","ER","ERI",1998,42.0677848162892,49.997
"Eritrea","ER","ERI",1997,40.7896475349073,56.155
"Eritrea","ER","ERI",1996,39.7187414427405,55.498
"Eritrea","ER","ERI",1995,39.2696292100524,54.822
"Eritrea","ER","ERI",1994,39.3934566226118,54.027
"Eritrea","ER","ERI",1993,39.7789526996012,53.189
"Eritrea","ER","ERI",1992,40.4470549614055,52.436
"Eritrea","ER","ERI",1991,41.4187009284097,50.516
"Eritrea","ER","ERI",1990,42.7148281209985,49.733
"Eritrea","ER","ERI",1989,NA,47.802
"Eritrea","ER","ERI",1988,NA,48.094
"Eritrea","ER","ERI",1987,NA,47.363
"Eritrea","ER","ERI",1986,NA,39.541
"Eritrea","ER","ERI",1985,NA,38.586
"Eritrea","ER","ERI",1984,NA,37.679
"Eritrea","ER","ERI",1983,NA,37.173
"Eritrea","ER","ERI",1982,NA,44.891
"Eritrea","ER","ERI",1981,NA,44.974
"Eritrea","ER","ERI",1980,NA,44.625
"Eritrea","ER","ERI",1979,NA,43.78
"Eritrea","ER","ERI",1978,NA,43.38
"Eritrea","ER","ERI",1977,NA,42.984
"Eritrea","ER","ERI",1976,NA,42.587
"Eritrea","ER","ERI",1975,NA,39.031
"Eritrea","ER","ERI",1974,NA,39.001
"Eritrea","ER","ERI",1973,NA,41.131
"Eritrea","ER","ERI",1972,NA,40.723
"Eritrea","ER","ERI",1971,NA,41.527
"Eritrea","ER","ERI",1970,NA,41.162
"Eritrea","ER","ERI",1969,NA,40.792
"Eritrea","ER","ERI",1968,NA,40.483
"Eritrea","ER","ERI",1967,NA,40.151
"Eritrea","ER","ERI",1966,NA,37.634
"Eritrea","ER","ERI",1965,NA,39.576
"Eritrea","ER","ERI",1964,NA,39.184
"Eritrea","ER","ERI",1963,NA,38.833
"Eritrea","ER","ERI",1962,NA,38.346
"Eritrea","ER","ERI",1961,NA,37.912
"Eritrea","ER","ERI",1960,NA,37.443
"Estonia","EE","EST",2023,NA,78.7926829268293
"Estonia","EE","EST",2022,NA,77.8439024390244
"Estonia","EE","EST",2021,NA,76.9439024390244
"Estonia","EE","EST",2020,6.14573290973003,78.5951219512195
"Estonia","EE","EST",2019,6.84482514683862,78.6463414634147
"Estonia","EE","EST",2018,7.7966811057876,78.2439024390244
"Estonia","EE","EST",2017,6.15485238171865,78.0926829268293
"Estonia","EE","EST",2016,6.87835279660374,77.6414634146342
"Estonia","EE","EST",2015,7.18496063252666,77.590243902439
"Estonia","EE","EST",2014,8.70767888073313,77.0341463414634
"Estonia","EE","EST",2013,8.08122179915709,77.1414634146341
"Estonia","EE","EST",2012,7.99013886909247,76.3268292682927
"Estonia","EE","EST",2011,8.27663619619013,76.2292682926829
"Estonia","EE","EST",2010,9.13653020501115,75.4292682926829
"Estonia","EE","EST",2009,9.29224132008397,74.8243902439024
"Estonia","EE","EST",2008,9.37598066324752,73.7707317073171
"Estonia","EE","EST",2007,9.42873775517208,72.8146341463415
"Estonia","EE","EST",2006,9.49150211652796,72.6914634146341
"Estonia","EE","EST",2005,9.60526326798543,72.5682926829268
"Estonia","EE","EST",2004,9.87858866644381,71.909756097561
"Estonia","EE","EST",2003,10.3301268581838,71.3170731707317
"Estonia","EE","EST",2002,10.8659889979478,70.9048780487805
"Estonia","EE","EST",2001,11.3922862404784,70.2585365853659
"Estonia","EE","EST",2000,11.8151297405178,70.4170731707317
"Estonia","EE","EST",1999,12.1630187885636,70.0634146341463
"Estonia","EE","EST",1998,12.5141457906205,69.3585365853659
"Estonia","EE","EST",1997,12.8491615746915,69.809756097561
"Estonia","EE","EST",1996,13.14871696878,69.6121951219512
"Estonia","EE","EST",1995,13.393462800889,67.5439024390244
"Estonia","EE","EST",1994,13.5966337468261,66.5
"Estonia","EE","EST",1993,13.7808777166766,67.909756097561
"Estonia","EE","EST",1992,13.9409653898604,68.8634146341464
"Estonia","EE","EST",1991,14.0716674457976,69.3731707317073
"Estonia","EE","EST",1990,14.1677545639083,69.4756097560976
"Estonia","EE","EST",1989,NA,70.0390243902439
"Estonia","EE","EST",1988,NA,70.6975609756098
"Estonia","EE","EST",1987,NA,70.6439024390244
"Estonia","EE","EST",1986,NA,70.0853658536585
"Estonia","EE","EST",1985,NA,69.3804878048781
"Estonia","EE","EST",1984,NA,69.2780487804878
"Estonia","EE","EST",1983,NA,69.3756097560976
"Estonia","EE","EST",1982,NA,69.1268292682927
"Estonia","EE","EST",1981,NA,68.9780487804878
"Estonia","EE","EST",1980,NA,69.1147804878049
"Estonia","EE","EST",1979,NA,69.0543170731707
"Estonia","EE","EST",1978,NA,69.2972682926829
"Estonia","EE","EST",1977,NA,69.4489512195122
"Estonia","EE","EST",1976,NA,69.3450731707317
"Estonia","EE","EST",1975,NA,69.7081219512195
"Estonia","EE","EST",1974,NA,70.3461951219512
"Estonia","EE","EST",1973,NA,70.2300243902439
"Estonia","EE","EST",1972,NA,69.9291951219512
"Estonia","EE","EST",1971,NA,70.1225609756098
"Estonia","EE","EST",1970,NA,69.9242195121951
"Estonia","EE","EST",1969,NA,69.7894634146342
"Estonia","EE","EST",1968,NA,70.0807804878049
"Estonia","EE","EST",1967,NA,70.4324146341464
"Estonia","EE","EST",1966,NA,70.1464634146342
"Estonia","EE","EST",1965,NA,70.1765853658537
"Estonia","EE","EST",1964,NA,70.0720975609756
"Estonia","EE","EST",1963,NA,69.3215609756098
"Estonia","EE","EST",1962,NA,69.2920243902439
"Estonia","EE","EST",1961,NA,69.0778780487805
"Estonia","EE","EST",1960,NA,68.749268292683
"Eswatini","SZ","SWZ",2023,NA,64.123
"Eswatini","SZ","SWZ",2022,NA,63.028
"Eswatini","SZ","SWZ",2021,NA,58.228
"Eswatini","SZ","SWZ",2020,18.7831211422857,59.862
"Eswatini","SZ","SWZ",2019,21.1666365348853,59.85
"Eswatini","SZ","SWZ",2018,20.4243293115739,58.707
"Eswatini","SZ","SWZ",2017,20.2613215828667,57.574
"Eswatini","SZ","SWZ",2016,18.9203780644377,56.228
"Eswatini","SZ","SWZ",2015,21.048617578007,54.941
"Eswatini","SZ","SWZ",2014,20.7815505074161,53.491
"Eswatini","SZ","SWZ",2013,20.9735888523904,52.11
"Eswatini","SZ","SWZ",2012,21.1394588219266,50.714
"Eswatini","SZ","SWZ",2011,20.6614067086956,49.057
"Eswatini","SZ","SWZ",2010,21.8022399292635,48.331
"Eswatini","SZ","SWZ",2009,21.714160476043,46.913
"Eswatini","SZ","SWZ",2008,21.5040689260291,45.853
"Eswatini","SZ","SWZ",2007,21.2534157795857,45.16
"Eswatini","SZ","SWZ",2006,21.0436515370767,44.563
"Eswatini","SZ","SWZ",2005,20.9562266988659,43.958
"Eswatini","SZ","SWZ",2004,21.1869451485361,43.906
"Eswatini","SZ","SWZ",2003,21.7499989661246,44.632
"Eswatini","SZ","SWZ",2002,22.4544209466771,45.38
"Eswatini","SZ","SWZ",2001,23.1092438852392,46.344
"Eswatini","SZ","SWZ",2000,23.5235005768566,47.627
"Eswatini","SZ","SWZ",1999,23.748404692759,48.808
"Eswatini","SZ","SWZ",1998,23.9524130320658,50.066
"Eswatini","SZ","SWZ",1997,24.1204230816574,51.699
"Eswatini","SZ","SWZ",1996,24.237332328414,53.296
"Eswatini","SZ","SWZ",1995,24.2880382592158,55.08
"Eswatini","SZ","SWZ",1994,24.2928748257056,56.643
"Eswatini","SZ","SWZ",1993,24.2771536473839,58.092
"Eswatini","SZ","SWZ",1992,24.2332387129177,59.284
"Eswatini","SZ","SWZ",1991,24.153494010974,60.392
"Eswatini","SZ","SWZ",1990,24.0302835302201,61.167
"Eswatini","SZ","SWZ",1989,NA,61.669
"Eswatini","SZ","SWZ",1988,NA,61.934
"Eswatini","SZ","SWZ",1987,NA,61.899
"Eswatini","SZ","SWZ",1986,NA,61.598
"Eswatini","SZ","SWZ",1985,NA,61.165
"Eswatini","SZ","SWZ",1984,NA,60.439
"Eswatini","SZ","SWZ",1983,NA,58.418
"Eswatini","SZ","SWZ",1982,NA,59.467
"Eswatini","SZ","SWZ",1981,NA,58.788
"Eswatini","SZ","SWZ",1980,NA,58.227
"Eswatini","SZ","SWZ",1979,NA,57.536
"Eswatini","SZ","SWZ",1978,NA,56.785
"Eswatini","SZ","SWZ",1977,NA,55.973
"Eswatini","SZ","SWZ",1976,NA,55.172
"Eswatini","SZ","SWZ",1975,NA,54.399
"Eswatini","SZ","SWZ",1974,NA,53.656
"Eswatini","SZ","SWZ",1973,NA,52.99
"Eswatini","SZ","SWZ",1972,NA,52.352
"Eswatini","SZ","SWZ",1971,NA,51.779
"Eswatini","SZ","SWZ",1970,NA,51.208
"Eswatini","SZ","SWZ",1969,NA,50.641
"Eswatini","SZ","SWZ",1968,NA,50.084
"Eswatini","SZ","SWZ",1967,NA,49.526
"Eswatini","SZ","SWZ",1966,NA,48.99
"Eswatini","SZ","SWZ",1965,NA,48.431
"Eswatini","SZ","SWZ",1964,NA,47.922
"Eswatini","SZ","SWZ",1963,NA,47.471
"Eswatini","SZ","SWZ",1962,NA,47.145
"Eswatini","SZ","SWZ",1961,NA,46.75
"Eswatini","SZ","SWZ",1960,NA,46.389
"Ethiopia","ET","ETH",2023,NA,67.315
"Ethiopia","ET","ETH",2022,NA,66.897
"Ethiopia","ET","ETH",2021,NA,65.33
"Ethiopia","ET","ETH",2020,27.3053276470482,65.969
"Ethiopia","ET","ETH",2019,28.6876946331346,65.741
"Ethiopia","ET","ETH",2018,30.2623392192692,65.257
"Ethiopia","ET","ETH",2017,30.4120665058652,64.766
"Ethiopia","ET","ETH",2016,30.9271256840247,64.162
"Ethiopia","ET","ETH",2015,31.4436090208599,63.592
"Ethiopia","ET","ETH",2014,29.7131511992912,62.927
"Ethiopia","ET","ETH",2013,32.2039077009628,62.161
"Ethiopia","ET","ETH",2012,32.643963058463,61.443
"Ethiopia","ET","ETH",2011,31.4291559506252,60.595
"Ethiopia","ET","ETH",2010,30.721062308711,59.709
"Ethiopia","ET","ETH",2009,30.0391738887093,58.715
"Ethiopia","ET","ETH",2008,29.3093559085695,57.733
"Ethiopia","ET","ETH",2007,28.6266951557229,56.566
"Ethiopia","ET","ETH",2006,28.0862784176008,55.402
"Ethiopia","ET","ETH",2005,27.7831924816344,54.364
"Ethiopia","ET","ETH",2004,27.6643794033033,53.735
"Ethiopia","ET","ETH",2003,27.5918951202344,52.877
"Ethiopia","ET","ETH",2002,27.5334972430797,52.085
"Ethiopia","ET","ETH",2001,27.4569433824914,51.428
"Ethiopia","ET","ETH",2000,27.3299911491215,50.88
"Ethiopia","ET","ETH",1999,26.7407834906708,49.486
"Ethiopia","ET","ETH",1998,25.5713266896022,49.785
"Ethiopia","ET","ETH",1997,24.2301733587112,49.21
"Ethiopia","ET","ETH",1996,23.1258761107933,48.697
"Ethiopia","ET","ETH",1995,22.6669875586439,48.156
"Ethiopia","ET","ETH",1994,22.780044669679,47.926
"Ethiopia","ET","ETH",1993,23.1402054406654,47.676
"Ethiopia","ET","ETH",1992,23.7789540284249,47.279
"Ethiopia","ET","ETH",1991,24.7277745897791,46.657
"Ethiopia","ET","ETH",1990,26.0181512815498,45.117
"Ethiopia","ET","ETH",1989,NA,45.644
"Ethiopia","ET","ETH",1988,NA,45.682
"Ethiopia","ET","ETH",1987,NA,45.892
"Ethiopia","ET","ETH",1986,NA,38.371
"Ethiopia","ET","ETH",1985,NA,37.747
"Ethiopia","ET","ETH",1984,NA,36.737
"Ethiopia","ET","ETH",1983,NA,36.319
"Ethiopia","ET","ETH",1982,NA,43.434
"Ethiopia","ET","ETH",1981,NA,43.084
"Ethiopia","ET","ETH",1980,NA,42.815
"Ethiopia","ET","ETH",1979,NA,42.376
"Ethiopia","ET","ETH",1978,NA,41.506
"Ethiopia","ET","ETH",1977,NA,41.397
"Ethiopia","ET","ETH",1976,NA,41.32
"Ethiopia","ET","ETH",1975,NA,38.941
"Ethiopia","ET","ETH",1974,NA,39.083
"Ethiopia","ET","ETH",1973,NA,41.103
"Ethiopia","ET","ETH",1972,NA,41.035
"Ethiopia","ET","ETH",1971,NA,42.216
"Ethiopia","ET","ETH",1970,NA,42.115
"Ethiopia","ET","ETH",1969,NA,42.131
"Ethiopia","ET","ETH",1968,NA,42.092
"Ethiopia","ET","ETH",1967,NA,41.941
"Ethiopia","ET","ETH",1966,NA,39.343
"Ethiopia","ET","ETH",1965,NA,41.413
"Ethiopia","ET","ETH",1964,NA,41.261
"Ethiopia","ET","ETH",1963,NA,40.967
"Ethiopia","ET","ETH",1962,NA,40.531
"Ethiopia","ET","ETH",1961,NA,40.198
"Ethiopia","ET","ETH",1960,NA,39.615
"Faroe Islands","FO","FRO",2023,NA,82.9521195121951
"Faroe Islands","FO","FRO",2022,NA,82.8162292682927
"Faroe Islands","FO","FRO",2021,NA,82.6763219512195
"Faroe Islands","FO","FRO",2020,NA,82.5341926829268
"Faroe Islands","FO","FRO",2019,NA,82.3912829268293
"Faroe Islands","FO","FRO",2018,NA,82.2486024390244
"Faroe Islands","FO","FRO",2017,NA,82.1062926829268
"Faroe Islands","FO","FRO",2016,NA,81.962112195122
"Faroe Islands","FO","FRO",2015,NA,81.7995975609756
"Faroe Islands","FO","FRO",2014,NA,81.5912048780488
"Faroe Islands","FO","FRO",2013,NA,81.356643902439
"Faroe Islands","FO","FRO",2012,NA,81.1060951219512
"Faroe Islands","FO","FRO",2011,NA,80.8518097560976
"Faroe Islands","FO","FRO",2010,NA,80.604956097561
"Faroe Islands","FO","FRO",2009,NA,80.3695317073171
"Faroe Islands","FO","FRO",2008,NA,80.1460804878049
"Faroe Islands","FO","FRO",2007,NA,79.9238243902439
"Faroe Islands","FO","FRO",2006,NA,79.6898609756098
"Faroe Islands","FO","FRO",2005,NA,79.4453463414634
"Faroe Islands","FO","FRO",2004,NA,79.2049804878049
"Faroe Islands","FO","FRO",2003,NA,78.9848073170732
"Faroe Islands","FO","FRO",2002,NA,78.7876585365854
"Faroe Islands","FO","FRO",2001,NA,78.6017292682927
"Faroe Islands","FO","FRO",2000,NA,78.4119073170732
"Faroe Islands","FO","FRO",1999,NA,78.2087731707317
"Faroe Islands","FO","FRO",1998,NA,77.9979951219512
"Faroe Islands","FO","FRO",1997,NA,77.7854414634146
"Faroe Islands","FO","FRO",1996,NA,77.5619634146341
"Faroe Islands","FO","FRO",1995,NA,77.3228243902439
"Faroe Islands","FO","FRO",1994,NA,77.0694536585366
"Faroe Islands","FO","FRO",1993,NA,76.8286975609756
"Faroe Islands","FO","FRO",1992,NA,76.5918219512195
"Faroe Islands","FO","FRO",1991,NA,76.3555731707317
"Faroe Islands","FO","FRO",1990,NA,76.1188024390244
"Faroe Islands","FO","FRO",1989,NA,75.8810756097561
"Faroe Islands","FO","FRO",1988,NA,75.6422292682927
"Faroe Islands","FO","FRO",1987,NA,75.4027682926829
"Faroe Islands","FO","FRO",1986,NA,75.1639024390244
"Faroe Islands","FO","FRO",1985,NA,76.1981707317073
"Faroe Islands","FO","FRO",1984,NA,76.1203414634146
"Faroe Islands","FO","FRO",1983,NA,76.0578048780488
"Faroe Islands","FO","FRO",1982,NA,76.0023170731707
"Faroe Islands","FO","FRO",1981,NA,75.9368536585366
"Faroe Islands","FO","FRO",1980,NA,75.8484390243903
"Faroe Islands","FO","FRO",1979,NA,75.7627804878049
"Faroe Islands","FO","FRO",1978,NA,75.7200243902439
"Faroe Islands","FO","FRO",1977,NA,75.633512195122
"Faroe Islands","FO","FRO",1976,NA,75.5123414634146
"Faroe Islands","FO","FRO",1975,NA,75.4443414634146
"Faroe Islands","FO","FRO",1974,NA,75.3675609756098
"Faroe Islands","FO","FRO",1973,NA,75.327243902439
"Faroe Islands","FO","FRO",1972,NA,75.2144146341464
"Faroe Islands","FO","FRO",1971,NA,75.1171707317073
"Faroe Islands","FO","FRO",1970,NA,74.9766097560976
"Faroe Islands","FO","FRO",1969,NA,74.8429268292683
"Faroe Islands","FO","FRO",1968,NA,74.6961707317073
"Faroe Islands","FO","FRO",1967,NA,74.4996097560976
"Faroe Islands","FO","FRO",1966,NA,74.3161951219512
"Faroe Islands","FO","FRO",1965,NA,74.1064634146341
"Faroe Islands","FO","FRO",1964,NA,73.8559268292683
"Faroe Islands","FO","FRO",1963,NA,73.5539024390244
"Faroe Islands","FO","FRO",1962,NA,73.1757804878049
"Faroe Islands","FO","FRO",1961,NA,72.7121219512195
"Faroe Islands","FO","FRO",1960,NA,72.1079268292683
"Fiji","FJ","FJI",2023,NA,67.316
"Fiji","FJ","FJI",2022,NA,67.148
"Fiji","FJ","FJI",2021,NA,64.904
"Fiji","FJ","FJI",2020,12.4187981716598,66.924
"Fiji","FJ","FJI",2019,12.9123773053208,67.009
"Fiji","FJ","FJI",2018,12.7353038744821,66.965
"Fiji","FJ","FJI",2017,12.3080401904933,67.06
"Fiji","FJ","FJI",2016,12.3284242671983,66.657
"Fiji","FJ","FJI",2015,11.9373871022014,66.48
"Fiji","FJ","FJI",2014,12.1427162201265,66.581
"Fiji","FJ","FJI",2013,12.6556857350952,66.545
"Fiji","FJ","FJI",2012,12.692818373804,65.812
"Fiji","FJ","FJI",2011,12.4871607646576,66.88
"Fiji","FJ","FJI",2010,12.4149926761009,66.778
"Fiji","FJ","FJI",2009,12.4634749225413,66.347
"Fiji","FJ","FJI",2008,12.5346619260234,66.32
"Fiji","FJ","FJI",2007,12.6168885408432,66.161
"Fiji","FJ","FJI",2006,12.6984896212967,66.126
"Fiji","FJ","FJI",2005,12.76780002168,65.983
"Fiji","FJ","FJI",2004,12.8482680746271,65.841
"Fiji","FJ","FJI",2003,12.9523780036188,65.653
"Fiji","FJ","FJI",2002,13.0520184992211,65.492
"Fiji","FJ","FJI",2001,13.119078252,66.205
"Fiji","FJ","FJI",2000,13.1254459525217,66.194
"Fiji","FJ","FJI",1999,12.7551611664742,66.728
"Fiji","FJ","FJI",1998,11.9198831531401,66.536
"Fiji","FJ","FJI",1997,10.9329301434768,66.293
"Fiji","FJ","FJI",1996,10.1076203684418,66.202
"Fiji","FJ","FJI",1995,9.7572720589926,66.007
"Fiji","FJ","FJI",1994,9.75453311696258,65.796
"Fiji","FJ","FJI",1993,9.77566187537701,65.51
"Fiji","FJ","FJI",1992,9.83939221198109,65.407
"Fiji","FJ","FJI",1991,9.96445800452005,65.457
"Fiji","FJ","FJI",1990,10.1695931307391,65.056
"Fiji","FJ","FJI",1989,NA,65.386
"Fiji","FJ","FJI",1988,NA,64.951
"Fiji","FJ","FJI",1987,NA,64.278
"Fiji","FJ","FJI",1986,NA,63.961
"Fiji","FJ","FJI",1985,NA,63.998
"Fiji","FJ","FJI",1984,NA,63.238
"Fiji","FJ","FJI",1983,NA,62.916
"Fiji","FJ","FJI",1982,NA,62.195
"Fiji","FJ","FJI",1981,NA,62.255
"Fiji","FJ","FJI",1980,NA,62.406
"Fiji","FJ","FJI",1979,NA,62.305
"Fiji","FJ","FJI",1978,NA,63.065
"Fiji","FJ","FJI",1977,NA,62.691
"Fiji","FJ","FJI",1976,NA,62.1
"Fiji","FJ","FJI",1975,NA,61.689
"Fiji","FJ","FJI",1974,NA,61.194
"Fiji","FJ","FJI",1973,NA,60.649
"Fiji","FJ","FJI",1972,NA,61.63
"Fiji","FJ","FJI",1971,NA,61.74
"Fiji","FJ","FJI",1970,NA,61.652
"Fiji","FJ","FJI",1969,NA,61.397
"Fiji","FJ","FJI",1968,NA,61.719
"Fiji","FJ","FJI",1967,NA,61.442
"Fiji","FJ","FJI",1966,NA,61.565
"Fiji","FJ","FJI",1965,NA,61.413
"Fiji","FJ","FJI",1964,NA,60.714
"Fiji","FJ","FJI",1963,NA,60.155
"Fiji","FJ","FJI",1962,NA,59.654
"Fiji","FJ","FJI",1961,NA,59.102
"Fiji","FJ","FJI",1960,NA,58.602
"Finland","FI","FIN",2023,NA,81.5853658536585
"Finland","FI","FIN",2022,NA,81.1878048780488
"Finland","FI","FIN",2021,NA,81.8853658536585
"Finland","FI","FIN",2020,4.89518090216668,81.9317073170732
"Finland","FI","FIN",2019,5.37867032806067,81.9829268292683
"Finland","FI","FIN",2018,5.49695736300986,81.7341463414634
"Finland","FI","FIN",2017,5.12673961318144,81.6317073170732
"Finland","FI","FIN",2016,5.27813456745499,81.4292682926829
"Finland","FI","FIN",2015,5.62500854589343,81.4804878048781
"Finland","FI","FIN",2014,6.11857316281583,81.1804878048781
"Finland","FI","FIN",2013,5.85285267653954,80.9756097560976
"Finland","FI","FIN",2012,6.23115629479583,80.6268292682927
"Finland","FI","FIN",2011,6.87039455156535,80.4707317073171
"Finland","FI","FIN",2010,6.99088092919804,79.8707317073171
"Finland","FI","FIN",2009,7.1054975480794,79.719512195122
"Finland","FI","FIN",2008,7.21793319320128,79.5682926829268
"Finland","FI","FIN",2007,7.3276683346314,79.2634146341464
"Finland","FI","FIN",2006,7.43418344243749,79.2146341463415
"Finland","FI","FIN",2005,7.53695898668728,78.8170731707317
"Finland","FI","FIN",2004,7.63663920076146,78.7146341463415
"Finland","FI","FIN",2003,7.73384704624823,78.3682926829268
"Finland","FI","FIN",2002,7.82803108552653,78.119512195122
"Finland","FI","FIN",2001,7.91863988097532,77.9658536585366
"Finland","FI","FIN",2000,8.00512199497353,77.4658536585366
"Finland","FI","FIN",1999,8.10951213716006,77.2912195121951
"Finland","FI","FIN",1998,8.24440730118482,77.0907317073171
"Finland","FI","FIN",1997,8.39509947544331,76.8785365853659
"Finland","FI","FIN",1996,8.54688064833103,76.6934146341464
"Finland","FI","FIN",1995,8.68504280824348,76.409512195122
"Finland","FI","FIN",1994,8.80876359657875,76.3956097560976
"Finland","FI","FIN",1993,8.92717358515835,75.7051219512195
"Finland","FI","FIN",1992,9.04049415801291,75.4553658536585
"Finland","FI","FIN",1991,9.14894669917304,75.2275609756098
"Finland","FI","FIN",1990,9.25275259266938,74.8131707317073
"Finland","FI","FIN",1989,NA,74.7921951219512
"Finland","FI","FIN",1988,NA,74.5770731707317
"Finland","FI","FIN",1987,NA,74.5919512195122
"Finland","FI","FIN",1986,NA,74.56
"Finland","FI","FIN",1985,NA,74.2229268292683
"Finland","FI","FIN",1984,NA,74.5190243902439
"Finland","FI","FIN",1983,NA,74.2009756097561
"Finland","FI","FIN",1982,NA,74.2980487804878
"Finland","FI","FIN",1981,NA,73.7465853658537
"Finland","FI","FIN",1980,NA,73.44
"Finland","FI","FIN",1979,NA,73.1553658536586
"Finland","FI","FIN",1978,NA,72.8970731707317
"Finland","FI","FIN",1977,NA,72.350243902439
"Finland","FI","FIN",1976,NA,71.8129268292683
"Finland","FI","FIN",1975,NA,71.6736585365854
"Finland","FI","FIN",1974,NA,71.1348780487805
"Finland","FI","FIN",1973,NA,71.2236585365854
"Finland","FI","FIN",1972,NA,70.7073170731707
"Finland","FI","FIN",1971,NA,70.0175609756098
"Finland","FI","FIN",1970,NA,70.179512195122
"Finland","FI","FIN",1969,NA,69.5034146341464
"Finland","FI","FIN",1968,NA,69.6163414634146
"Finland","FI","FIN",1967,NA,69.6665853658537
"Finland","FI","FIN",1966,NA,69.4770731707317
"Finland","FI","FIN",1965,NA,68.9778048780488
"Finland","FI","FIN",1964,NA,69.2209756097561
"Finland","FI","FIN",1963,NA,69.0126829268293
"Finland","FI","FIN",1962,NA,68.5778048780488
"Finland","FI","FIN",1961,NA,68.8441463414634
"Finland","FI","FIN",1960,NA,68.819756097561
"France","FR","FRA",2023,NA,82.8317073170732
"France","FR","FRA",2022,NA,82.1292682926829
"France","FR","FRA",2021,NA,82.3243902439024
"France","FR","FRA",2020,9.60038144780495,82.1756097560976
"France","FR","FRA",2019,9.82524600527018,82.8268292682927
"France","FR","FRA",2018,10.4599453286038,82.6756097560976
"France","FR","FRA",2017,10.4583123660264,82.5756097560976
"France","FR","FRA",2016,10.508154814077,82.5731707317073
"France","FR","FRA",2015,11.3442976642006,82.3219512195122
"France","FR","FRA",2014,10.687674674804,82.719512195122
"France","FR","FRA",2013,12.4582922718332,82.219512195122
"France","FR","FRA",2012,12.5585885208406,81.9682926829268
"France","FR","FRA",2011,13.7974719352463,82.1146341463415
"France","FR","FRA",2010,13.7778502943804,81.6634146341463
"France","FR","FRA",2009,13.8570269912499,81.4146341463415
"France","FR","FRA",2008,14.0595857426506,81.2146341463415
"France","FR","FRA",2007,14.3339971201938,81.1121951219512
"France","FR","FRA",2006,14.6287316954908,80.8121951219512
"France","FR","FRA",2005,14.8922600401531,80.1634146341463
"France","FR","FRA",2004,15.1340731426338,80.1634146341463
"France","FR","FRA",2003,15.3886822893843,79.1146341463415
"France","FR","FRA",2002,15.6420884990136,79.2609756097561
"France","FR","FRA",2001,15.8802927901306,79.1585365853659
"France","FR","FRA",2000,16.0892961813444,79.0560975609756
"France","FR","FRA",1999,16.2979275813107,78.7560975609756
"France","FR","FRA",1998,16.5352213268554,78.6048780487805
"France","FR","FRA",1997,16.7874865788424,78.3048780487805
"France","FR","FRA",1996,17.0410324981358,77.9536585365854
"France","FR","FRA",1995,17.2821682455995,77.7512195121951
"France","FR","FRA",1994,17.5064257769691,77.6487804878049
"France","FR","FRA",1993,17.7194334817991,77.3
"France","FR","FRA",1992,17.922645171681,77.1
"France","FR","FRA",1991,18.1175146582066,76.8487804878049
"France","FR","FRA",1990,18.3054957529678,76.6
"France","FR","FRA",1989,NA,76.3487804878049
"France","FR","FRA",1988,NA,76.1
"France","FR","FRA",1987,NA,75.8
"France","FR","FRA",1986,NA,75.6
"France","FR","FRA",1985,NA,75.3
"France","FR","FRA",1984,NA,75
"France","FR","FRA",1983,NA,74.8
"France","FR","FRA",1982,NA,74.5
"France","FR","FRA",1981,NA,74.3
"France","FR","FRA",1980,NA,74.0512195121951
"France","FR","FRA",1979,NA,73.8512195121951
"France","FR","FRA",1978,NA,73.6024390243903
"France","FR","FRA",1977,NA,73.3512195121951
"France","FR","FRA",1976,NA,73.1024390243903
"France","FR","FRA",1975,NA,72.8536585365854
"France","FR","FRA",1974,NA,72.6048780487805
"France","FR","FRA",1973,NA,72.3560975609756
"France","FR","FRA",1972,NA,72.1073170731707
"France","FR","FRA",1971,NA,71.9073170731707
"France","FR","FRA",1970,NA,71.6585365853659
"France","FR","FRA",1969,NA,71.4585365853659
"France","FR","FRA",1968,NA,71.309756097561
"France","FR","FRA",1967,NA,71.1609756097561
"France","FR","FRA",1966,NA,70.9609756097561
"France","FR","FRA",1965,NA,70.8121951219512
"France","FR","FRA",1964,NA,70.6634146341463
"France","FR","FRA",1963,NA,70.5146341463415
"France","FR","FRA",1962,NA,70.3146341463415
"France","FR","FRA",1961,NA,70.1170731707317
"France","FR","FRA",1960,NA,69.8682926829268
"French Polynesia","PF","PYF",2023,NA,84.07
"French Polynesia","PF","PYF",2022,NA,83.859
"French Polynesia","PF","PYF",2021,NA,79.571
"French Polynesia","PF","PYF",2020,NA,82.459
"French Polynesia","PF","PYF",2019,NA,83.195
"French Polynesia","PF","PYF",2018,NA,82.985
"French Polynesia","PF","PYF",2017,NA,82.774
"French Polynesia","PF","PYF",2016,NA,82.555
"French Polynesia","PF","PYF",2015,NA,82.339
"French Polynesia","PF","PYF",2014,NA,82.151
"French Polynesia","PF","PYF",2013,NA,81.935
"French Polynesia","PF","PYF",2012,NA,81.695
"French Polynesia","PF","PYF",2011,NA,81.434
"French Polynesia","PF","PYF",2010,NA,81.141
"French Polynesia","PF","PYF",2009,NA,80.867
"French Polynesia","PF","PYF",2008,NA,80.587
"French Polynesia","PF","PYF",2007,NA,80.328
"French Polynesia","PF","PYF",2006,NA,80.1
"French Polynesia","PF","PYF",2005,NA,79.951
"French Polynesia","PF","PYF",2004,NA,79.829
"French Polynesia","PF","PYF",2003,NA,79.71
"French Polynesia","PF","PYF",2002,NA,79.544
"French Polynesia","PF","PYF",2001,NA,79.316
"French Polynesia","PF","PYF",2000,NA,79
"French Polynesia","PF","PYF",1999,NA,78.574
"French Polynesia","PF","PYF",1998,NA,77.842
"French Polynesia","PF","PYF",1997,NA,77.38
"French Polynesia","PF","PYF",1996,NA,76.813
"French Polynesia","PF","PYF",1995,NA,76.243
"French Polynesia","PF","PYF",1994,NA,75.65
"French Polynesia","PF","PYF",1993,NA,75.191
"French Polynesia","PF","PYF",1992,NA,74.746
"French Polynesia","PF","PYF",1991,NA,74.295
"French Polynesia","PF","PYF",1990,NA,73.908
"French Polynesia","PF","PYF",1989,NA,73.494
"French Polynesia","PF","PYF",1988,NA,73.088
"French Polynesia","PF","PYF",1987,NA,72.448
"French Polynesia","PF","PYF",1986,NA,71.967
"French Polynesia","PF","PYF",1985,NA,71.203
"French Polynesia","PF","PYF",1984,NA,70.559
"French Polynesia","PF","PYF",1983,NA,69.702
"French Polynesia","PF","PYF",1982,NA,68.922
"French Polynesia","PF","PYF",1981,NA,68.157
"French Polynesia","PF","PYF",1980,NA,67.405
"French Polynesia","PF","PYF",1979,NA,66.612
"French Polynesia","PF","PYF",1978,NA,65.891
"French Polynesia","PF","PYF",1977,NA,65.31
"French Polynesia","PF","PYF",1976,NA,64.761
"French Polynesia","PF","PYF",1975,NA,64.249
"French Polynesia","PF","PYF",1974,NA,63.778
"French Polynesia","PF","PYF",1973,NA,63.401
"French Polynesia","PF","PYF",1972,NA,63.082
"French Polynesia","PF","PYF",1971,NA,62.782
"French Polynesia","PF","PYF",1970,NA,62.495
"French Polynesia","PF","PYF",1969,NA,62.214
"French Polynesia","PF","PYF",1968,NA,61.931
"French Polynesia","PF","PYF",1967,NA,61.645
"French Polynesia","PF","PYF",1966,NA,61.353
"French Polynesia","PF","PYF",1965,NA,61.069
"French Polynesia","PF","PYF",1964,NA,60.797
"French Polynesia","PF","PYF",1963,NA,60.514
"French Polynesia","PF","PYF",1962,NA,60.201
"French Polynesia","PF","PYF",1961,NA,59.85
"French Polynesia","PF","PYF",1960,NA,59.445
"Gabon","GA","GAB",2023,NA,68.337
"Gabon","GA","GAB",2022,NA,67.713
"Gabon","GA","GAB",2021,NA,67.072
"Gabon","GA","GAB",2020,29.9548734558765,67.073
"Gabon","GA","GAB",2019,27.5241895785238,67.337
"Gabon","GA","GAB",2018,27.0383051447292,67.043
"Gabon","GA","GAB",2017,27.1691084203468,66.816
"Gabon","GA","GAB",2016,29.7679660664056,66.583
"Gabon","GA","GAB",2015,30.7390246342706,66.336
"Gabon","GA","GAB",2014,26.2746903969533,66.07
"Gabon","GA","GAB",2013,27.7803827536179,65.751
"Gabon","GA","GAB",2012,26.8259890575401,65.438
"Gabon","GA","GAB",2011,27.1676800151218,65.102
"Gabon","GA","GAB",2010,26.5510702440269,64.715
"Gabon","GA","GAB",2009,26.5819485638929,64.361
"Gabon","GA","GAB",2008,26.6617307807183,64.011
"Gabon","GA","GAB",2007,26.7704091791001,63.619
"Gabon","GA","GAB",2006,26.8879760436354,63.259
"Gabon","GA","GAB",2005,26.9944236589209,62.978
"Gabon","GA","GAB",2004,27.1608679409928,62.694
"Gabon","GA","GAB",2003,27.4214539843078,62.463
"Gabon","GA","GAB",2002,27.7007178410938,62.175
"Gabon","GA","GAB",2001,27.9231955635788,61.982
"Gabon","GA","GAB",2000,28.0134232039907,61.81
"Gabon","GA","GAB",1999,27.8637989160626,61.658
"Gabon","GA","GAB",1998,27.5085106803357,61.506
"Gabon","GA","GAB",1997,27.0847792892498,61.395
"Gabon","GA","GAB",1996,26.7298255352447,61.265
"Gabon","GA","GAB",1995,26.5808702107602,61.27
"Gabon","GA","GAB",1994,26.5960633510858,61.183
"Gabon","GA","GAB",1993,26.6533850743603,61.125
"Gabon","GA","GAB",1992,26.7698012972983,61.013
"Gabon","GA","GAB",1991,26.962277936614,60.891
"Gabon","GA","GAB",1990,27.2477809090217,60.736
"Gabon","GA","GAB",1989,NA,60.584
"Gabon","GA","GAB",1988,NA,60.398
"Gabon","GA","GAB",1987,NA,60.2
"Gabon","GA","GAB",1986,NA,59.956
"Gabon","GA","GAB",1985,NA,59.665
"Gabon","GA","GAB",1984,NA,59.34
"Gabon","GA","GAB",1983,NA,58.994
"Gabon","GA","GAB",1982,NA,58.644
"Gabon","GA","GAB",1981,NA,58.332
"Gabon","GA","GAB",1980,NA,57.893
"Gabon","GA","GAB",1979,NA,57.438
"Gabon","GA","GAB",1978,NA,56.954
"Gabon","GA","GAB",1977,NA,56.467
"Gabon","GA","GAB",1976,NA,55.97
"Gabon","GA","GAB",1975,NA,55.455
"Gabon","GA","GAB",1974,NA,54.911
"Gabon","GA","GAB",1973,NA,54.352
"Gabon","GA","GAB",1972,NA,53.811
"Gabon","GA","GAB",1971,NA,53.259
"Gabon","GA","GAB",1970,NA,52.697
"Gabon","GA","GAB",1969,NA,52.127
"Gabon","GA","GAB",1968,NA,51.545
"Gabon","GA","GAB",1967,NA,50.928
"Gabon","GA","GAB",1966,NA,50.322
"Gabon","GA","GAB",1965,NA,49.71
"Gabon","GA","GAB",1964,NA,48.994
"Gabon","GA","GAB",1963,NA,48.425
"Gabon","GA","GAB",1962,NA,47.777
"Gabon","GA","GAB",1961,NA,47.115
"Gabon","GA","GAB",1960,NA,46.443
"Gambia, The","GM","GMB",2023,NA,65.86
"Gambia, The","GM","GMB",2022,NA,64.859
"Gambia, The","GM","GMB",2021,NA,63.847
"Gambia, The","GM","GMB",2020,58.3640402179659,64.418
"Gambia, The","GM","GMB",2019,54.8732916241171,64.427
"Gambia, The","GM","GMB",2018,59.2734928704383,64.034
"Gambia, The","GM","GMB",2017,64.5390631748347,63.708
"Gambia, The","GM","GMB",2016,58.7910560945535,63.386
"Gambia, The","GM","GMB",2015,63.7503934261079,62.971
"Gambia, The","GM","GMB",2014,50.9583278982684,62.576
"Gambia, The","GM","GMB",2013,47.62546974836,62.252
"Gambia, The","GM","GMB",2012,66.4198505891995,61.9
"Gambia, The","GM","GMB",2011,56.1934304763105,61.561
"Gambia, The","GM","GMB",2010,52.9097272339557,61.167
"Gambia, The","GM","GMB",2009,52.8249961051957,60.735
"Gambia, The","GM","GMB",2008,52.8021873528893,60.473
"Gambia, The","GM","GMB",2007,52.8383039464973,60.001
"Gambia, The","GM","GMB",2006,52.9303488554807,59.667
"Gambia, The","GM","GMB",2005,53.0753250493002,59.11
"Gambia, The","GM","GMB",2004,53.9888349546519,58.749
"Gambia, The","GM","GMB",2003,55.9281135930826,58.223
"Gambia, The","GM","GMB",2002,58.2026128263293,57.736
"Gambia, The","GM","GMB",2001,60.1217845161288,57.283
"Gambia, The","GM","GMB",2000,60.9950805242182,56.899
"Gambia, The","GM","GMB",1999,61.0483514823935,56.466
"Gambia, The","GM","GMB",1998,61.0028584150085,56.007
"Gambia, The","GM","GMB",1997,60.9111687726364,55.225
"Gambia, The","GM","GMB",1996,60.8258500058506,54.849
"Gambia, The","GM","GMB",1995,60.7994695652245,54.292
"Gambia, The","GM","GMB",1994,60.8330784512306,53.768
"Gambia, The","GM","GMB",1993,60.8924871384154,53.15
"Gambia, The","GM","GMB",1992,60.9774022884629,52.477
"Gambia, The","GM","GMB",1991,61.0875305630572,51.857
"Gambia, The","GM","GMB",1990,61.2225786238821,51.278
"Gambia, The","GM","GMB",1989,NA,50.725
"Gambia, The","GM","GMB",1988,NA,50.146
"Gambia, The","GM","GMB",1987,NA,49.392
"Gambia, The","GM","GMB",1986,NA,48.798
"Gambia, The","GM","GMB",1985,NA,48.151
"Gambia, The","GM","GMB",1984,NA,47.513
"Gambia, The","GM","GMB",1983,NA,46.892
"Gambia, The","GM","GMB",1982,NA,46.25
"Gambia, The","GM","GMB",1981,NA,44.489
"Gambia, The","GM","GMB",1980,NA,44.977
"Gambia, The","GM","GMB",1979,NA,44.517
"Gambia, The","GM","GMB",1978,NA,43.573
"Gambia, The","GM","GMB",1977,NA,43.366
"Gambia, The","GM","GMB",1976,NA,42.876
"Gambia, The","GM","GMB",1975,NA,42.192
"Gambia, The","GM","GMB",1974,NA,41.676
"Gambia, The","GM","GMB",1973,NA,41.088
"Gambia, The","GM","GMB",1972,NA,40.549
"Gambia, The","GM","GMB",1971,NA,40.048
"Gambia, The","GM","GMB",1970,NA,39.532
"Gambia, The","GM","GMB",1969,NA,39.004
"Gambia, The","GM","GMB",1968,NA,38.533
"Gambia, The","GM","GMB",1967,NA,38.063
"Gambia, The","GM","GMB",1966,NA,37.559
"Gambia, The","GM","GMB",1965,NA,37.12
"Gambia, The","GM","GMB",1964,NA,36.579
"Gambia, The","GM","GMB",1963,NA,36.086
"Gambia, The","GM","GMB",1962,NA,35.599
"Gambia, The","GM","GMB",1961,NA,35.063
"Gambia, The","GM","GMB",1960,NA,34.574
"Georgia","GE","GEO",2023,NA,74.496
"Georgia","GE","GEO",2022,NA,74.141
"Georgia","GE","GEO",2021,NA,71.635
"Georgia","GE","GEO",2020,17.0438421058507,73.509
"Georgia","GE","GEO",2019,17.6183021493385,74.165
"Georgia","GE","GEO",2018,18.4542384404894,73.985
"Georgia","GE","GEO",2017,18.5342689563052,73.435
"Georgia","GE","GEO",2016,19.3139668885259,73.136
"Georgia","GE","GEO",2015,20.3304736500391,73.241
"Georgia","GE","GEO",2014,20.9791754789627,73.105
"Georgia","GE","GEO",2013,22.2517576861155,73.025
"Georgia","GE","GEO",2012,23.0631259897014,72.672
"Georgia","GE","GEO",2011,22.1991814081631,72.485
"Georgia","GE","GEO",2010,18.4461840249862,71.732
"Georgia","GE","GEO",2009,17.3107771502641,71.058
"Georgia","GE","GEO",2008,16.4410733482129,70.949
"Georgia","GE","GEO",2007,15.8176451636329,70.985
"Georgia","GE","GEO",2006,15.421065141324,70.983
"Georgia","GE","GEO",2005,15.2319058260863,70.689
"Georgia","GE","GEO",2004,15.1903677941676,71.011
"Georgia","GE","GEO",2003,15.2342270045445,71.377
"Georgia","GE","GEO",2002,15.3404190761104,70.438
"Georgia","GE","GEO",2001,15.4858796277587,70.371
"Georgia","GE","GEO",2000,15.6475442783829,70.091
"Georgia","GE","GEO",1999,15.8841421268471,70.012
"Georgia","GE","GEO",1998,16.2177731625302,69.787
"Georgia","GE","GEO",1997,16.570429340098,69.683
"Georgia","GE","GEO",1996,16.8641026142161,70.637
"Georgia","GE","GEO",1995,17.0207849395503,69.398
"Georgia","GE","GEO",1994,17.0644223930643,68.669
"Georgia","GE","GEO",1993,17.0686851510629,67.405
"Georgia","GE","GEO",1992,17.0301513172224,67.78
"Georgia","GE","GEO",1991,16.9453989952194,68.202
"Georgia","GE","GEO",1990,16.8110062887304,68.679
"Georgia","GE","GEO",1989,NA,68.635
"Georgia","GE","GEO",1988,NA,68.825
"Georgia","GE","GEO",1987,NA,69.219
"Georgia","GE","GEO",1986,NA,69.225
"Georgia","GE","GEO",1985,NA,69.006
"Georgia","GE","GEO",1984,NA,68.795
"Georgia","GE","GEO",1983,NA,69.135
"Georgia","GE","GEO",1982,NA,69.109
"Georgia","GE","GEO",1981,NA,68.741
"Georgia","GE","GEO",1980,NA,68.273
"Georgia","GE","GEO",1979,NA,67.942
"Georgia","GE","GEO",1978,NA,67.597
"Georgia","GE","GEO",1977,NA,67.246
"Georgia","GE","GEO",1976,NA,66.894
"Georgia","GE","GEO",1975,NA,66.512
"Georgia","GE","GEO",1974,NA,66.18
"Georgia","GE","GEO",1973,NA,65.851
"Georgia","GE","GEO",1972,NA,65.516
"Georgia","GE","GEO",1971,NA,65.189
"Georgia","GE","GEO",1970,NA,64.869
"Georgia","GE","GEO",1969,NA,64.509
"Georgia","GE","GEO",1968,NA,64.139
"Georgia","GE","GEO",1967,NA,63.772
"Georgia","GE","GEO",1966,NA,63.397
"Georgia","GE","GEO",1965,NA,63.097
"Georgia","GE","GEO",1964,NA,62.818
"Georgia","GE","GEO",1963,NA,62.457
"Georgia","GE","GEO",1962,NA,62.078
"Georgia","GE","GEO",1961,NA,61.72
"Georgia","GE","GEO",1960,NA,61.347
"Germany","DE","DEU",2023,NA,81.0414634146342
"Germany","DE","DEU",2022,NA,80.6080487804878
"Germany","DE","DEU",2021,NA,80.790243902439
"Germany","DE","DEU",2020,10.2876894329414,81.0414634146342
"Germany","DE","DEU",2019,10.6378495266542,81.2926829268293
"Germany","DE","DEU",2018,11.6526030992972,80.8926829268293
"Germany","DE","DEU",2017,11.8978451129639,80.9926829268293
"Germany","DE","DEU",2016,11.7806958987308,80.990243902439
"Germany","DE","DEU",2015,12.8253525089793,80.6414634146341
"Germany","DE","DEU",2014,12.2822480920893,81.090243902439
"Germany","DE","DEU",2013,13.6633968189434,80.490243902439
"Germany","DE","DEU",2012,13.9078592571706,80.5390243902439
"Germany","DE","DEU",2011,15.7161711583543,80.4365853658537
"Germany","DE","DEU",2010,16.201690204245,79.9878048780488
"Germany","DE","DEU",2009,16.3143551208868,79.8365853658537
"Germany","DE","DEU",2008,16.3766553966518,79.7365853658537
"Germany","DE","DEU",2007,16.4178840311706,79.5341463414634
"Germany","DE","DEU",2006,16.4673340240739,79.1317073170732
"Germany","DE","DEU",2005,16.5542983749923,78.9317073170732
"Germany","DE","DEU",2004,16.7455957407135,78.6804878048781
"Germany","DE","DEU",2003,17.0534186624295,78.3804878048781
"Germany","DE","DEU",2002,17.4251209663774,78.2292682926829
"Germany","DE","DEU",2001,17.8080564787948,78.3292682926829
"Germany","DE","DEU",2000,18.149579025919,77.9268292682927
"Germany","DE","DEU",1999,18.5348895210917,77.7268292682927
"Germany","DE","DEU",1998,19.0419188897839,77.4756097560976
"Germany","DE","DEU",1997,19.6071159764274,77.0731707317073
"Germany","DE","DEU",1996,20.1669296254538,76.6731707317073
"Germany","DE","DEU",1995,20.6578086812947,76.4219512195122
"Germany","DE","DEU",1994,21.0820600381202,76.2707317073171
"Germany","DE","DEU",1993,21.4830248416712,75.8707317073171
"Germany","DE","DEU",1992,21.8587033137361,75.819512195122
"Germany","DE","DEU",1991,22.2070956761029,75.319512195122
"Germany","DE","DEU",1990,22.5262021505598,75.0856341463415
"Germany","DE","DEU",1989,NA,75.1915365853659
"Germany","DE","DEU",1988,NA,74.9987317073171
"Germany","DE","DEU",1987,NA,74.8070243902439
"Germany","DE","DEU",1986,NA,74.3968292682927
"Germany","DE","DEU",1985,NA,74.1890975609756
"Germany","DE","DEU",1984,NA,74.0722926829268
"Germany","DE","DEU",1983,NA,73.6221463414634
"Germany","DE","DEU",1982,NA,73.3331463414634
"Germany","DE","DEU",1981,NA,73.0402195121951
"Germany","DE","DEU",1980,NA,72.8003170731707
"Germany","DE","DEU",1979,NA,72.6301707317073
"Germany","DE","DEU",1978,NA,72.2904146341464
"Germany","DE","DEU",1977,NA,72.3073170731707
"Germany","DE","DEU",1976,NA,71.7122195121951
"Germany","DE","DEU",1975,NA,71.259243902439
"Germany","DE","DEU",1974,NA,71.4189268292683
"Germany","DE","DEU",1973,NA,71.1128048780488
"Germany","DE","DEU",1972,NA,70.9067073170732
"Germany","DE","DEU",1971,NA,70.676756097561
"Germany","DE","DEU",1970,NA,70.4471951219512
"Germany","DE","DEU",1969,NA,70.2288048780488
"Germany","DE","DEU",1968,NA,70.3784634146342
"Germany","DE","DEU",1967,NA,70.7317317073171
"Germany","DE","DEU",1966,NA,70.5215853658537
"Germany","DE","DEU",1965,NA,70.4103658536585
"Germany","DE","DEU",1964,NA,70.4355609756098
"Germany","DE","DEU",1963,NA,69.9140731707317
"Germany","DE","DEU",1962,NA,69.7992195121951
"Germany","DE","DEU",1961,NA,69.6448780487805
"Germany","DE","DEU",1960,NA,69.0640731707317
"Ghana","GH","GHA",2023,NA,65.498
"Ghana","GH","GHA",2022,NA,65.246
"Ghana","GH","GHA",2021,NA,64.286
"Ghana","GH","GHA",2020,54.2427873097724,64.309
"Ghana","GH","GHA",2019,49.6566317016668,64.455
"Ghana","GH","GHA",2018,56.0041825783104,64.138
"Ghana","GH","GHA",2017,60.3590341738153,63.829
"Ghana","GH","GHA",2016,62.8889642906448,63.522
"Ghana","GH","GHA",2015,68.0112284884927,63.175
"Ghana","GH","GHA",2014,43.9627293584075,62.832
"Ghana","GH","GHA",2013,44.7306236715724,62.397
"Ghana","GH","GHA",2012,56.9570423348518,61.995
"Ghana","GH","GHA",2011,52.8014316063294,61.617
"Ghana","GH","GHA",2010,47.7510099685389,61.297
"Ghana","GH","GHA",2009,47.8232292154989,60.928
"Ghana","GH","GHA",2008,48.0313214086965,60.578
"Ghana","GH","GHA",2007,48.3578583443151,60.282
"Ghana","GH","GHA",2006,48.7854118185382,59.975
"Ghana","GH","GHA",2005,49.2965536275491,59.638
"Ghana","GH","GHA",2004,51.0829457489213,59.316
"Ghana","GH","GHA",2003,54.55157468354,59.014
"Ghana","GH","GHA",2002,58.5079990125567,58.709
"Ghana","GH","GHA",2001,61.7577773171224,58.403
"Ghana","GH","GHA",2000,63.1064681783884,58.139
"Ghana","GH","GHA",1999,61.7661117801944,57.835
"Ghana","GH","GHA",1998,58.5698772921932,57.525
"Ghana","GH","GHA",1997,54.7550167742564,57.241
"Ghana","GH","GHA",1996,51.5587822862552,56.957
"Ghana","GH","GHA",1995,50.2184258880612,56.662
"Ghana","GH","GHA",1994,50.6073601474957,56.234
"Ghana","GH","GHA",1993,51.8103276101207,56.286
"Ghana","GH","GHA",1992,53.8815753024183,56.055
"Ghana","GH","GHA",1991,56.8753502508704,55.722
"Ghana","GH","GHA",1990,60.8458994819591,55.395
"Ghana","GH","GHA",1989,NA,54.936
"Ghana","GH","GHA",1988,NA,54.396
"Ghana","GH","GHA",1987,NA,53.818
"Ghana","GH","GHA",1986,NA,53.276
"Ghana","GH","GHA",1985,NA,52.732
"Ghana","GH","GHA",1984,NA,52.232
"Ghana","GH","GHA",1983,NA,51.78
"Ghana","GH","GHA",1982,NA,51.425
"Ghana","GH","GHA",1981,NA,51.313
"Ghana","GH","GHA",1980,NA,51.059
"Ghana","GH","GHA",1979,NA,50.787
"Ghana","GH","GHA",1978,NA,50.461
"Ghana","GH","GHA",1977,NA,50.079
"Ghana","GH","GHA",1976,NA,49.732
"Ghana","GH","GHA",1975,NA,49.323
"Ghana","GH","GHA",1974,NA,48.918
"Ghana","GH","GHA",1973,NA,48.577
"Ghana","GH","GHA",1972,NA,48.274
"Ghana","GH","GHA",1971,NA,47.949
"Ghana","GH","GHA",1970,NA,47.888
"Ghana","GH","GHA",1969,NA,47.895
"Ghana","GH","GHA",1968,NA,47.758
"Ghana","GH","GHA",1967,NA,47.734
"Ghana","GH","GHA",1966,NA,47.708
"Ghana","GH","GHA",1965,NA,47.689
"Ghana","GH","GHA",1964,NA,47.637
"Ghana","GH","GHA",1963,NA,47.476
"Ghana","GH","GHA",1962,NA,47.335
"Ghana","GH","GHA",1961,NA,47.127
"Ghana","GH","GHA",1960,NA,46.942
"Gibraltar","GI","GIB",2023,NA,83.553
"Gibraltar","GI","GIB",2022,NA,83.517
"Gibraltar","GI","GIB",2021,NA,80.274
"Gibraltar","GI","GIB",2020,NA,83.07
"Gibraltar","GI","GIB",2019,NA,83.183
"Gibraltar","GI","GIB",2018,NA,83.028
"Gibraltar","GI","GIB",2017,NA,82.858
"Gibraltar","GI","GIB",2016,NA,82.741
"Gibraltar","GI","GIB",2015,NA,82.668
"Gibraltar","GI","GIB",2014,NA,82.644
"Gibraltar","GI","GIB",2013,NA,82.586
"Gibraltar","GI","GIB",2012,NA,82.527
"Gibraltar","GI","GIB",2011,NA,82.333
"Gibraltar","GI","GIB",2010,NA,82.08
"Gibraltar","GI","GIB",2009,NA,81.807
"Gibraltar","GI","GIB",2008,NA,81.541
"Gibraltar","GI","GIB",2007,NA,81.269
"Gibraltar","GI","GIB",2006,NA,81.103
"Gibraltar","GI","GIB",2005,NA,80.991
"Gibraltar","GI","GIB",2004,NA,80.856
"Gibraltar","GI","GIB",2003,NA,80.713
"Gibraltar","GI","GIB",2002,NA,80.59
"Gibraltar","GI","GIB",2001,NA,80.419
"Gibraltar","GI","GIB",2000,NA,80.145
"Gibraltar","GI","GIB",1999,NA,79.812
"Gibraltar","GI","GIB",1998,NA,79.477
"Gibraltar","GI","GIB",1997,NA,79.097
"Gibraltar","GI","GIB",1996,NA,78.696
"Gibraltar","GI","GIB",1995,NA,78.345
"Gibraltar","GI","GIB",1994,NA,78.052
"Gibraltar","GI","GIB",1993,NA,77.722
"Gibraltar","GI","GIB",1992,NA,77.412
"Gibraltar","GI","GIB",1991,NA,77.118
"Gibraltar","GI","GIB",1990,NA,76.814
"Gibraltar","GI","GIB",1989,NA,76.474
"Gibraltar","GI","GIB",1988,NA,76.18
"Gibraltar","GI","GIB",1987,NA,75.871
"Gibraltar","GI","GIB",1986,NA,75.557
"Gibraltar","GI","GIB",1985,NA,75.232
"Gibraltar","GI","GIB",1984,NA,74.935
"Gibraltar","GI","GIB",1983,NA,74.613
"Gibraltar","GI","GIB",1982,NA,74.325
"Gibraltar","GI","GIB",1981,NA,73.999
"Gibraltar","GI","GIB",1980,NA,73.755
"Gibraltar","GI","GIB",1979,NA,73.585
"Gibraltar","GI","GIB",1978,NA,73.512
"Gibraltar","GI","GIB",1977,NA,73.479
"Gibraltar","GI","GIB",1976,NA,73.443
"Gibraltar","GI","GIB",1975,NA,73.322
"Gibraltar","GI","GIB",1974,NA,73.053
"Gibraltar","GI","GIB",1973,NA,72.707
"Gibraltar","GI","GIB",1972,NA,72.356
"Gibraltar","GI","GIB",1971,NA,72.103
"Gibraltar","GI","GIB",1970,NA,71.888
"Gibraltar","GI","GIB",1969,NA,71.812
"Gibraltar","GI","GIB",1968,NA,71.709
"Gibraltar","GI","GIB",1967,NA,71.54
"Gibraltar","GI","GIB",1966,NA,71.178
"Gibraltar","GI","GIB",1965,NA,70.755
"Gibraltar","GI","GIB",1964,NA,70.438
"Gibraltar","GI","GIB",1963,NA,70.249
"Gibraltar","GI","GIB",1962,NA,70.174
"Gibraltar","GI","GIB",1961,NA,70.165
"Gibraltar","GI","GIB",1960,NA,70.209
"Greece","GR","GRC",2023,NA,81.7365853658537
"Greece","GR","GRC",2022,NA,80.7878048780488
"Greece","GR","GRC",2021,NA,80.0829268292683
"Greece","GR","GRC",2020,14.4089280374361,81.2878048780488
"Greece","GR","GRC",2019,14.9419055519621,81.6390243902439
"Greece","GR","GRC",2018,15.5840100248101,81.7878048780488
"Greece","GR","GRC",2017,15.6724100278411,81.2878048780488
"Greece","GR","GRC",2016,15.7750345686768,81.3878048780488
"Greece","GR","GRC",2015,17.2372072771469,81.0365853658537
"Greece","GR","GRC",2014,16.8699265288991,81.3853658536585
"Greece","GR","GRC",2013,17.9600807887087,81.2853658536585
"Greece","GR","GRC",2012,18.8095113490598,80.6341463414634
"Greece","GR","GRC",2011,21.3833542936023,80.7317073170732
"Greece","GR","GRC",2010,20.2971496759618,80.3878048780488
"Greece","GR","GRC",2009,20.4636341229157,80.1878048780488
"Greece","GR","GRC",2008,20.8856093064781,79.9390243902439
"Greece","GR","GRC",2007,21.4468579907,79.4390243902439
"Greece","GR","GRC",2006,22.0311629396323,79.4390243902439
"Greece","GR","GRC",2005,22.5223069173261,79.2390243902439
"Greece","GR","GRC",2004,22.9484566697207,79.0390243902439
"Greece","GR","GRC",2003,23.3884257573202,78.8414634146341
"Greece","GR","GRC",2002,23.8019671660229,78.6414634146341
"Greece","GR","GRC",2001,24.1488338817268,78.3878048780488
"Greece","GR","GRC",2000,24.3887788903302,77.8878048780488
"Greece","GR","GRC",1999,24.4623441874927,77.9878048780488
"Greece","GR","GRC",1998,24.3883471336253,77.8390243902439
"Greece","GR","GRC",1997,24.2439537617532,78.1365853658537
"Greece","GR","GRC",1996,24.1063301049015,77.6853658536585
"Greece","GR","GRC",1995,24.0526421960952,77.5853658536585
"Greece","GR","GRC",1994,24.0672601573137,77.6390243902439
"Greece","GR","GRC",1993,24.0873048690933,77.390243902439
"Greece","GR","GRC",1992,24.1190685022947,77.3829268292683
"Greece","GR","GRC",1991,24.1688432277783,77.1365853658537
"Greece","GR","GRC",1990,24.2429212164047,76.9390243902439
"Greece","GR","GRC",1989,NA,76.6878048780488
"Greece","GR","GRC",1988,NA,76.9481951219512
"Greece","GR","GRC",1987,NA,76.0558536585366
"Greece","GR","GRC",1986,NA,76.4882195121951
"Greece","GR","GRC",1985,NA,76.0950487804878
"Greece","GR","GRC",1984,NA,75.7576097560976
"Greece","GR","GRC",1983,NA,75.4804146341463
"Greece","GR","GRC",1982,NA,75.2026829268293
"Greece","GR","GRC",1981,NA,74.9156829268293
"Greece","GR","GRC",1980,NA,74.5065609756098
"Greece","GR","GRC",1979,NA,74.5928292682927
"Greece","GR","GRC",1978,NA,74.3631707317073
"Greece","GR","GRC",1977,NA,73.6803414634146
"Greece","GR","GRC",1976,NA,73.6791219512195
"Greece","GR","GRC",1975,NA,73.4011707317073
"Greece","GR","GRC",1974,NA,73.3943658536585
"Greece","GR","GRC",1973,NA,72.9059268292683
"Greece","GR","GRC",1972,NA,72.656243902439
"Greece","GR","GRC",1971,NA,72.8671707317073
"Greece","GR","GRC",1970,NA,72.6807804878049
"Greece","GR","GRC",1969,NA,71.9788780487805
"Greece","GR","GRC",1968,NA,71.4037317073171
"Greece","GR","GRC",1967,NA,71.307
"Greece","GR","GRC",1966,NA,71.800512195122
"Greece","GR","GRC",1965,NA,71.3916829268293
"Greece","GR","GRC",1964,NA,70.4581707317073
"Greece","GR","GRC",1963,NA,70.5639756097561
"Greece","GR","GRC",1962,NA,70.2246097560976
"Greece","GR","GRC",1961,NA,70.2830243902439
"Greece","GR","GRC",1960,NA,70.4343170731707
"Greenland","GL","GRL",2023,NA,70.9724390243902
"Greenland","GL","GRL",2022,NA,71.230243902439
"Greenland","GL","GRL",2021,NA,71.2614634146342
"Greenland","GL","GRL",2020,6.55624754182179,71.2858536585366
"Greenland","GL","GRL",2019,6.48950745924949,71.4092682926829
"Greenland","GL","GRL",2018,6.75630549235812,71.3609756097561
"Greenland","GL","GRL",2017,7.4921548326333,71.2563414634146
"Greenland","GL","GRL",2016,6.46724827436704,71.1990243902439
"Greenland","GL","GRL",2015,6.14469039341254,70.909756097561
"Greenland","GL","GRL",2014,6.55171305772451,70.5082926829268
"Greenland","GL","GRL",2013,6.23885062992403,70.2917073170732
"Greenland","GL","GRL",2012,6.18018581736795,69.959512195122
"Greenland","GL","GRL",2011,5.74056233004073,69.6146341463415
"Greenland","GL","GRL",2010,6.00869359613188,69.349756097561
"Greenland","GL","GRL",2009,6.17996016961358,69.0321951219512
"Greenland","GL","GRL",2008,6.32911144044417,68.5660975609756
"Greenland","GL","GRL",2007,6.45646002139346,68.2739024390244
"Greenland","GL","GRL",2006,6.56231852523121,67.8180487804878
"Greenland","GL","GRL",2005,6.6469995647272,67.3051219512195
"Greenland","GL","GRL",2004,6.71221016092278,66.8080487804878
"Greenland","GL","GRL",2003,6.76437405155547,66.1229268292683
"Greenland","GL","GRL",2002,6.81087892443937,65.419512195122
"Greenland","GL","GRL",2001,6.85911246738856,65.0058536585366
"Greenland","GL","GRL",2000,6.91646236821714,64.8034146341463
"Greenland","GL","GRL",1999,7.00610499062521,65.8336585365854
"Greenland","GL","GRL",1998,7.12976079634223,66.1570731707317
"Greenland","GL","GRL",1997,7.26263362022632,65.7980487804878
"Greenland","GL","GRL",1996,7.3799272971356,65.7673170731707
"Greenland","GL","GRL",1995,7.45684566192819,65.6441463414634
"Greenland","GL","GRL",1994,7.50033841129482,65.9009756097561
"Greenland","GL","GRL",1993,7.53294990546952,65.5853658536585
"Greenland","GL","GRL",1992,7.55327597462535,65.1960975609756
"Greenland","GL","GRL",1991,7.55991244893535,65.0317073170732
"Greenland","GL","GRL",1990,7.55145515857259,65.0682926829268
"Greenland","GL","GRL",1989,NA,64.6675609756098
"Greenland","GL","GRL",1988,NA,64.5824390243903
"Greenland","GL","GRL",1987,NA,64.6541463414634
"Greenland","GL","GRL",1986,NA,64.2487804878049
"Greenland","GL","GRL",1985,NA,63.8336585365854
"Greenland","GL","GRL",1984,NA,63.4665853658537
"Greenland","GL","GRL",1983,NA,63.3
"Greenland","GL","GRL",1982,NA,63.1926829268293
"Greenland","GL","GRL",1981,NA,63.0748780487805
"Greenland","GL","GRL",1980,NA,63.449756097561
"Greenland","GL","GRL",1979,NA,63.9548780487805
"Greenland","GL","GRL",1978,NA,63.4146341463415
"Greenland","GL","GRL",1977,NA,61.8398780487805
"Greenland","GL","GRL",1976,NA,61.8058292682927
"Greenland","GL","GRL",1975,NA,61.8320243902439
"Greenland","GL","GRL",1974,NA,62.025512195122
"Greenland","GL","GRL",1973,NA,62.4474878048781
"Greenland","GL","GRL",1972,NA,62.7973658536585
"Greenland","GL","GRL",1971,NA,63.0539756097561
"Greenland","GL","GRL",1970,NA,63.1156585365854
"Greenland","GL","GRL",1969,NA,63.1216097560976
"Greenland","GL","GRL",1968,NA,62.7596341463415
"Greenland","GL","GRL",1967,NA,62.3363414634146
"Greenland","GL","GRL",1966,NA,61.8018292682927
"Greenland","GL","GRL",1965,NA,61.4213902439024
"Greenland","GL","GRL",1964,NA,60.9083658536586
"Greenland","GL","GRL",1963,NA,60.4535365853659
"Greenland","GL","GRL",1962,NA,60.0291219512195
"Greenland","GL","GRL",1961,NA,59.4261219512195
"Greenland","GL","GRL",1960,NA,58.552243902439
"Grenada","GD","GRD",2023,NA,75.205
"Grenada","GD","GRD",2022,NA,75.151
"Grenada","GD","GRD",2021,NA,74.522
"Grenada","GD","GRD",2020,24.6572416056476,75.019
"Grenada","GD","GRD",2019,24.2647371353562,74.971
"Grenada","GD","GRD",2018,24.0969881609342,74.957
"Grenada","GD","GRD",2017,24.3014719560486,74.977
"Grenada","GD","GRD",2016,25.0768814910495,75.01
"Grenada","GD","GRD",2015,25.177742151728,75.037
"Grenada","GD","GRD",2014,23.3249292849377,75.045
"Grenada","GD","GRD",2013,22.8659000098273,75.022
"Grenada","GD","GRD",2012,22.0541028098674,74.961
"Grenada","GD","GRD",2011,21.6067771005585,74.861
"Grenada","GD","GRD",2010,21.9876650906501,74.731
"Grenada","GD","GRD",2009,21.960422224752,74.567
"Grenada","GD","GRD",2008,21.8694393250835,74.374
"Grenada","GD","GRD",2007,21.7656739128403,74.159
"Grenada","GD","GRD",2006,21.7000835092185,73.93
"Grenada","GD","GRD",2005,21.7236256354138,73.7
"Grenada","GD","GRD",2004,22.0116680536221,72.447
"Grenada","GD","GRD",2003,22.577847847533,73.291
"Grenada","GD","GRD",2002,23.2305265205835,73.142
"Grenada","GD","GRD",2001,23.7780655762104,73.034
"Grenada","GD","GRD",2000,24.0288265178508,72.955
"Grenada","GD","GRD",1999,23.9924575291527,72.873
"Grenada","GD","GRD",1998,23.8492978672737,72.762
"Grenada","GD","GRD",1997,23.6637456459143,72.6
"Grenada","GD","GRD",1996,23.5001989787753,72.373
"Grenada","GD","GRD",1995,23.4230559795575,72.094
"Grenada","GD","GRD",1994,23.4515709302568,71.78
"Grenada","GD","GRD",1993,23.5559740437636,71.45
"Grenada","GD","GRD",1992,23.7271273301201,71.125
"Grenada","GD","GRD",1991,23.9558927993682,70.823
"Grenada","GD","GRD",1990,24.23313246155,70.546
"Grenada","GD","GRD",1989,NA,70.289
"Grenada","GD","GRD",1988,NA,70.045
"Grenada","GD","GRD",1987,NA,69.808
"Grenada","GD","GRD",1986,NA,69.574
"Grenada","GD","GRD",1985,NA,69.338
"Grenada","GD","GRD",1984,NA,69.095
"Grenada","GD","GRD",1983,NA,64.333
"Grenada","GD","GRD",1982,NA,68.597
"Grenada","GD","GRD",1981,NA,68.348
"Grenada","GD","GRD",1980,NA,68.117
"Grenada","GD","GRD",1979,NA,67.941
"Grenada","GD","GRD",1978,NA,67.856
"Grenada","GD","GRD",1977,NA,67.869
"Grenada","GD","GRD",1976,NA,67.949
"Grenada","GD","GRD",1975,NA,68.004
"Grenada","GD","GRD",1974,NA,67.884
"Grenada","GD","GRD",1973,NA,67.557
"Grenada","GD","GRD",1972,NA,67.151
"Grenada","GD","GRD",1971,NA,66.874
"Grenada","GD","GRD",1970,NA,66.856
"Grenada","GD","GRD",1969,NA,66.975
"Grenada","GD","GRD",1968,NA,66.912
"Grenada","GD","GRD",1967,NA,66.46
"Grenada","GD","GRD",1966,NA,65.649
"Grenada","GD","GRD",1965,NA,64.78
"Grenada","GD","GRD",1964,NA,64.199
"Grenada","GD","GRD",1963,NA,63.783
"Grenada","GD","GRD",1962,NA,63.752
"Grenada","GD","GRD",1961,NA,63.553
"Grenada","GD","GRD",1960,NA,63.144
"Guam","GU","GUM",2023,NA,77.209
"Guam","GU","GUM",2022,NA,77.102
"Guam","GU","GUM",2021,NA,75.434
"Guam","GU","GUM",2020,9.57510553293178,75.529
"Guam","GU","GUM",2019,9.88784013723531,76.645
"Guam","GU","GUM",2018,10.0065645243546,76.561
"Guam","GU","GUM",2017,8.62061947259407,76.463
"Guam","GU","GUM",2016,8.95124087366923,76.449
"Guam","GU","GUM",2015,10.7767958943295,76.444
"Guam","GU","GUM",2014,8.15054249728644,76.423
"Guam","GU","GUM",2013,8.6039665673128,76.361
"Guam","GU","GUM",2012,7.50094795897567,76.237
"Guam","GU","GUM",2011,7.38091578853416,76.153
"Guam","GU","GUM",2010,7.77820797980273,76.095
"Guam","GU","GUM",2009,7.95267378076683,76.141
"Guam","GU","GUM",2008,8.07613320264352,76.233
"Guam","GU","GUM",2007,8.17327471448735,76.397
"Guam","GU","GUM",2006,8.26878678535285,76.477
"Guam","GU","GUM",2005,8.38735788429454,76.427
"Guam","GU","GUM",2004,8.55108642342586,76.114
"Guam","GU","GUM",2003,8.74529706603243,75.885
"Guam","GU","GUM",2002,8.93951765792708,75.506
"Guam","GU","GUM",2001,9.10327604492266,75.195
"Guam","GU","GUM",2000,9.206100072832,74.894
"Guam","GU","GUM",1999,9.18524886687723,74.789
"Guam","GU","GUM",1998,9.04783549017173,74.753
"Guam","GU","GUM",1997,8.86816869536517,74.7
"Guam","GU","GUM",1996,8.72055723510724,74.638
"Guam","GU","GUM",1995,8.6793098620476,74.511
"Guam","GU","GUM",1994,8.71941440350927,74.344
"Guam","GU","GUM",1993,8.76633511460029,74.004
"Guam","GU","GUM",1992,8.82009538964786,73.632
"Guam","GU","GUM",1991,8.88071862297922,73.518
"Guam","GU","GUM",1990,8.94822820892158,73.455
"Guam","GU","GUM",1989,NA,73.503
"Guam","GU","GUM",1988,NA,73.429
"Guam","GU","GUM",1987,NA,73.468
"Guam","GU","GUM",1986,NA,73.324
"Guam","GU","GUM",1985,NA,73.07
"Guam","GU","GUM",1984,NA,72.589
"Guam","GU","GUM",1983,NA,72.141
"Guam","GU","GUM",1982,NA,71.681
"Guam","GU","GUM",1981,NA,71.18
"Guam","GU","GUM",1980,NA,70.674
"Guam","GU","GUM",1979,NA,70.116
"Guam","GU","GUM",1978,NA,69.57
"Guam","GU","GUM",1977,NA,69.024
"Guam","GU","GUM",1976,NA,68.275
"Guam","GU","GUM",1975,NA,68.011
"Guam","GU","GUM",1974,NA,67.532
"Guam","GU","GUM",1973,NA,66.93
"Guam","GU","GUM",1972,NA,66.469
"Guam","GU","GUM",1971,NA,66.064
"Guam","GU","GUM",1970,NA,65.811
"Guam","GU","GUM",1969,NA,65.499
"Guam","GU","GUM",1968,NA,65.201
"Guam","GU","GUM",1967,NA,64.916
"Guam","GU","GUM",1966,NA,64.639
"Guam","GU","GUM",1965,NA,64.367
"Guam","GU","GUM",1964,NA,64.104
"Guam","GU","GUM",1963,NA,63.833
"Guam","GU","GUM",1962,NA,63.349
"Guam","GU","GUM",1961,NA,63.226
"Guam","GU","GUM",1960,NA,62.882
"Guatemala","GT","GTM",2023,NA,72.602
"Guatemala","GT","GTM",2022,NA,71.206
"Guatemala","GT","GTM",2021,NA,67.858
"Guatemala","GT","GTM",2020,21.6357355920496,69.971
"Guatemala","GT","GTM",2019,20.2102810509295,71.639
"Guatemala","GT","GTM",2018,23.2233964899274,71.496
"Guatemala","GT","GTM",2017,25.1845452119376,71.583
"Guatemala","GT","GTM",2016,25.2167964925021,71.215
"Guatemala","GT","GTM",2015,27.4004163899267,70.915
"Guatemala","GT","GTM",2014,26.7327979035299,70.942
"Guatemala","GT","GTM",2013,29.0925322950372,70.878
"Guatemala","GT","GTM",2012,27.3005597247054,70.722
"Guatemala","GT","GTM",2011,30.2785784962163,70.321
"Guatemala","GT","GTM",2010,26.652419867848,69.885
"Guatemala","GT","GTM",2009,26.9080886631746,69.676
"Guatemala","GT","GTM",2008,27.5798309047198,69.493
"Guatemala","GT","GTM",2007,28.5247503758314,69.299
"Guatemala","GT","GTM",2006,29.5999508598572,68.79
"Guatemala","GT","GTM",2005,30.6625361401451,68.167
"Guatemala","GT","GTM",2004,31.9211611002083,68.245
"Guatemala","GT","GTM",2003,33.5005185285342,68.204
"Guatemala","GT","GTM",2002,35.1317690659313,67.835
"Guatemala","GT","GTM",2001,36.5460733532087,67.436
"Guatemala","GT","GTM",2000,37.474592031175,67.102
"Guatemala","GT","GTM",1999,38.0019750282739,66.634
"Guatemala","GT","GTM",1998,38.4183731255521,65.969
"Guatemala","GT","GTM",1997,38.763198242723,65.249
"Guatemala","GT","GTM",1996,39.0758622995001,64.54
"Guatemala","GT","GTM",1995,39.3957772155968,63.662
"Guatemala","GT","GTM",1994,39.7285046407264,63.026
"Guatemala","GT","GTM",1993,40.0512970774417,62.442
"Guatemala","GT","GTM",1992,40.3611027247145,61.992
"Guatemala","GT","GTM",1991,40.6548697815169,61.926
"Guatemala","GT","GTM",1990,40.929546446821,61.767
"Guatemala","GT","GTM",1989,NA,61.745
"Guatemala","GT","GTM",1988,NA,61.538
"Guatemala","GT","GTM",1987,NA,60.991
"Guatemala","GT","GTM",1986,NA,60.341
"Guatemala","GT","GTM",1985,NA,59.788
"Guatemala","GT","GTM",1984,NA,59.074
"Guatemala","GT","GTM",1983,NA,57.913
"Guatemala","GT","GTM",1982,NA,48.863
"Guatemala","GT","GTM",1981,NA,54.709
"Guatemala","GT","GTM",1980,NA,55.297
"Guatemala","GT","GTM",1979,NA,56.6
"Guatemala","GT","GTM",1978,NA,56.412
"Guatemala","GT","GTM",1977,NA,55.184
"Guatemala","GT","GTM",1976,NA,47.617
"Guatemala","GT","GTM",1975,NA,52.832
"Guatemala","GT","GTM",1974,NA,53.023
"Guatemala","GT","GTM",1973,NA,52.848
"Guatemala","GT","GTM",1972,NA,51.817
"Guatemala","GT","GTM",1971,NA,50.276
"Guatemala","GT","GTM",1970,NA,48.507
"Guatemala","GT","GTM",1969,NA,47.521
"Guatemala","GT","GTM",1968,NA,47.758
"Guatemala","GT","GTM",1967,NA,47.727
"Guatemala","GT","GTM",1966,NA,47.511
"Guatemala","GT","GTM",1965,NA,47.185
"Guatemala","GT","GTM",1964,NA,47.055
"Guatemala","GT","GTM",1963,NA,46.622
"Guatemala","GT","GTM",1962,NA,46.492
"Guatemala","GT","GTM",1961,NA,46.12
"Guatemala","GT","GTM",1960,NA,45.76
"Guinea","GN","GIN",2023,NA,60.74
"Guinea","GN","GIN",2022,NA,60.432
"Guinea","GN","GIN",2021,NA,59.373
"Guinea","GN","GIN",2020,43.7674450148382,59.35
"Guinea","GN","GIN",2019,42.8781068854259,59.379
"Guinea","GN","GIN",2018,48.4123967434209,59.043
"Guinea","GN","GIN",2017,49.7395461030353,58.715
"Guinea","GN","GIN",2016,49.6336310986966,58.49
"Guinea","GN","GIN",2015,54.2776680884158,57.899
"Guinea","GN","GIN",2014,39.8496366263944,57.581
"Guinea","GN","GIN",2013,37.4448110683296,57.459
"Guinea","GN","GIN",2012,47.8451474722102,57.117
"Guinea","GN","GIN",2011,45.7355495093342,56.778
"Guinea","GN","GIN",2010,43.9202562200658,56.431
"Guinea","GN","GIN",2009,43.8636675395894,56.052
"Guinea","GN","GIN",2008,43.8620540383665,55.703
"Guinea","GN","GIN",2007,43.9049134748938,55.233
"Guinea","GN","GIN",2006,43.9817436076682,54.875
"Guinea","GN","GIN",2005,44.0820421951864,54.422
"Guinea","GN","GIN",2004,44.4059611642013,53.975
"Guinea","GN","GIN",2003,45.0214167699546,53.589
"Guinea","GN","GIN",2002,45.7195532636765,53.2
"Guinea","GN","GIN",2001,46.2915148965972,52.669
"Guinea","GN","GIN",2000,46.528445919947,52.42
"Guinea","GN","GIN",1999,46.324026099318,51.987
"Guinea","GN","GIN",1998,45.8368568231987,51.61
"Guinea","GN","GIN",1997,45.2554647771638,51.113
"Guinea","GN","GIN",1996,44.7683766467881,50.546
"Guinea","GN","GIN",1995,44.5641191176462,49.836
"Guinea","GN","GIN",1994,44.7730580452999,49.188
"Guinea","GN","GIN",1993,45.3625990247018,48.819
"Guinea","GN","GIN",1992,46.2768283505134,48.266
"Guinea","GN","GIN",1991,47.4598323173959,47.781
"Guinea","GN","GIN",1990,48.8556972200109,47.252
"Guinea","GN","GIN",1989,NA,46.86
"Guinea","GN","GIN",1988,NA,46.478
"Guinea","GN","GIN",1987,NA,46.107
"Guinea","GN","GIN",1986,NA,45.719
"Guinea","GN","GIN",1985,NA,45.31
"Guinea","GN","GIN",1984,NA,44.858
"Guinea","GN","GIN",1983,NA,44.226
"Guinea","GN","GIN",1982,NA,43.863
"Guinea","GN","GIN",1981,NA,43.33
"Guinea","GN","GIN",1980,NA,42.842
"Guinea","GN","GIN",1979,NA,42.343
"Guinea","GN","GIN",1978,NA,41.882
"Guinea","GN","GIN",1977,NA,41.409
"Guinea","GN","GIN",1976,NA,41.028
"Guinea","GN","GIN",1975,NA,40.606
"Guinea","GN","GIN",1974,NA,40.229
"Guinea","GN","GIN",1973,NA,39.937
"Guinea","GN","GIN",1972,NA,39.683
"Guinea","GN","GIN",1971,NA,39.372
"Guinea","GN","GIN",1970,NA,39.06
"Guinea","GN","GIN",1969,NA,38.824
"Guinea","GN","GIN",1968,NA,38.501
"Guinea","GN","GIN",1967,NA,38.224
"Guinea","GN","GIN",1966,NA,37.959
"Guinea","GN","GIN",1965,NA,37.653
"Guinea","GN","GIN",1964,NA,37.415
"Guinea","GN","GIN",1963,NA,37.196
"Guinea","GN","GIN",1962,NA,36.997
"Guinea","GN","GIN",1961,NA,36.816
"Guinea","GN","GIN",1960,NA,36.623
"Guinea-Bissau","GW","GNB",2023,NA,64.085
"Guinea-Bissau","GW","GNB",2022,NA,63.605
"Guinea-Bissau","GW","GNB",2021,NA,61.653
"Guinea-Bissau","GW","GNB",2020,50.2127655060307,61.343
"Guinea-Bissau","GW","GNB",2019,48.5028970455265,62.161
"Guinea-Bissau","GW","GNB",2018,54.1409784310321,61.652
"Guinea-Bissau","GW","GNB",2017,56.7814512632763,61.148
"Guinea-Bissau","GW","GNB",2016,52.6997265729536,60.619
"Guinea-Bissau","GW","GNB",2015,56.920191943344,60.071
"Guinea-Bissau","GW","GNB",2014,43.5593468461234,59.476
"Guinea-Bissau","GW","GNB",2013,41.5410405341867,58.879
"Guinea-Bissau","GW","GNB",2012,55.8088467950236,58.27
"Guinea-Bissau","GW","GNB",2011,51.054253759813,57.663
"Guinea-Bissau","GW","GNB",2010,49.400457774959,56.999
"Guinea-Bissau","GW","GNB",2009,49.0674804693048,56.297
"Guinea-Bissau","GW","GNB",2008,48.8075318731546,55.3
"Guinea-Bissau","GW","GNB",2007,48.6224332133203,54.87
"Guinea-Bissau","GW","GNB",2006,48.5140057166139,54.089
"Guinea-Bissau","GW","GNB",2005,48.4840706098473,52.949
"Guinea-Bissau","GW","GNB",2004,49.1964039183986,52.8
"Guinea-Bissau","GW","GNB",2003,50.8821651561039,52.186
"Guinea-Bissau","GW","GNB",2002,52.8942507824626,51.608
"Guinea-Bissau","GW","GNB",2001,54.5855572569738,51.054
"Guinea-Bissau","GW","GNB",2000,55.3089810391368,50.565
"Guinea-Bissau","GW","GNB",1999,55.2161475752508,48.492
"Guinea-Bissau","GW","GNB",1998,54.9614567563883,48.123
"Guinea-Bissau","GW","GNB",1997,54.6519667092085,48.033
"Guinea-Bissau","GW","GNB",1996,54.3947355603707,48.772
"Guinea-Bissau","GW","GNB",1995,54.2968214365342,48.531
"Guinea-Bissau","GW","GNB",1994,54.4470354122027,47.775
"Guinea-Bissau","GW","GNB",1993,54.8377057391063,47.84
"Guinea-Bissau","GW","GNB",1992,55.4311663097431,47.518
"Guinea-Bissau","GW","GNB",1991,56.1897510166114,47.201
"Guinea-Bissau","GW","GNB",1990,57.0757937522095,46.89
"Guinea-Bissau","GW","GNB",1989,NA,46.614
"Guinea-Bissau","GW","GNB",1988,NA,46.279
"Guinea-Bissau","GW","GNB",1987,NA,45.844
"Guinea-Bissau","GW","GNB",1986,NA,45.523
"Guinea-Bissau","GW","GNB",1985,NA,45.266
"Guinea-Bissau","GW","GNB",1984,NA,44.943
"Guinea-Bissau","GW","GNB",1983,NA,44.6
"Guinea-Bissau","GW","GNB",1982,NA,44.293
"Guinea-Bissau","GW","GNB",1981,NA,43.926
"Guinea-Bissau","GW","GNB",1980,NA,43.57
"Guinea-Bissau","GW","GNB",1979,NA,43.239
"Guinea-Bissau","GW","GNB",1978,NA,42.908
"Guinea-Bissau","GW","GNB",1977,NA,42.578
"Guinea-Bissau","GW","GNB",1976,NA,42.253
"Guinea-Bissau","GW","GNB",1975,NA,41.934
"Guinea-Bissau","GW","GNB",1974,NA,41.613
"Guinea-Bissau","GW","GNB",1973,NA,38.17
"Guinea-Bissau","GW","GNB",1972,NA,37.82
"Guinea-Bissau","GW","GNB",1971,NA,37.538
"Guinea-Bissau","GW","GNB",1970,NA,37.258
"Guinea-Bissau","GW","GNB",1969,NA,36.959
"Guinea-Bissau","GW","GNB",1968,NA,36.672
"Guinea-Bissau","GW","GNB",1967,NA,36.344
"Guinea-Bissau","GW","GNB",1966,NA,36.083
"Guinea-Bissau","GW","GNB",1965,NA,35.92
"Guinea-Bissau","GW","GNB",1964,NA,35.807
"Guinea-Bissau","GW","GNB",1963,NA,35.644
"Guinea-Bissau","GW","GNB",1962,NA,38.032
"Guinea-Bissau","GW","GNB",1961,NA,37.788
"Guinea-Bissau","GW","GNB",1960,NA,37.554
"Guyana","GY","GUY",2023,NA,70.18
"Guyana","GY","GUY",2022,NA,69.888
"Guyana","GY","GUY",2021,NA,64.323
"Guyana","GY","GUY",2020,25.460668047299,67.751
"Guyana","GY","GUY",2019,26.0920734823741,69.067
"Guyana","GY","GUY",2018,25.7636448984049,68.829
"Guyana","GY","GUY",2017,25.2164770735339,68.543
"Guyana","GY","GUY",2016,25.3854930398264,68.069
"Guyana","GY","GUY",2015,25.8352498994325,67.719
"Guyana","GY","GUY",2014,24.2311867349748,67.334
"Guyana","GY","GUY",2013,23.9124180658873,66.71
"Guyana","GY","GUY",2012,24.0202750476087,66.443
"Guyana","GY","GUY",2011,23.1327579636656,66.469
"Guyana","GY","GUY",2010,23.836323399808,66.204
"Guyana","GY","GUY",2009,23.9438660671232,66.03
"Guyana","GY","GUY",2008,23.9520301855779,65.721
"Guyana","GY","GUY",2007,23.9276414429482,65.462
"Guyana","GY","GUY",2006,23.9375255270104,64.848
"Guyana","GY","GUY",2005,24.0485081255405,64.392
"Guyana","GY","GUY",2004,24.5833797227468,64.214
"Guyana","GY","GUY",2003,25.5932264409115,64.117
"Guyana","GY","GUY",2002,26.7373174249219,64.183
"Guyana","GY","GUY",2001,27.6749218196649,64.38
"Guyana","GY","GUY",2000,28.0653087700277,64.075
"Guyana","GY","GUY",1999,27.6348227144755,63.772
"Guyana","GY","GUY",1998,26.600028219594,63.429
"Guyana","GY","GUY",1997,25.3555246224507,62.879
"Guyana","GY","GUY",1996,24.2959112601132,62.691
"Guyana","GY","GUY",1995,23.8157874696491,62.668
"Guyana","GY","GUY",1994,23.7705715751275,63.007
"Guyana","GY","GUY",1993,23.7715262810029,63.016
"Guyana","GY","GUY",1992,23.8470174949212,62.816
"Guyana","GY","GUY",1991,24.0254111245283,62.463
"Guyana","GY","GUY",1990,24.3350730774701,62.254
"Guyana","GY","GUY",1989,NA,62.054
"Guyana","GY","GUY",1988,NA,61.849
"Guyana","GY","GUY",1987,NA,61.698
"Guyana","GY","GUY",1986,NA,61.521
"Guyana","GY","GUY",1985,NA,61.379
"Guyana","GY","GUY",1984,NA,61.255
"Guyana","GY","GUY",1983,NA,61.157
"Guyana","GY","GUY",1982,NA,61.01
"Guyana","GY","GUY",1981,NA,60.91
"Guyana","GY","GUY",1980,NA,60.808
"Guyana","GY","GUY",1979,NA,60.735
"Guyana","GY","GUY",1978,NA,60.646
"Guyana","GY","GUY",1977,NA,60.558
"Guyana","GY","GUY",1976,NA,60.449
"Guyana","GY","GUY",1975,NA,60.375
"Guyana","GY","GUY",1974,NA,60.305
"Guyana","GY","GUY",1973,NA,60.211
"Guyana","GY","GUY",1972,NA,60.133
"Guyana","GY","GUY",1971,NA,60.068
"Guyana","GY","GUY",1970,NA,59.961
"Guyana","GY","GUY",1969,NA,59.835
"Guyana","GY","GUY",1968,NA,59.69
"Guyana","GY","GUY",1967,NA,59.53
"Guyana","GY","GUY",1966,NA,59.329
"Guyana","GY","GUY",1965,NA,59.137
"Guyana","GY","GUY",1964,NA,58.958
"Guyana","GY","GUY",1963,NA,58.644
"Guyana","GY","GUY",1962,NA,58.303
"Guyana","GY","GUY",1961,NA,57.912
"Guyana","GY","GUY",1960,NA,57.51
"Haiti","HT","HTI",2023,NA,64.936
"Haiti","HT","HTI",2022,NA,63.948
"Haiti","HT","HTI",2021,NA,62.613
"Haiti","HT","HTI",2020,21.3502554448061,63.773
"Haiti","HT","HTI",2019,20.938501996786,64.328
"Haiti","HT","HTI",2018,21.5479155500506,64.077
"Haiti","HT","HTI",2017,20.7108631691211,63.832
"Haiti","HT","HTI",2016,20.5277983755891,63.325
"Haiti","HT","HTI",2015,21.5058632915395,63.224
"Haiti","HT","HTI",2014,20.7584161756086,62.969
"Haiti","HT","HTI",2013,19.3952223914866,62.624
"Haiti","HT","HTI",2012,19.0640940806919,62.273
"Haiti","HT","HTI",2011,18.8857006660512,61.581
"Haiti","HT","HTI",2010,18.8313411106541,45.577
"Haiti","HT","HTI",2009,18.8685291599026,61.694
"Haiti","HT","HTI",2008,18.9251624491129,61.28
"Haiti","HT","HTI",2007,19.0011837390715,61.09
"Haiti","HT","HTI",2006,19.0965357905648,60.74
"Haiti","HT","HTI",2005,19.2111613643794,60.318
"Haiti","HT","HTI",2004,19.4002971270812,58.517
"Haiti","HT","HTI",2003,19.6705719275103,59.44
"Haiti","HT","HTI",2002,19.9490167998644,59.041
"Haiti","HT","HTI",2001,20.1626627783411,58.591
"Haiti","HT","HTI",2000,20.2385408971379,58.175
"Haiti","HT","HTI",1999,20.0529182031664,57.692
"Haiti","HT","HTI",1998,19.6346244944932,57.137
"Haiti","HT","HTI",1997,19.1395349320486,56.675
"Haiti","HT","HTI",1996,18.7235246767629,56.111
"Haiti","HT","HTI",1995,18.5424688895665,55.582
"Haiti","HT","HTI",1994,18.537139991567,54.731
"Haiti","HT","HTI",1993,18.5570223859989,54.478
"Haiti","HT","HTI",1992,18.6210592069823,54.041
"Haiti","HT","HTI",1991,18.7481935886374,53.524
"Haiti","HT","HTI",1990,18.9573686650844,53.215
"Haiti","HT","HTI",1989,NA,52.88
"Haiti","HT","HTI",1988,NA,52.554
"Haiti","HT","HTI",1987,NA,52.245
"Haiti","HT","HTI",1986,NA,51.874
"Haiti","HT","HTI",1985,NA,51.583
"Haiti","HT","HTI",1984,NA,51.254
"Haiti","HT","HTI",1983,NA,50.946
"Haiti","HT","HTI",1982,NA,50.626
"Haiti","HT","HTI",1981,NA,50.31
"Haiti","HT","HTI",1980,NA,49.971
"Haiti","HT","HTI",1979,NA,49.749
"Haiti","HT","HTI",1978,NA,49.484
"Haiti","HT","HTI",1977,NA,49.226
"Haiti","HT","HTI",1976,NA,48.972
"Haiti","HT","HTI",1975,NA,48.72
"Haiti","HT","HTI",1974,NA,48.458
"Haiti","HT","HTI",1973,NA,48.194
"Haiti","HT","HTI",1972,NA,47.884
"Haiti","HT","HTI",1971,NA,47.619
"Haiti","HT","HTI",1970,NA,47.265
"Haiti","HT","HTI",1969,NA,46.903
"Haiti","HT","HTI",1968,NA,46.522
"Haiti","HT","HTI",1967,NA,46.135
"Haiti","HT","HTI",1966,NA,45.565
"Haiti","HT","HTI",1965,NA,45.371
"Haiti","HT","HTI",1964,NA,44.928
"Haiti","HT","HTI",1963,NA,42.724
"Haiti","HT","HTI",1962,NA,44.196
"Haiti","HT","HTI",1961,NA,43.825
"Haiti","HT","HTI",1960,NA,43.44
"Honduras","HN","HND",2023,NA,72.884
"Honduras","HN","HND",2022,NA,72.715
"Honduras","HN","HND",2021,NA,69.492
"Honduras","HN","HND",2020,20.3136833896573,70.864
"Honduras","HN","HND",2019,18.1436603524166,72.124
"Honduras","HN","HND",2018,20.5175969852982,72.001
"Honduras","HN","HND",2017,22.0571250886782,71.805
"Honduras","HN","HND",2016,22.8829846790784,71.615
"Honduras","HN","HND",2015,24.6931989438968,71.323
"Honduras","HN","HND",2014,24.197048630279,71.032
"Honduras","HN","HND",2013,26.2100830737093,70.765
"Honduras","HN","HND",2012,24.209066840265,70.46
"Honduras","HN","HND",2011,27.5473866010646,70.116
"Honduras","HN","HND",2010,23.6046775290367,69.77
"Honduras","HN","HND",2009,23.9175973814691,69.823
"Honduras","HN","HND",2008,24.7098957241816,69.657
"Honduras","HN","HND",2007,25.7618807352975,69.539
"Honduras","HN","HND",2006,26.8538605929398,69.364
"Honduras","HN","HND",2005,27.7661434752318,69.198
"Honduras","HN","HND",2004,28.5787777048828,69.05
"Honduras","HN","HND",2003,29.4430738497488,68.874
"Honduras","HN","HND",2002,30.2462334556727,68.714
"Honduras","HN","HND",2001,30.8754580684972,68.491
"Honduras","HN","HND",2000,31.2179492340652,68.302
"Honduras","HN","HND",1999,31.2340267459999,68.005
"Honduras","HN","HND",1998,31.0462664031026,62.432
"Honduras","HN","HND",1997,30.7852537589831,67.542
"Honduras","HN","HND",1996,30.5815743672513,67.263
"Honduras","HN","HND",1995,30.5658137815171,66.919
"Honduras","HN","HND",1994,30.7212430810297,66.523
"Honduras","HN","HND",1993,30.9437965640024,66.074
"Honduras","HN","HND",1992,31.2330546124914,65.908
"Honduras","HN","HND",1991,31.5885976085529,65.584
"Honduras","HN","HND",1990,32.0100059342431,65.183
"Honduras","HN","HND",1989,NA,64.782
"Honduras","HN","HND",1988,NA,64.393
"Honduras","HN","HND",1987,NA,64.066
"Honduras","HN","HND",1986,NA,63.651
"Honduras","HN","HND",1985,NA,63.223
"Honduras","HN","HND",1984,NA,62.819
"Honduras","HN","HND",1983,NA,62.408
"Honduras","HN","HND",1982,NA,61.688
"Honduras","HN","HND",1981,NA,61.033
"Honduras","HN","HND",1980,NA,60.388
"Honduras","HN","HND",1979,NA,59.829
"Honduras","HN","HND",1978,NA,59.248
"Honduras","HN","HND",1977,NA,58.704
"Honduras","HN","HND",1976,NA,58.151
"Honduras","HN","HND",1975,NA,57.523
"Honduras","HN","HND",1974,NA,52.519
"Honduras","HN","HND",1973,NA,54.565
"Honduras","HN","HND",1972,NA,55.689
"Honduras","HN","HND",1971,NA,55.012
"Honduras","HN","HND",1970,NA,54.36
"Honduras","HN","HND",1969,NA,53.712
"Honduras","HN","HND",1968,NA,53.041
"Honduras","HN","HND",1967,NA,52.331
"Honduras","HN","HND",1966,NA,51.588
"Honduras","HN","HND",1965,NA,50.863
"Honduras","HN","HND",1964,NA,50.197
"Honduras","HN","HND",1963,NA,49.385
"Honduras","HN","HND",1962,NA,48.647
"Honduras","HN","HND",1961,NA,47.71
"Honduras","HN","HND",1960,NA,47.149
"Hong Kong SAR, China","HK","HKG",2023,NA,85.2473170731707
"Hong Kong SAR, China","HK","HKG",2022,NA,83.6609756097561
"Hong Kong SAR, China","HK","HKG",2021,NA,85.5326829268293
"Hong Kong SAR, China","HK","HKG",2020,NA,85.4963414634146
"Hong Kong SAR, China","HK","HKG",2019,NA,85.1558536585366
"Hong Kong SAR, China","HK","HKG",2018,NA,84.869756097561
"Hong Kong SAR, China","HK","HKG",2017,NA,84.6956097560976
"Hong Kong SAR, China","HK","HKG",2016,NA,84.2114634146342
"Hong Kong SAR, China","HK","HKG",2015,NA,84.2526829268293
"Hong Kong SAR, China","HK","HKG",2014,NA,83.9356097560976
"Hong Kong SAR, China","HK","HKG",2013,NA,83.8312195121951
"Hong Kong SAR, China","HK","HKG",2012,NA,83.450243902439
"Hong Kong SAR, China","HK","HKG",2011,NA,83.4119512195122
"Hong Kong SAR, China","HK","HKG",2010,NA,82.9575609756098
"Hong Kong SAR, China","HK","HKG",2009,NA,82.7751219512195
"Hong Kong SAR, China","HK","HKG",2008,NA,82.3404878048781
"Hong Kong SAR, China","HK","HKG",2007,NA,82.3668292682927
"Hong Kong SAR, China","HK","HKG",2006,NA,82.3848780487805
"Hong Kong SAR, China","HK","HKG",2005,NA,81.6090243902439
"Hong Kong SAR, China","HK","HKG",2004,NA,81.7992682926829
"Hong Kong SAR, China","HK","HKG",2003,NA,81.3434146341464
"Hong Kong SAR, China","HK","HKG",2002,NA,81.4521951219512
"Hong Kong SAR, China","HK","HKG",2001,NA,81.4192682926829
"Hong Kong SAR, China","HK","HKG",2000,NA,80.8731707317073
"Hong Kong SAR, China","HK","HKG",1999,NA,80.3726829268293
"Hong Kong SAR, China","HK","HKG",1998,NA,80.1068292682927
"Hong Kong SAR, China","HK","HKG",1997,NA,80.1121951219512
"Hong Kong SAR, China","HK","HKG",1996,NA,79.6275609756098
"Hong Kong SAR, China","HK","HKG",1995,NA,78.6787804878049
"Hong Kong SAR, China","HK","HKG",1994,NA,78.5436585365854
"Hong Kong SAR, China","HK","HKG",1993,NA,78.0160975609756
"Hong Kong SAR, China","HK","HKG",1992,NA,77.6734146341464
"Hong Kong SAR, China","HK","HKG",1991,NA,77.8729268292683
"Hong Kong SAR, China","HK","HKG",1990,NA,77.3707317073171
"Hong Kong SAR, China","HK","HKG",1989,NA,77.0287804878049
"Hong Kong SAR, China","HK","HKG",1988,NA,77.0834146341464
"Hong Kong SAR, China","HK","HKG",1987,NA,76.8978048780488
"Hong Kong SAR, China","HK","HKG",1986,NA,76.6843902439024
"Hong Kong SAR, China","HK","HKG",1985,NA,76.4292682926829
"Hong Kong SAR, China","HK","HKG",1984,NA,76.009512195122
"Hong Kong SAR, China","HK","HKG",1983,NA,75.2863414634146
"Hong Kong SAR, China","HK","HKG",1982,NA,75.4385365853659
"Hong Kong SAR, China","HK","HKG",1981,NA,75.3490243902439
"Hong Kong SAR, China","HK","HKG",1980,NA,74.6534146341464
"Hong Kong SAR, China","HK","HKG",1979,NA,73.6631707317073
"Hong Kong SAR, China","HK","HKG",1978,NA,73.5407317073171
"Hong Kong SAR, China","HK","HKG",1977,NA,73.3492682926829
"Hong Kong SAR, China","HK","HKG",1976,NA,72.7890243902439
"Hong Kong SAR, China","HK","HKG",1975,NA,73.3621951219512
"Hong Kong SAR, China","HK","HKG",1974,NA,72.5978048780488
"Hong Kong SAR, China","HK","HKG",1973,NA,72.090243902439
"Hong Kong SAR, China","HK","HKG",1972,NA,71.4509756097561
"Hong Kong SAR, China","HK","HKG",1971,NA,71.4680487804878
"Hong Kong SAR, China","HK","HKG",1970,NA,70.9346829268293
"Hong Kong SAR, China","HK","HKG",1969,NA,70.6271707317073
"Hong Kong SAR, China","HK","HKG",1968,NA,70.2170243902439
"Hong Kong SAR, China","HK","HKG",1967,NA,69.8278536585366
"Hong Kong SAR, China","HK","HKG",1966,NA,69.2658536585366
"Hong Kong SAR, China","HK","HKG",1965,NA,68.8668048780488
"Hong Kong SAR, China","HK","HKG",1964,NA,68.2190975609756
"Hong Kong SAR, China","HK","HKG",1963,NA,67.6451707317073
"Hong Kong SAR, China","HK","HKG",1962,NA,66.9104634146342
"Hong Kong SAR, China","HK","HKG",1961,NA,66.4416585365854
"Hong Kong SAR, China","HK","HKG",1960,NA,65.6971219512195
"Hungary","HU","HUN",2023,NA,76.5707317073171
"Hungary","HU","HUN",2022,NA,75.8682926829268
"Hungary","HU","HUN",2021,NA,74.0658536585366
"Hungary","HU","HUN",2020,14.1364995764273,75.419512195122
"Hungary","HU","HUN",2019,14.6412354449754,76.3195121951219
"Hungary","HU","HUN",2018,17.5018535227019,76.0658536585366
"Hungary","HU","HUN",2017,17.0236884271225,75.8170731707317
"Hungary","HU","HUN",2016,16.2389389235353,76.0634146341464
"Hungary","HU","HUN",2015,17.9802501362595,75.5682926829269
"Hungary","HU","HUN",2014,17.9397743889142,75.7634146341463
"Hungary","HU","HUN",2013,17.8529756602872,75.5658536585366
"Hungary","HU","HUN",2012,18.932021260415,75.0634146341463
"Hungary","HU","HUN",2011,21.3088927870016,74.8585365853659
"Hungary","HU","HUN",2010,20.465784622626,74.2073170731707
"Hungary","HU","HUN",2009,20.6233678571466,73.9048780487805
"Hungary","HU","HUN",2008,20.9991432625418,73.7024390243903
"Hungary","HU","HUN",2007,21.4476493915619,73.1512195121951
"Hungary","HU","HUN",2006,21.8234247969572,73.0975609756098
"Hungary","HU","HUN",2005,21.9810080314777,72.6487804878049
"Hungary","HU","HUN",2004,21.8498407835233,72.6487804878049
"Hungary","HU","HUN",2003,21.5344986819374,72.3
"Hungary","HU","HUN",2002,21.1522211901366,72.3487804878049
"Hungary","HU","HUN",2001,20.8202477715374,72.2487804878049
"Hungary","HU","HUN",2000,20.6558178895561,71.2463414634146
"Hungary","HU","HUN",1999,20.9588759946643,70.6770731707317
"Hungary","HU","HUN",1998,21.7620624045834,70.5578048780488
"Hungary","HU","HUN",1997,22.7816603836051,70.7024390243902
"Hungary","HU","HUN",1996,23.733953196021,70.3287804878049
"Hungary","HU","HUN",1995,24.3352241061226,69.7917073170732
"Hungary","HU","HUN",1994,24.6487681946131,69.469756097561
"Hungary","HU","HUN",1993,24.9154448819117,69.1012195121951
"Hungary","HU","HUN",1992,25.1178839418842,69.1170731707317
"Hungary","HU","HUN",1991,25.2387151483964,69.3770731707317
"Hungary","HU","HUN",1990,25.260568275314,69.3156097560976
"Hungary","HU","HUN",1989,NA,69.4617073170732
"Hungary","HU","HUN",1988,NA,70.0234146341463
"Hungary","HU","HUN",1987,NA,69.6512195121951
"Hungary","HU","HUN",1986,NA,69.1734146341463
"Hungary","HU","HUN",1985,NA,68.9721951219512
"Hungary","HU","HUN",1984,NA,69.0258536585366
"Hungary","HU","HUN",1983,NA,68.9736585365854
"Hungary","HU","HUN",1982,NA,69.3578048780488
"Hungary","HU","HUN",1981,NA,69.1392682926829
"Hungary","HU","HUN",1980,NA,69.0617073170732
"Hungary","HU","HUN",1979,NA,69.6153658536585
"Hungary","HU","HUN",1978,NA,69.3939024390244
"Hungary","HU","HUN",1977,NA,69.8480487804878
"Hungary","HU","HUN",1976,NA,69.5731707317073
"Hungary","HU","HUN",1975,NA,69.29
"Hungary","HU","HUN",1974,NA,69.2480487804878
"Hungary","HU","HUN",1973,NA,69.5180487804878
"Hungary","HU","HUN",1972,NA,69.6646341463415
"Hungary","HU","HUN",1971,NA,69.0524390243903
"Hungary","HU","HUN",1970,NA,69.1646341463415
"Hungary","HU","HUN",1969,NA,69.3146341463415
"Hungary","HU","HUN",1968,NA,69.230243902439
"Hungary","HU","HUN",1967,NA,69.4070731707317
"Hungary","HU","HUN",1966,NA,69.8224390243902
"Hungary","HU","HUN",1965,NA,69.0712195121951
"Hungary","HU","HUN",1964,NA,69.3809756097561
"Hungary","HU","HUN",1963,NA,68.8741463414634
"Hungary","HU","HUN",1962,NA,67.8658536585366
"Hungary","HU","HUN",1961,NA,68.9360975609756
"Hungary","HU","HUN",1960,NA,68.0031707317073
"Iceland","IS","ISL",2023,NA,82.4560975609756
"Iceland","IS","ISL",2022,NA,82.119512195122
"Iceland","IS","ISL",2021,NA,83.1658536585366
"Iceland","IS","ISL",2020,5.10554827500189,83.0634146341463
"Iceland","IS","ISL",2019,5.48155807169081,83.1634146341463
"Iceland","IS","ISL",2018,5.55924065638007,82.8609756097561
"Iceland","IS","ISL",2017,5.83996279608708,82.6609756097561
"Iceland","IS","ISL",2016,5.27717772615425,82.2048780487805
"Iceland","IS","ISL",2015,5.73328095255678,82.4682926829268
"Iceland","IS","ISL",2014,5.78710561432072,82.8609756097561
"Iceland","IS","ISL",2013,5.96459941016024,82.0609756097561
"Iceland","IS","ISL",2012,6.11017540376794,82.9170731707317
"Iceland","IS","ISL",2011,6.70874031735348,82.3585365853659
"Iceland","IS","ISL",2010,6.51049356186064,81.8975609756097
"Iceland","IS","ISL",2009,6.5615173033005,81.7512195121951
"Iceland","IS","ISL",2008,6.68793269253617,81.609756097561
"Iceland","IS","ISL",2007,6.84979048517238,81.4536585365854
"Iceland","IS","ISL",2006,7.00714143681389,81.1585365853659
"Iceland","IS","ISL",2005,7.12003630306545,81.5024390243902
"Iceland","IS","ISL",2004,7.19334638476617,80.9975609756098
"Iceland","IS","ISL",2003,7.25851087930184,80.9634146341464
"Iceland","IS","ISL",2002,7.31543238709725,80.5024390243903
"Iceland","IS","ISL",2001,7.36401350857719,80.690243902439
"Iceland","IS","ISL",2000,7.40415684416645,79.6536585365854
"Iceland","IS","ISL",1999,7.42825917931946,79.3512195121951
"Iceland","IS","ISL",1998,7.43629759979834,79.6024390243903
"Iceland","IS","ISL",1997,7.43954515648938,78.8853658536585
"Iceland","IS","ISL",1996,7.44927490027887,78.7778048780488
"Iceland","IS","ISL",1995,7.47675988205311,77.9843902439024
"Iceland","IS","ISL",1994,7.51823047235733,79.2470731707317
"Iceland","IS","ISL",1993,7.56328774967063,78.9346341463415
"Iceland","IS","ISL",1992,7.61326082678014,78.760243902439
"Iceland","IS","ISL",1991,7.66947881647296,77.9919512195122
"Iceland","IS","ISL",1990,7.73327083153623,78.0363414634146
"Iceland","IS","ISL",1989,NA,78.1409756097561
"Iceland","IS","ISL",1988,NA,77.0829268292683
"Iceland","IS","ISL",1987,NA,77.3390243902439
"Iceland","IS","ISL",1986,NA,77.9907317073171
"Iceland","IS","ISL",1985,NA,77.6024390243903
"Iceland","IS","ISL",1984,NA,77.5765853658537
"Iceland","IS","ISL",1983,NA,76.8456097560976
"Iceland","IS","ISL",1982,NA,77.0378048780488
"Iceland","IS","ISL",1981,NA,76.5214634146341
"Iceland","IS","ISL",1980,NA,76.8465853658537
"Iceland","IS","ISL",1979,NA,76.7731707317073
"Iceland","IS","ISL",1978,NA,76.6492682926829
"Iceland","IS","ISL",1977,NA,76.3736585365854
"Iceland","IS","ISL",1976,NA,76.9721951219512
"Iceland","IS","ISL",1975,NA,75.5787804878049
"Iceland","IS","ISL",1974,NA,74.5117073170732
"Iceland","IS","ISL",1973,NA,74.4509756097561
"Iceland","IS","ISL",1972,NA,74.4558536585366
"Iceland","IS","ISL",1971,NA,73.5704878048781
"Iceland","IS","ISL",1970,NA,73.9339024390244
"Iceland","IS","ISL",1969,NA,73.7763414634147
"Iceland","IS","ISL",1968,NA,74.0058536585366
"Iceland","IS","ISL",1967,NA,73.7831707317073
"Iceland","IS","ISL",1966,NA,73.3004878048781
"Iceland","IS","ISL",1965,NA,73.8687804878049
"Iceland","IS","ISL",1964,NA,73.5417073170732
"Iceland","IS","ISL",1963,NA,73.0429268292683
"Iceland","IS","ISL",1962,NA,73.7219512195122
"Iceland","IS","ISL",1961,NA,73.5034146341464
"Iceland","IS","ISL",1960,NA,74.0400731707317
"India","IN","IND",2023,NA,72.003
"India","IN","IND",2022,NA,71.698
"India","IN","IND",2021,NA,67.282
"India","IN","IND",2020,48.3948115195574,70.156
"India","IN","IND",2019,59.8919808842351,70.746
"India","IN","IND",2018,68.1209525065052,70.415
"India","IN","IND",2017,67.3122713926644,70.068
"India","IN","IND",2016,75.7890035327013,69.709
"India","IN","IND",2015,73.810991410386,69.326
"India","IN","IND",2014,79.0373957134889,68.932
"India","IN","IND",2013,76.2501768290597,68.499
"India","IN","IND",2012,74.0031607462287,68.076
"India","IN","IND",2011,61.708624213512,67.623
"India","IN","IND",2010,50.1011539510167,67.162
"India","IN","IND",2009,51.3544031327568,66.7
"India","IN","IND",2008,54.3676481000901,66.247
"India","IN","IND",2007,58.0211349861865,65.803
"India","IN","IND",2006,61.1951099242157,65.373
"India","IN","IND",2005,62.7698190473475,64.939
"India","IN","IND",2004,62.9461722470244,64.484
"India","IN","IND",2003,62.766353963477,64.086
"India","IN","IND",2002,62.3725221530569,63.649
"India","IN","IND",2001,61.9068347721157,63.158
"India","IN","IND",2000,61.511449777005,62.749
"India","IN","IND",1999,61.0997128917884,62.284
"India","IN","IND",1998,60.5775958791317,61.852
"India","IN","IND",1997,60.0761957532898,61.439
"India","IN","IND",1996,59.7266095285175,61.027
"India","IN","IND",1995,59.6599342190696,60.63
"India","IN","IND",1994,59.8493085307383,60.237
"India","IN","IND",1993,60.1796403222327,59.823
"India","IN","IND",1992,60.6496803371831,59.445
"India","IN","IND",1991,61.2581793192197,59.032
"India","IN","IND",1990,62.003888011973,58.618
"India","IN","IND",1989,NA,58.196
"India","IN","IND",1988,NA,57.744
"India","IN","IND",1987,NA,57.291
"India","IN","IND",1986,NA,56.819
"India","IN","IND",1985,NA,56.324
"India","IN","IND",1984,NA,55.813
"India","IN","IND",1983,NA,55.283
"India","IN","IND",1982,NA,54.735
"India","IN","IND",1981,NA,54.173
"India","IN","IND",1980,NA,53.593
"India","IN","IND",1979,NA,53.014
"India","IN","IND",1978,NA,52.42
"India","IN","IND",1977,NA,51.822
"India","IN","IND",1976,NA,51.302
"India","IN","IND",1975,NA,50.761
"India","IN","IND",1974,NA,50.259
"India","IN","IND",1973,NA,49.642
"India","IN","IND",1972,NA,49.213
"India","IN","IND",1971,NA,48.902
"India","IN","IND",1970,NA,48.585
"India","IN","IND",1969,NA,48.26
"India","IN","IND",1968,NA,47.925
"India","IN","IND",1967,NA,46.184
"India","IN","IND",1966,NA,45.884
"India","IN","IND",1965,NA,45.558
"India","IN","IND",1964,NA,46.742
"India","IN","IND",1963,NA,46.458
"India","IN","IND",1962,NA,46.133
"India","IN","IND",1961,NA,45.824
"India","IN","IND",1960,NA,45.61
"Indonesia","ID","IDN",2023,NA,71.146
"Indonesia","ID","IDN",2022,NA,70.925
"Indonesia","ID","IDN",2021,NA,67.452
"Indonesia","ID","IDN",2020,17.8814994983985,68.817
"Indonesia","ID","IDN",2019,19.4270918962783,70.349
"Indonesia","ID","IDN",2018,18.4371895829409,70.08
"Indonesia","ID","IDN",2017,16.9555634840925,69.953
"Indonesia","ID","IDN",2016,19.1310042759597,69.733
"Indonesia","ID","IDN",2015,18.6712786457665,69.52
"Indonesia","ID","IDN",2014,18.5354648917633,69.292
"Indonesia","ID","IDN",2013,20.1029935644832,69.064
"Indonesia","ID","IDN",2012,19.553351601333,68.862
"Indonesia","ID","IDN",2011,17.9185723142468,68.629
"Indonesia","ID","IDN",2010,20.5957258237696,68.364
"Indonesia","ID","IDN",2009,21.7298298830988,68.267
"Indonesia","ID","IDN",2008,22.6167038013704,68.085
"Indonesia","ID","IDN",2007,23.3156711321389,67.914
"Indonesia","ID","IDN",2006,23.8860554289587,67.664
"Indonesia","ID","IDN",2005,24.3871802453844,67.531
"Indonesia","ID","IDN",2004,24.8275783674222,65.521
"Indonesia","ID","IDN",2003,25.1975719602112,67.134
"Indonesia","ID","IDN",2002,25.5291686460049,66.954
"Indonesia","ID","IDN",2001,25.8543760470568,66.583
"Indonesia","ID","IDN",2000,26.2052017856205,66.292
"Indonesia","ID","IDN",1999,26.5989314573023,66.001
"Indonesia","ID","IDN",1998,27.0173260297436,65.942
"Indonesia","ID","IDN",1997,27.4391061832509,65.774
"Indonesia","ID","IDN",1996,27.8429925981306,65.465
"Indonesia","ID","IDN",1995,28.2077059546889,65.263
"Indonesia","ID","IDN",1994,28.5463729452746,65.041
"Indonesia","ID","IDN",1993,28.8832300415472,64.851
"Indonesia","ID","IDN",1992,29.2136625927798,64.182
"Indonesia","ID","IDN",1991,29.5330559482451,63.703
"Indonesia","ID","IDN",1990,29.8367954572161,63.249
"Indonesia","ID","IDN",1989,NA,62.883
"Indonesia","ID","IDN",1988,NA,62.386
"Indonesia","ID","IDN",1987,NA,62.087
"Indonesia","ID","IDN",1986,NA,61.736
"Indonesia","ID","IDN",1985,NA,61.387
"Indonesia","ID","IDN",1984,NA,60.891
"Indonesia","ID","IDN",1983,NA,60.343
"Indonesia","ID","IDN",1982,NA,59.7
"Indonesia","ID","IDN",1981,NA,59.096
"Indonesia","ID","IDN",1980,NA,58.701
"Indonesia","ID","IDN",1979,NA,58.18
"Indonesia","ID","IDN",1978,NA,57.607
"Indonesia","ID","IDN",1977,NA,57.09
"Indonesia","ID","IDN",1976,NA,56.445
"Indonesia","ID","IDN",1975,NA,55.998
"Indonesia","ID","IDN",1974,NA,55.443
"Indonesia","ID","IDN",1973,NA,54.916
"Indonesia","ID","IDN",1972,NA,54.364
"Indonesia","ID","IDN",1971,NA,53.823
"Indonesia","ID","IDN",1970,NA,53.254
"Indonesia","ID","IDN",1969,NA,52.588
"Indonesia","ID","IDN",1968,NA,51.888
"Indonesia","ID","IDN",1967,NA,51.309
"Indonesia","ID","IDN",1966,NA,48.406
"Indonesia","ID","IDN",1965,NA,42.762
"Indonesia","ID","IDN",1964,NA,49.44
"Indonesia","ID","IDN",1963,NA,48.742
"Indonesia","ID","IDN",1962,NA,48.141
"Indonesia","ID","IDN",1961,NA,47.385
"Indonesia","ID","IDN",1960,NA,46.835
"Iran, Islamic Rep.","IR","IRN",2023,NA,77.654
"Iran, Islamic Rep.","IR","IRN",2022,NA,76.799
"Iran, Islamic Rep.","IR","IRN",2021,NA,73.752
"Iran, Islamic Rep.","IR","IRN",2020,32.2873733599003,74.141
"Iran, Islamic Rep.","IR","IRN",2019,34.0157895718045,76.855
"Iran, Islamic Rep.","IR","IRN",2018,37.6762291896797,76.621
"Iran, Islamic Rep.","IR","IRN",2017,35.0159582592188,76.396
"Iran, Islamic Rep.","IR","IRN",2016,37.4838145441593,76.155
"Iran, Islamic Rep.","IR","IRN",2015,38.6980329606897,75.907
"Iran, Islamic Rep.","IR","IRN",2014,36.3710361542807,75.635
"Iran, Islamic Rep.","IR","IRN",2013,38.7525647600714,75.349
"Iran, Islamic Rep.","IR","IRN",2012,38.0077616053954,75.039
"Iran, Islamic Rep.","IR","IRN",2011,39.6124799715142,74.721
"Iran, Islamic Rep.","IR","IRN",2010,38.3119722581928,74.39
"Iran, Islamic Rep.","IR","IRN",2009,37.3199195486544,74.041
"Iran, Islamic Rep.","IR","IRN",2008,36.3667271071338,73.683
"Iran, Islamic Rep.","IR","IRN",2007,35.5567159766256,73.299
"Iran, Islamic Rep.","IR","IRN",2006,34.9942072001245,72.895
"Iran, Islamic Rep.","IR","IRN",2005,34.7835218206253,72.446
"Iran, Islamic Rep.","IR","IRN",2004,34.9596539283831,72.04
"Iran, Islamic Rep.","IR","IRN",2003,35.3796612622671,70.464
"Iran, Islamic Rep.","IR","IRN",2002,35.8809603381931,71.112
"Iran, Islamic Rep.","IR","IRN",2001,36.3009676720771,70.619
"Iran, Islamic Rep.","IR","IRN",2000,36.4770997798349,70.166
"Iran, Islamic Rep.","IR","IRN",1999,36.2931466959325,69.686
"Iran, Islamic Rep.","IR","IRN",1998,35.8431133328068,69.214
"Iran, Islamic Rep.","IR","IRN",1997,35.2797385233305,68.649
"Iran, Islamic Rep.","IR","IRN",1996,34.7557611003762,68.328
"Iran, Islamic Rep.","IR","IRN",1995,34.4239198968164,67.904
"Iran, Islamic Rep.","IR","IRN",1994,34.2438610945374,67.49
"Iran, Islamic Rep.","IR","IRN",1993,34.0814956493475,67.037
"Iran, Islamic Rep.","IR","IRN",1992,33.9489595550025,66.653
"Iran, Islamic Rep.","IR","IRN",1991,33.8583888052584,66.233
"Iran, Islamic Rep.","IR","IRN",1990,33.8219193938708,64.066
"Iran, Islamic Rep.","IR","IRN",1989,NA,65.314
"Iran, Islamic Rep.","IR","IRN",1988,NA,63.255
"Iran, Islamic Rep.","IR","IRN",1987,NA,62.685
"Iran, Islamic Rep.","IR","IRN",1986,NA,62.136
"Iran, Islamic Rep.","IR","IRN",1985,NA,61.537
"Iran, Islamic Rep.","IR","IRN",1984,NA,60.875
"Iran, Islamic Rep.","IR","IRN",1983,NA,58.518
"Iran, Islamic Rep.","IR","IRN",1982,NA,57.633
"Iran, Islamic Rep.","IR","IRN",1981,NA,56.625
"Iran, Islamic Rep.","IR","IRN",1980,NA,58.369
"Iran, Islamic Rep.","IR","IRN",1979,NA,58.453
"Iran, Islamic Rep.","IR","IRN",1978,NA,56.042
"Iran, Islamic Rep.","IR","IRN",1977,NA,56.66
"Iran, Islamic Rep.","IR","IRN",1976,NA,55.771
"Iran, Islamic Rep.","IR","IRN",1975,NA,54.819
"Iran, Islamic Rep.","IR","IRN",1974,NA,53.862
"Iran, Islamic Rep.","IR","IRN",1973,NA,52.944
"Iran, Islamic Rep.","IR","IRN",1972,NA,51.729
"Iran, Islamic Rep.","IR","IRN",1971,NA,51.12
"Iran, Islamic Rep.","IR","IRN",1970,NA,50.222
"Iran, Islamic Rep.","IR","IRN",1969,NA,49.382
"Iran, Islamic Rep.","IR","IRN",1968,NA,47.946
"Iran, Islamic Rep.","IR","IRN",1967,NA,47.803
"Iran, Islamic Rep.","IR","IRN",1966,NA,47.072
"Iran, Islamic Rep.","IR","IRN",1965,NA,46.372
"Iran, Islamic Rep.","IR","IRN",1964,NA,45.735
"Iran, Islamic Rep.","IR","IRN",1963,NA,45.105
"Iran, Islamic Rep.","IR","IRN",1962,NA,43.769
"Iran, Islamic Rep.","IR","IRN",1961,NA,43.9
"Iran, Islamic Rep.","IR","IRN",1960,NA,43.297
"Iraq","IQ","IRQ",2023,NA,72.324
"Iraq","IQ","IRQ",2022,NA,72.037
"Iraq","IQ","IRQ",2021,NA,70.704
"Iraq","IQ","IRQ",2020,38.1750699787954,69.651
"Iraq","IQ","IRQ",2019,37.7315693030309,71.245
"Iraq","IQ","IRQ",2018,41.7558636075287,71.116
"Iraq","IQ","IRQ",2017,40.02670906993,69.788
"Iraq","IQ","IRQ",2016,42.3367851899463,68.683
"Iraq","IQ","IRQ",2015,44.6439888371463,69.977
"Iraq","IQ","IRQ",2014,37.7947333258122,69.679
"Iraq","IQ","IRQ",2013,42.9162462504814,69.047
"Iraq","IQ","IRQ",2012,43.7633581476121,68.827
"Iraq","IQ","IRQ",2011,44.5902054159628,68.435
"Iraq","IQ","IRQ",2010,48.6064935140896,68.092
"Iraq","IQ","IRQ",2009,47.9980850697625,67.834
"Iraq","IQ","IRQ",2008,46.5363498749787,66.465
"Iraq","IQ","IRQ",2007,44.766523137035,64.428
"Iraq","IQ","IRQ",2006,43.2338400632279,64.029
"Iraq","IQ","IRQ",2005,42.4835358608539,64.899
"Iraq","IQ","IRQ",2004,42.3481220691727,64.634
"Iraq","IQ","IRQ",2003,42.2720869159646,64.834
"Iraq","IQ","IRQ",2002,42.2186306413067,65.724
"Iraq","IQ","IRQ",2001,42.1509534852763,65.292
"Iraq","IQ","IRQ",2000,42.0322556879507,64.86
"Iraq","IQ","IRQ",1999,41.6406134300274,64.532
"Iraq","IQ","IRQ",1998,40.9329785891714,64.405
"Iraq","IQ","IRQ",1997,40.1408649509103,64.241
"Iraq","IQ","IRQ",1996,39.4957863007721,64.618
"Iraq","IQ","IRQ",1995,39.2292564242847,64.761
"Iraq","IQ","IRQ",1994,39.4181943594982,65.027
"Iraq","IQ","IRQ",1993,39.9631931457211,65.31
"Iraq","IQ","IRQ",1992,40.8312775703682,65.344
"Iraq","IQ","IRQ",1991,41.9894724208543,61.338
"Iraq","IQ","IRQ",1990,43.4048024845943,57.587
"Iraq","IQ","IRQ",1989,NA,57.501
"Iraq","IQ","IRQ",1988,NA,56.692
"Iraq","IQ","IRQ",1987,NA,60.259
"Iraq","IQ","IRQ",1986,NA,60.031
"Iraq","IQ","IRQ",1985,NA,59.8
"Iraq","IQ","IRQ",1984,NA,59.544
"Iraq","IQ","IRQ",1983,NA,59.287
"Iraq","IQ","IRQ",1982,NA,58.977
"Iraq","IQ","IRQ",1981,NA,58.652
"Iraq","IQ","IRQ",1980,NA,60.916
"Iraq","IQ","IRQ",1979,NA,64.417
"Iraq","IQ","IRQ",1978,NA,64.175
"Iraq","IQ","IRQ",1977,NA,63.896
"Iraq","IQ","IRQ",1976,NA,63.569
"Iraq","IQ","IRQ",1975,NA,61.434
"Iraq","IQ","IRQ",1974,NA,60.995
"Iraq","IQ","IRQ",1973,NA,62.344
"Iraq","IQ","IRQ",1972,NA,61.816
"Iraq","IQ","IRQ",1971,NA,61.333
"Iraq","IQ","IRQ",1970,NA,60.532
"Iraq","IQ","IRQ",1969,NA,59.64
"Iraq","IQ","IRQ",1968,NA,58.969
"Iraq","IQ","IRQ",1967,NA,58.422
"Iraq","IQ","IRQ",1966,NA,57.321
"Iraq","IQ","IRQ",1965,NA,56.387
"Iraq","IQ","IRQ",1964,NA,55.245
"Iraq","IQ","IRQ",1963,NA,54.36
"Iraq","IQ","IRQ",1962,NA,53.482
"Iraq","IQ","IRQ",1961,NA,52.339
"Iraq","IQ","IRQ",1960,NA,51.462
"Ireland","IE","IRL",2023,NA,82.8073170731707
"Ireland","IE","IRL",2022,NA,82.509756097561
"Ireland","IE","IRL",2021,NA,82.2536585365854
"Ireland","IE","IRL",2020,8.17058601306707,82.4560975609756
"Ireland","IE","IRL",2019,7.8923946735653,82.7024390243903
"Ireland","IE","IRL",2018,8.2986369369357,82.2048780487805
"Ireland","IE","IRL",2017,8.38429636583274,82.1560975609756
"Ireland","IE","IRL",2016,8.11019374827621,81.6536585365854
"Ireland","IE","IRL",2015,8.81158216131006,81.4536585365854
"Ireland","IE","IRL",2014,8.84472665206141,81.3487804878049
"Ireland","IE","IRL",2013,9.19408716106259,80.9487804878049
"Ireland","IE","IRL",2012,9.58893302932057,80.8463414634146
"Ireland","IE","IRL",2011,10.5404229786943,80.7463414634146
"Ireland","IE","IRL",2010,10.3475907744569,80.7439024390244
"Ireland","IE","IRL",2009,10.4732602245015,80.190243902439
"Ireland","IE","IRL",2008,10.7846711934217,80.0951219512195
"Ireland","IE","IRL",2007,11.183427609397,79.6414634146341
"Ireland","IE","IRL",2006,11.5711334006069,79.2414634146342
"Ireland","IE","IRL",2005,11.8493924952309,78.9439024390244
"Ireland","IE","IRL",2004,12.0241812631519,78.5390243902439
"Ireland","IE","IRL",2003,12.1728497272074,78.1390243902439
"Ireland","IE","IRL",2002,12.3040622950093,77.6341463414634
"Ireland","IE","IRL",2001,12.4264833741692,77.1341463414634
"Ireland","IE","IRL",2000,12.5487773722991,76.5365853658537
"Ireland","IE","IRL",1999,12.7093544888288,76.0829268292683
"Ireland","IE","IRL",1998,12.9215417523843,76.1804878048781
"Ireland","IE","IRL",1997,13.1563788143709,75.9853658536585
"Ireland","IE","IRL",1996,13.3849053261943,75.8317073170732
"Ireland","IE","IRL",1995,13.57816093926,75.4693170731707
"Ireland","IE","IRL",1994,13.7396127200997,75.7866341463415
"Ireland","IE","IRL",1993,13.8909930139163,75.2921951219512
"Ireland","IE","IRL",1992,14.0307393901221,75.4150975609756
"Ireland","IE","IRL",1991,14.1572894181291,75.025
"Ireland","IE","IRL",1990,14.2690806673496,74.8460731707317
"Ireland","IE","IRL",1989,NA,74.4552195121951
"Ireland","IE","IRL",1988,NA,74.4394146341463
"Ireland","IE","IRL",1987,NA,74.4319024390244
"Ireland","IE","IRL",1986,NA,73.6655365853659
"Ireland","IE","IRL",1985,NA,73.6219024390244
"Ireland","IE","IRL",1984,NA,73.6637317073171
"Ireland","IE","IRL",1983,NA,73.2400975609756
"Ireland","IE","IRL",1982,NA,73.2090487804878
"Ireland","IE","IRL",1981,NA,72.9517804878049
"Ireland","IE","IRL",1980,NA,72.5954146341464
"Ireland","IE","IRL",1979,NA,72.2680243902439
"Ireland","IE","IRL",1978,NA,71.9963170731707
"Ireland","IE","IRL",1977,NA,71.9973902439024
"Ireland","IE","IRL",1976,NA,71.8566097560976
"Ireland","IE","IRL",1975,NA,71.7530487804878
"Ireland","IE","IRL",1974,NA,71.1755609756098
"Ireland","IE","IRL",1973,NA,71.2399756097561
"Ireland","IE","IRL",1972,NA,71.021756097561
"Ireland","IE","IRL",1971,NA,71.6758536585366
"Ireland","IE","IRL",1970,NA,70.9015609756098
"Ireland","IE","IRL",1969,NA,70.8528292682927
"Ireland","IE","IRL",1968,NA,70.941
"Ireland","IE","IRL",1967,NA,71.2453658536585
"Ireland","IE","IRL",1966,NA,70.2169512195122
"Ireland","IE","IRL",1965,NA,70.695
"Ireland","IE","IRL",1964,NA,70.4899268292683
"Ireland","IE","IRL",1963,NA,70.2300975609756
"Ireland","IE","IRL",1962,NA,69.9910487804878
"Ireland","IE","IRL",1961,NA,69.6782926829268
"Ireland","IE","IRL",1960,NA,70.1942682926829
"Isle of Man","IM","IMN",2023,NA,80.999
"Isle of Man","IM","IMN",2022,NA,80.956
"Isle of Man","IM","IMN",2021,NA,80.42
"Isle of Man","IM","IMN",2020,NA,80.591
"Isle of Man","IM","IMN",2019,NA,80.74
"Isle of Man","IM","IMN",2018,NA,80.614
"Isle of Man","IM","IMN",2017,NA,80.506
"Isle of Man","IM","IMN",2016,NA,80.391
"Isle of Man","IM","IMN",2015,NA,80.267
"Isle of Man","IM","IMN",2014,NA,80.199
"Isle of Man","IM","IMN",2013,NA,80.12
"Isle of Man","IM","IMN",2012,NA,80.007
"Isle of Man","IM","IMN",2011,NA,79.836
"Isle of Man","IM","IMN",2010,NA,79.613
"Isle of Man","IM","IMN",2009,NA,79.303
"Isle of Man","IM","IMN",2008,NA,78.899
"Isle of Man","IM","IMN",2007,NA,78.451
"Isle of Man","IM","IMN",2006,NA,77.971
"Isle of Man","IM","IMN",2005,NA,77.453
"Isle of Man","IM","IMN",2004,NA,76.876
"Isle of Man","IM","IMN",2003,NA,76.319
"Isle of Man","IM","IMN",2002,NA,75.785
"Isle of Man","IM","IMN",2001,NA,75.289
"Isle of Man","IM","IMN",2000,NA,74.842
"Isle of Man","IM","IMN",1999,NA,74.469
"Isle of Man","IM","IMN",1998,NA,74.204
"Isle of Man","IM","IMN",1997,NA,73.9
"Isle of Man","IM","IMN",1996,NA,73.634
"Isle of Man","IM","IMN",1995,NA,73.371
"Isle of Man","IM","IMN",1994,NA,73.14
"Isle of Man","IM","IMN",1993,NA,72.822
"Isle of Man","IM","IMN",1992,NA,72.544
"Isle of Man","IM","IMN",1991,NA,72.183
"Isle of Man","IM","IMN",1990,NA,71.8
"Isle of Man","IM","IMN",1989,NA,71.406
"Isle of Man","IM","IMN",1988,NA,71.057
"Isle of Man","IM","IMN",1987,NA,70.685
"Isle of Man","IM","IMN",1986,NA,70.34
"Isle of Man","IM","IMN",1985,NA,70.02
"Isle of Man","IM","IMN",1984,NA,69.754
"Isle of Man","IM","IMN",1983,NA,69.457
"Isle of Man","IM","IMN",1982,NA,69.142
"Isle of Man","IM","IMN",1981,NA,68.811
"Isle of Man","IM","IMN",1980,NA,68.446
"Isle of Man","IM","IMN",1979,NA,68.071
"Isle of Man","IM","IMN",1978,NA,67.689
"Isle of Man","IM","IMN",1977,NA,67.357
"Isle of Man","IM","IMN",1976,NA,67.051
"Isle of Man","IM","IMN",1975,NA,66.76
"Isle of Man","IM","IMN",1974,NA,66.478
"Isle of Man","IM","IMN",1973,NA,66.238
"Isle of Man","IM","IMN",1972,NA,65.991
"Isle of Man","IM","IMN",1971,NA,65.841
"Isle of Man","IM","IMN",1970,NA,65.724
"Isle of Man","IM","IMN",1969,NA,65.626
"Isle of Man","IM","IMN",1968,NA,65.542
"Isle of Man","IM","IMN",1967,NA,65.409
"Isle of Man","IM","IMN",1966,NA,65.18
"Isle of Man","IM","IMN",1965,NA,64.922
"Isle of Man","IM","IMN",1964,NA,64.666
"Isle of Man","IM","IMN",1963,NA,64.458
"Isle of Man","IM","IMN",1962,NA,64.397
"Isle of Man","IM","IMN",1961,NA,64.425
"Isle of Man","IM","IMN",1960,NA,64.557
"Israel","IL","ISR",2023,NA,83.1951219512195
"Israel","IL","ISR",2022,NA,82.7
"Israel","IL","ISR",2021,NA,82.5
"Israel","IL","ISR",2020,18.5982756348314,82.6487804878049
"Israel","IL","ISR",2019,19.5556432093837,82.8048780487805
"Israel","IL","ISR",2018,20.5625974806507,82.8024390243903
"Israel","IL","ISR",2017,20.0293441275017,82.5512195121951
"Israel","IL","ISR",2016,18.8170113677762,82.4073170731707
"Israel","IL","ISR",2015,22.1043027343095,82.0512195121951
"Israel","IL","ISR",2014,21.175469715827,82.1536585365854
"Israel","IL","ISR",2013,22.578207348874,82.0560975609756
"Israel","IL","ISR",2012,22.1038555397058,81.7048780487805
"Israel","IL","ISR",2011,24.4804002133439,81.6560975609756
"Israel","IL","ISR",2010,24.5561552293902,81.6024390243903
"Israel","IL","ISR",2009,24.6261807953123,81.4048780487805
"Israel","IL","ISR",2008,24.6975797309857,80.9512195121951
"Israel","IL","ISR",2007,24.7699951693732,80.5048780487805
"Israel","IL","ISR",2006,24.8430702434375,80.5536585365854
"Israel","IL","ISR",2005,24.9164480861416,80.1512195121951
"Israel","IL","ISR",2004,24.9897069811385,80.1463414634146
"Israel","IL","ISR",2003,25.0639764650502,79.6487804878049
"Israel","IL","ISR",2002,25.1412265502932,79.4512195121951
"Israel","IL","ISR",2001,25.2234272492841,79.4073170731707
"Israel","IL","ISR",2000,25.3125485744393,78.9536585365854
"Israel","IL","ISR",1999,25.5892518960912,78.6585365853659
"Israel","IL","ISR",1998,26.1063701838487,78.1487804878049
"Israel","IL","ISR",1997,26.6741308490437,78
"Israel","IL","ISR",1996,27.1027613030079,78.1048780487805
"Israel","IL","ISR",1995,27.2024889570731,77.4512195121951
"Israel","IL","ISR",1994,26.9926817029202,77.4024390243903
"Israel","IL","ISR",1993,26.6233991638984,77.1536585365854
"Israel","IL","ISR",1992,26.100906348841,76.5048780487805
"Israel","IL","ISR",1991,25.4314682665817,76.7585365853659
"Israel","IL","ISR",1990,24.6213499259541,76.6073170731707
"Israel","IL","ISR",1989,NA,76.3073170731707
"Israel","IL","ISR",1988,NA,74.4365853658537
"Israel","IL","ISR",1987,NA,75.2585365853659
"Israel","IL","ISR",1986,NA,74.9560975609756
"Israel","IL","ISR",1985,NA,75.2073170731707
"Israel","IL","ISR",1984,NA,74.8073170731707
"Israel","IL","ISR",1983,NA,74.4585365853658
"Israel","IL","ISR",1982,NA,74.109756097561
"Israel","IL","ISR",1981,NA,74.2609756097561
"Israel","IL","ISR",1980,NA,73.8756097560976
"Israel","IL","ISR",1979,NA,73.5073170731707
"Israel","IL","ISR",1978,NA,73.2073170731707
"Israel","IL","ISR",1977,NA,72.9585365853659
"Israel","IL","ISR",1976,NA,72.9560975609756
"Israel","IL","ISR",1975,NA,72.0451219512195
"Israel","IL","ISR",1974,NA,71.6617073170732
"Israel","IL","ISR",1973,NA,71.6934146341464
"Israel","IL","ISR",1972,NA,71.0780487804878
"Israel","IL","ISR",1971,NA,71.7190243902439
"Israel","IL","ISR",1970,NA,71.2134146341463
"Israel","IL","ISR",1969,NA,70.9704878048781
"Israel","IL","ISR",1968,NA,71.0565853658537
"Israel","IL","ISR",1967,NA,71.509756097561
"Israel","IL","ISR",1966,NA,72.2856097560976
"Israel","IL","ISR",1965,NA,NA
"Israel","IL","ISR",1964,NA,NA
"Israel","IL","ISR",1963,NA,NA
"Israel","IL","ISR",1962,NA,72.1121951219512
"Israel","IL","ISR",1961,NA,72.0065853658537
"Israel","IL","ISR",1960,NA,NA
"Italy","IT","ITA",2023,NA,83.3512195121951
"Italy","IT","ITA",2022,NA,82.7
"Italy","IT","ITA",2021,NA,82.6463414634146
"Italy","IT","ITA",2020,14.6586386239905,82.1951219512195
"Italy","IT","ITA",2019,14.8936858575121,83.4975609756098
"Italy","IT","ITA",2018,16.3354361294692,83.3463414634146
"Italy","IT","ITA",2017,15.9660261772019,82.9463414634147
"Italy","IT","ITA",2016,15.7011486972657,83.2439024390244
"Italy","IT","ITA",2015,17.7600165229672,82.5439024390244
"Italy","IT","ITA",2014,16.8936828833708,83.090243902439
"Italy","IT","ITA",2013,18.0540998276206,82.690243902439
"Italy","IT","ITA",2012,18.765688121919,82.2390243902439
"Italy","IT","ITA",2011,21.3353676583094,82.1878048780488
"Italy","IT","ITA",2010,20.1712406113281,82.0365853658537
"Italy","IT","ITA",2009,20.4038156165254,81.6365853658537
"Italy","IT","ITA",2008,20.9957277217196,81.4853658536585
"Italy","IT","ITA",2007,21.788257561314,81.4341463414634
"Italy","IT","ITA",2006,22.622685769712,81.2829268292683
"Italy","IT","ITA",2005,23.3402929813168,80.7829268292683
"Italy","IT","ITA",2004,23.9733403667848,80.7804878048781
"Italy","IT","ITA",2003,24.6281664348107,79.9829268292683
"Italy","IT","ITA",2002,25.2571678268558,80.2292682926829
"Italy","IT","ITA",2001,25.8127411843815,80.1268292682927
"Italy","IT","ITA",2000,26.2472831488489,79.7780487804878
"Italy","IT","ITA",1999,26.5716943360133,79.4243902439024
"Italy","IT","ITA",1998,26.8462188730349,78.9756097560976
"Italy","IT","ITA",1997,27.0972686684824,78.8243902439024
"Italy","IT","ITA",1996,27.3512556309248,78.5219512195122
"Italy","IT","ITA",1995,27.6345916689307,78.1707317073171
"Italy","IT","ITA",1994,27.9340295991623,77.9219512195122
"Italy","IT","ITA",1993,28.2216795908356,77.7219512195122
"Italy","IT","ITA",1992,28.5019895813507,77.419512195122
"Italy","IT","ITA",1991,28.7794075081074,77.0195121951219
"Italy","IT","ITA",1990,29.0583813085058,76.9707317073171
"Italy","IT","ITA",1989,NA,76.819512195122
"Italy","IT","ITA",1988,NA,76.3707317073171
"Italy","IT","ITA",1987,NA,76.219512195122
"Italy","IT","ITA",1986,NA,75.7707317073171
"Italy","IT","ITA",1985,NA,75.4707317073171
"Italy","IT","ITA",1984,NA,75.389512195122
"Italy","IT","ITA",1983,NA,74.640243902439
"Italy","IT","ITA",1982,NA,74.8146341463415
"Italy","IT","ITA",1981,NA,74.3539024390244
"Italy","IT","ITA",1980,NA,73.9431707317073
"Italy","IT","ITA",1979,NA,74.0026829268293
"Italy","IT","ITA",1978,NA,73.6931707317073
"Italy","IT","ITA",1977,NA,73.3646341463415
"Italy","IT","ITA",1976,NA,72.9919512195122
"Italy","IT","ITA",1975,NA,72.6473170731708
"Italy","IT","ITA",1974,NA,72.7343902439025
"Italy","IT","ITA",1973,NA,72.0263414634146
"Italy","IT","ITA",1972,NA,72.0753658536586
"Italy","IT","ITA",1971,NA,71.8068292682927
"Italy","IT","ITA",1970,NA,71.5587804878049
"Italy","IT","ITA",1969,NA,70.8119512195122
"Italy","IT","ITA",1968,NA,70.78
"Italy","IT","ITA",1967,NA,70.9565853658537
"Italy","IT","ITA",1966,NA,70.9260975609756
"Italy","IT","ITA",1965,NA,70.1717073170732
"Italy","IT","ITA",1964,NA,70.3117073170732
"Italy","IT","ITA",1963,NA,69.2480487804878
"Italy","IT","ITA",1962,NA,69.149756097561
"Italy","IT","ITA",1961,NA,69.760243902439
"Italy","IT","ITA",1960,NA,69.1239024390244
"Jamaica","JM","JAM",2023,NA,71.479
"Jamaica","JM","JAM",2022,NA,71.481
"Jamaica","JM","JAM",2021,NA,69.085
"Jamaica","JM","JAM",2020,17.413637041591,71.452
"Jamaica","JM","JAM",2019,17.0706325020849,71.532
"Jamaica","JM","JAM",2018,16.8426821458431,71.606
"Jamaica","JM","JAM",2017,16.6566414571584,71.879
"Jamaica","JM","JAM",2016,15.9558447798912,72.052
"Jamaica","JM","JAM",2015,16.8646376023948,72.214
"Jamaica","JM","JAM",2014,16.4597152483621,72.357
"Jamaica","JM","JAM",2013,15.7749158665666,72.435
"Jamaica","JM","JAM",2012,15.4247314936508,72.405
"Jamaica","JM","JAM",2011,14.9471227221815,72.245
"Jamaica","JM","JAM",2010,15.5556087039102,71.979
"Jamaica","JM","JAM",2009,15.7358327818276,71.717
"Jamaica","JM","JAM",2008,15.8426112691161,71.502
"Jamaica","JM","JAM",2007,15.8986673973267,71.405
"Jamaica","JM","JAM",2006,15.9267243980102,71.395
"Jamaica","JM","JAM",2005,15.9495055027176,71.493
"Jamaica","JM","JAM",2004,15.9638977829502,71.542
"Jamaica","JM","JAM",2003,15.9514800367871,71.585
"Jamaica","JM","JAM",2002,15.9120130856462,71.478
"Jamaica","JM","JAM",2001,15.8452577509452,71.287
"Jamaica","JM","JAM",2000,15.7509748541016,71.281
"Jamaica","JM","JAM",1999,15.5966499619129,71.189
"Jamaica","JM","JAM",1998,15.3852238459737,71.17
"Jamaica","JM","JAM",1997,15.1696401348982,71.216
"Jamaica","JM","JAM",1996,15.0028424573005,71.328
"Jamaica","JM","JAM",1995,14.9377744417947,71.488
"Jamaica","JM","JAM",1994,14.974136075376,71.624
"Jamaica","JM","JAM",1993,15.0732956168159,71.758
"Jamaica","JM","JAM",1992,15.2306991023932,71.816
"Jamaica","JM","JAM",1991,15.4417925683867,71.787
"Jamaica","JM","JAM",1990,15.7020220510751,71.705
"Jamaica","JM","JAM",1989,NA,71.512
"Jamaica","JM","JAM",1988,NA,71.161
"Jamaica","JM","JAM",1987,NA,70.87
"Jamaica","JM","JAM",1986,NA,70.446
"Jamaica","JM","JAM",1985,NA,70.101
"Jamaica","JM","JAM",1984,NA,69.809
"Jamaica","JM","JAM",1983,NA,69.546
"Jamaica","JM","JAM",1982,NA,69.253
"Jamaica","JM","JAM",1981,NA,69.12
"Jamaica","JM","JAM",1980,NA,68.992
"Jamaica","JM","JAM",1979,NA,68.813
"Jamaica","JM","JAM",1978,NA,68.739
"Jamaica","JM","JAM",1977,NA,68.586
"Jamaica","JM","JAM",1976,NA,68.412
"Jamaica","JM","JAM",1975,NA,68.168
"Jamaica","JM","JAM",1974,NA,67.913
"Jamaica","JM","JAM",1973,NA,67.607
"Jamaica","JM","JAM",1972,NA,67.304
"Jamaica","JM","JAM",1971,NA,66.997
"Jamaica","JM","JAM",1970,NA,66.731
"Jamaica","JM","JAM",1969,NA,66.516
"Jamaica","JM","JAM",1968,NA,66.319
"Jamaica","JM","JAM",1967,NA,66.086
"Jamaica","JM","JAM",1966,NA,65.928
"Jamaica","JM","JAM",1965,NA,65.663
"Jamaica","JM","JAM",1964,NA,65.347
"Jamaica","JM","JAM",1963,NA,64.999
"Jamaica","JM","JAM",1962,NA,64.619
"Jamaica","JM","JAM",1961,NA,64.257
"Jamaica","JM","JAM",1960,NA,63.828
"Japan","JP","JPN",2023,NA,84.0412195121951
"Japan","JP","JPN",2022,NA,83.9963414634146
"Japan","JP","JPN",2021,NA,84.4456097560976
"Japan","JP","JPN",2020,12.835201662985,84.56
"Japan","JP","JPN",2019,12.9378727869587,84.3563414634146
"Japan","JP","JPN",2018,13.0790330283313,84.2109756097561
"Japan","JP","JPN",2017,13.1198276213348,84.099756097561
"Japan","JP","JPN",2016,12.799061198144,83.9848780487805
"Japan","JP","JPN",2015,12.8685359282927,83.7939024390244
"Japan","JP","JPN",2014,13.740610303435,83.5878048780488
"Japan","JP","JPN",2013,13.2542512411266,83.3319512195122
"Japan","JP","JPN",2012,12.8068431271902,83.0960975609756
"Japan","JP","JPN",2011,12.2742530701447,82.5912195121951
"Japan","JP","JPN",2010,10.8511260577664,82.8426829268293
"Japan","JP","JPN",2009,10.9376728653037,82.9314634146342
"Japan","JP","JPN",2008,11.2279961123512,82.5875609756098
"Japan","JP","JPN",2007,11.6214588221687,82.5070731707317
"Japan","JP","JPN",2006,12.0174240180157,82.3219512195122
"Japan","JP","JPN",2005,12.3152547231517,81.9551219512195
"Japan","JP","JPN",2004,12.5348839389059,82.030243902439
"Japan","JP","JPN",2003,12.7497537681119,81.76
"Japan","JP","JPN",2002,12.9394908862862,81.6907317073171
"Japan","JP","JPN",2001,13.0837219689452,81.4163414634146
"Japan","JP","JPN",2000,13.1620736916056,81.0760975609756
"Japan","JP","JPN",1999,13.1771595913417,80.4609756097561
"Japan","JP","JPN",1998,13.1585758582484,80.5014634146342
"Japan","JP","JPN",1997,13.1264231473739,80.4241463414634
"Japan","JP","JPN",1996,13.1008021137661,80.219756097561
"Japan","JP","JPN",1995,13.1018134124729,79.5360975609756
"Japan","JP","JPN",1994,13.1298306375879,79.6968292682927
"Japan","JP","JPN",1993,13.171470639034,79.3036585365854
"Japan","JP","JPN",1992,13.2261989556034,79.080243902439
"Japan","JP","JPN",1991,13.2934811260885,79.0368292682927
"Japan","JP","JPN",1990,13.3727826892814,78.8370731707317
"Japan","JP","JPN",1989,NA,78.7685365853659
"Japan","JP","JPN",1988,NA,78.349756097561
"Japan","JP","JPN",1987,NA,78.429512195122
"Japan","JP","JPN",1986,NA,78.0104878048781
"Japan","JP","JPN",1985,NA,77.5604878048781
"Japan","JP","JPN",1984,NA,77.2912195121951
"Japan","JP","JPN",1983,NA,76.9219512195122
"Japan","JP","JPN",1982,NA,76.8736585365854
"Japan","JP","JPN",1981,NA,76.3948780487805
"Japan","JP","JPN",1980,NA,75.9890243902439
"Japan","JP","JPN",1979,NA,76.1087804878049
"Japan","JP","JPN",1978,NA,75.5846341463415
"Japan","JP","JPN",1977,NA,75.2558536585366
"Japan","JP","JPN",1976,NA,74.6865853658537
"Japan","JP","JPN",1975,NA,74.2470731707317
"Japan","JP","JPN",1974,NA,73.6721951219512
"Japan","JP","JPN",1973,NA,73.2951219512195
"Japan","JP","JPN",1972,NA,73.1536585365854
"Japan","JP","JPN",1971,NA,72.8090243902439
"Japan","JP","JPN",1970,NA,71.919756097561
"Japan","JP","JPN",1969,NA,71.8580487804878
"Japan","JP","JPN",1968,NA,71.6109756097561
"Japan","JP","JPN",1967,NA,71.4660975609756
"Japan","JP","JPN",1966,NA,70.9158536585366
"Japan","JP","JPN",1965,NA,70.2668292682927
"Japan","JP","JPN",1964,NA,70.2065853658537
"Japan","JP","JPN",1963,NA,69.7124390243902
"Japan","JP","JPN",1962,NA,68.6348780487805
"Japan","JP","JPN",1961,NA,68.3519512195122
"Japan","JP","JPN",1960,NA,67.6956097560976
"Jordan","JO","JOR",2023,NA,77.814
"Jordan","JO","JOR",2022,NA,77.088
"Jordan","JO","JOR",2021,NA,74.204
"Jordan","JO","JOR",2020,28.7737639174179,75.583
"Jordan","JO","JOR",2019,31.2597313487439,76.865
"Jordan","JO","JOR",2018,30.8911213683016,76.491
"Jordan","JO","JOR",2017,28.3831683592571,76.071
"Jordan","JO","JOR",2016,28.3754804489745,75.55
"Jordan","JO","JOR",2015,32.1142375115077,75.06
"Jordan","JO","JOR",2014,30.2022455384946,74.606
"Jordan","JO","JOR",2013,32.6779191249103,74.282
"Jordan","JO","JOR",2012,29.0244573141249,74.087
"Jordan","JO","JOR",2011,29.6624260829934,73.929
"Jordan","JO","JOR",2010,33.5950845427671,73.797
"Jordan","JO","JOR",2009,33.3245403464634,73.707
"Jordan","JO","JOR",2008,32.6229787911999,73.563
"Jordan","JO","JOR",2007,31.6555064274482,73.407
"Jordan","JO","JOR",2006,30.5872298056799,73.225
"Jordan","JO","JOR",2005,29.5832554763665,72.977
"Jordan","JO","JOR",2004,28.4396654808796,72.788
"Jordan","JO","JOR",2003,27.0384591936207,72.585
"Jordan","JO","JOR",2002,25.673619164606,72.359
"Jordan","JO","JOR",2001,24.6391279438519,72.141
"Jordan","JO","JOR",2000,24.2289680813746,71.926
"Jordan","JO","JOR",1999,24.5098015296737,71.737
"Jordan","JO","JOR",1998,25.1794812910022,71.521
"Jordan","JO","JOR",1997,25.9787764900071,71.324
"Jordan","JO","JOR",1996,26.6484562513356,71.105
"Jordan","JO","JOR",1995,26.9292896996346,70.915
"Jordan","JO","JOR",1994,26.7749190719778,70.738
"Jordan","JO","JOR",1993,26.325052264129,70.568
"Jordan","JO","JOR",1992,25.5995568887712,70.4
"Jordan","JO","JOR",1991,24.618300558587,70.24
"Jordan","JO","JOR",1990,23.4011508862592,70.094
"Jordan","JO","JOR",1989,NA,69.865
"Jordan","JO","JOR",1988,NA,69.605
"Jordan","JO","JOR",1987,NA,69.297
"Jordan","JO","JOR",1986,NA,68.962
"Jordan","JO","JOR",1985,NA,68.587
"Jordan","JO","JOR",1984,NA,68.206
"Jordan","JO","JOR",1983,NA,67.778
"Jordan","JO","JOR",1982,NA,67.36
"Jordan","JO","JOR",1981,NA,66.92
"Jordan","JO","JOR",1980,NA,66.493
"Jordan","JO","JOR",1979,NA,66.049
"Jordan","JO","JOR",1978,NA,65.602
"Jordan","JO","JOR",1977,NA,65.127
"Jordan","JO","JOR",1976,NA,64.654
"Jordan","JO","JOR",1975,NA,64.148
"Jordan","JO","JOR",1974,NA,63.611
"Jordan","JO","JOR",1973,NA,63.065
"Jordan","JO","JOR",1972,NA,62.477
"Jordan","JO","JOR",1971,NA,61.772
"Jordan","JO","JOR",1970,NA,59.833
"Jordan","JO","JOR",1969,NA,60.504
"Jordan","JO","JOR",1968,NA,59.767
"Jordan","JO","JOR",1967,NA,58.97
"Jordan","JO","JOR",1966,NA,57.762
"Jordan","JO","JOR",1965,NA,57.317
"Jordan","JO","JOR",1964,NA,56.456
"Jordan","JO","JOR",1963,NA,55.489
"Jordan","JO","JOR",1962,NA,54.633
"Jordan","JO","JOR",1961,NA,53.68
"Jordan","JO","JOR",1960,NA,52.678
"Kazakhstan","KZ","KAZ",2023,NA,74.402
"Kazakhstan","KZ","KAZ",2022,NA,73.503
"Kazakhstan","KZ","KAZ",2021,NA,70.131
"Kazakhstan","KZ","KAZ",2020,20.0278724259165,71.195
"Kazakhstan","KZ","KAZ",2019,20.8569853852639,73.658
"Kazakhstan","KZ","KAZ",2018,20.5938700993782,73.369
"Kazakhstan","KZ","KAZ",2017,21.0166106765309,72.996
"Kazakhstan","KZ","KAZ",2016,22.7637525232887,72.549
"Kazakhstan","KZ","KAZ",2015,22.5590495991917,72.024
"Kazakhstan","KZ","KAZ",2014,23.8358367012493,71.415
"Kazakhstan","KZ","KAZ",2013,25.8443738560699,70.719
"Kazakhstan","KZ","KAZ",2012,27.2031824448933,69.939
"Kazakhstan","KZ","KAZ",2011,25.4893926987852,69.108
"Kazakhstan","KZ","KAZ",2010,20.5118750922389,68.257
"Kazakhstan","KZ","KAZ",2009,19.1301256047702,67.46
"Kazakhstan","KZ","KAZ",2008,18.0929972634543,66.759
"Kazakhstan","KZ","KAZ",2007,17.3583502395491,66.18
"Kazakhstan","KZ","KAZ",2006,16.8840447043122,65.722
"Kazakhstan","KZ","KAZ",2005,16.6279408290013,65.356
"Kazakhstan","KZ","KAZ",2004,16.5070331657383,65.04
"Kazakhstan","KZ","KAZ",2003,16.4611766469412,64.753
"Kazakhstan","KZ","KAZ",2002,16.4825220143121,64.441
"Kazakhstan","KZ","KAZ",2001,16.5632200095529,64.108
"Kazakhstan","KZ","KAZ",2000,16.6954213743656,63.793
"Kazakhstan","KZ","KAZ",1999,17.0007057576981,63.528
"Kazakhstan","KZ","KAZ",1998,17.5113091523134,63.349
"Kazakhstan","KZ","KAZ",1997,18.0853668156366,63.318
"Kazakhstan","KZ","KAZ",1996,18.5810140050927,63.455
"Kazakhstan","KZ","KAZ",1995,18.8563859781069,63.717
"Kazakhstan","KZ","KAZ",1994,18.9599095557645,64.108
"Kazakhstan","KZ","KAZ",1993,19.028955773435,64.538
"Kazakhstan","KZ","KAZ",1992,19.0550762099698,64.978
"Kazakhstan","KZ","KAZ",1991,19.0298224442203,65.379
"Kazakhstan","KZ","KAZ",1990,18.9447460550378,65.701
"Kazakhstan","KZ","KAZ",1989,NA,65.915
"Kazakhstan","KZ","KAZ",1988,NA,66.032
"Kazakhstan","KZ","KAZ",1987,NA,65.996
"Kazakhstan","KZ","KAZ",1986,NA,65.788
"Kazakhstan","KZ","KAZ",1985,NA,65.376
"Kazakhstan","KZ","KAZ",1984,NA,64.839
"Kazakhstan","KZ","KAZ",1983,NA,64.224
"Kazakhstan","KZ","KAZ",1982,NA,63.586
"Kazakhstan","KZ","KAZ",1981,NA,62.996
"Kazakhstan","KZ","KAZ",1980,NA,62.516
"Kazakhstan","KZ","KAZ",1979,NA,62.072
"Kazakhstan","KZ","KAZ",1978,NA,61.765
"Kazakhstan","KZ","KAZ",1977,NA,61.517
"Kazakhstan","KZ","KAZ",1976,NA,61.301
"Kazakhstan","KZ","KAZ",1975,NA,61.11
"Kazakhstan","KZ","KAZ",1974,NA,60.908
"Kazakhstan","KZ","KAZ",1973,NA,60.697
"Kazakhstan","KZ","KAZ",1972,NA,60.48
"Kazakhstan","KZ","KAZ",1971,NA,60.262
"Kazakhstan","KZ","KAZ",1970,NA,60.049
"Kazakhstan","KZ","KAZ",1969,NA,59.843
"Kazakhstan","KZ","KAZ",1968,NA,59.643
"Kazakhstan","KZ","KAZ",1967,NA,59.446
"Kazakhstan","KZ","KAZ",1966,NA,59.247
"Kazakhstan","KZ","KAZ",1965,NA,59.042
"Kazakhstan","KZ","KAZ",1964,NA,58.83
"Kazakhstan","KZ","KAZ",1963,NA,58.612
"Kazakhstan","KZ","KAZ",1962,NA,58.392
"Kazakhstan","KZ","KAZ",1961,NA,58.169
"Kazakhstan","KZ","KAZ",1960,NA,57.946
"Kenya","KE","KEN",2023,NA,63.646
"Kenya","KE","KEN",2022,NA,63.549
"Kenya","KE","KEN",2021,NA,61.225
"Kenya","KE","KEN",2020,24.3917906517518,61.596
"Kenya","KE","KEN",2019,19.5705272264405,62.939
"Kenya","KE","KEN",2018,20.9875653334569,62.825
"Kenya","KE","KEN",2017,19.9015512654464,62.725
"Kenya","KE","KEN",2016,24.0211862534612,62.526
"Kenya","KE","KEN",2015,24.7760612569464,62.279
"Kenya","KE","KEN",2014,23.7513870283134,61.99
"Kenya","KE","KEN",2013,24.5757635874676,61.729
"Kenya","KE","KEN",2012,25.6442241015428,61.537
"Kenya","KE","KEN",2011,25.1822165114232,61.283
"Kenya","KE","KEN",2010,23.125672688558,60.915
"Kenya","KE","KEN",2009,21.8123400307101,60.483
"Kenya","KE","KEN",2008,20.6165316808836,59.955
"Kenya","KE","KEN",2007,19.638393163132,59.407
"Kenya","KE","KEN",2006,18.9780700015085,59.059
"Kenya","KE","KEN",2005,18.7357077200666,58.51
"Kenya","KE","KEN",2004,18.9859717609877,57.947
"Kenya","KE","KEN",2003,19.5827552431843,57.369
"Kenya","KE","KEN",2002,20.2950452058061,56.759
"Kenya","KE","KEN",2001,20.8918286880027,56.501
"Kenya","KE","KEN",2000,21.1420927289239,56.084
"Kenya","KE","KEN",1999,20.7041385405372,55.866
"Kenya","KE","KEN",1998,19.650477024943,55.568
"Kenya","KE","KEN",1997,18.3714097564903,55.478
"Kenya","KE","KEN",1996,17.2572383095281,55.575
"Kenya","KE","KEN",1995,16.6982642584053,55.856
"Kenya","KE","KEN",1994,16.5582135833574,56.101
"Kenya","KE","KEN",1993,16.4430909693897,56.668
"Kenya","KE","KEN",1992,16.3566160480057,57.095
"Kenya","KE","KEN",1991,16.3025084507087,57.826
"Kenya","KE","KEN",1990,16.2844878090022,58.334
"Kenya","KE","KEN",1989,NA,59.99
"Kenya","KE","KEN",1988,NA,60.32
"Kenya","KE","KEN",1987,NA,60.721
"Kenya","KE","KEN",1986,NA,60.818
"Kenya","KE","KEN",1985,NA,60.856
"Kenya","KE","KEN",1984,NA,60.611
"Kenya","KE","KEN",1983,NA,60.342
"Kenya","KE","KEN",1982,NA,59.904
"Kenya","KE","KEN",1981,NA,59.562
"Kenya","KE","KEN",1980,NA,59.175
"Kenya","KE","KEN",1979,NA,58.691
"Kenya","KE","KEN",1978,NA,58.234
"Kenya","KE","KEN",1977,NA,57.684
"Kenya","KE","KEN",1976,NA,57.153
"Kenya","KE","KEN",1975,NA,56.62
"Kenya","KE","KEN",1974,NA,56.039
"Kenya","KE","KEN",1973,NA,55.5
"Kenya","KE","KEN",1972,NA,55.013
"Kenya","KE","KEN",1971,NA,54.543
"Kenya","KE","KEN",1970,NA,54.143
"Kenya","KE","KEN",1969,NA,53.734
"Kenya","KE","KEN",1968,NA,53.302
"Kenya","KE","KEN",1967,NA,52.796
"Kenya","KE","KEN",1966,NA,52.383
"Kenya","KE","KEN",1965,NA,51.886
"Kenya","KE","KEN",1964,NA,51.323
"Kenya","KE","KEN",1963,NA,50.758
"Kenya","KE","KEN",1962,NA,50.104
"Kenya","KE","KEN",1961,NA,49.33
"Kenya","KE","KEN",1960,NA,48.477
"Kiribati","KI","KIR",2023,NA,66.473
"Kiribati","KI","KIR",2022,NA,66.269
"Kiribati","KI","KIR",2021,NA,64.148
"Kiribati","KI","KIR",2020,11.2568272545112,65.205
"Kiribati","KI","KIR",2019,11.5481206795464,65.866
"Kiribati","KI","KIR",2018,11.3366995948348,65.807
"Kiribati","KI","KIR",2017,10.970038581704,65.787
"Kiribati","KI","KIR",2016,11.1067056212411,65.799
"Kiribati","KI","KIR",2015,10.6201442272271,65.831
"Kiribati","KI","KIR",2014,10.9972287903393,65.869
"Kiribati","KI","KIR",2013,11.3202684142188,65.898
"Kiribati","KI","KIR",2012,11.3226141241133,65.908
"Kiribati","KI","KIR",2011,11.3219411654828,65.896
"Kiribati","KI","KIR",2010,11.4689883144854,65.859
"Kiribati","KI","KIR",2009,11.5997857013397,65.808
"Kiribati","KI","KIR",2008,11.7298189979922,65.746
"Kiribati","KI","KIR",2007,11.8507647751602,65.677
"Kiribati","KI","KIR",2006,11.9542996035609,65.601
"Kiribati","KI","KIR",2005,12.0321000539113,65.517
"Kiribati","KI","KIR",2004,12.0957946316967,65.416
"Kiribati","KI","KIR",2003,12.1547319508569,65.287
"Kiribati","KI","KIR",2002,12.197168744791,65.123
"Kiribati","KI","KIR",2001,12.2113617468978,64.918
"Kiribati","KI","KIR",2000,12.1855676905766,64.674
"Kiribati","KI","KIR",1999,12.0678321984791,64.393
"Kiribati","KI","KIR",1998,11.8544793589554,64.1
"Kiribati","KI","KIR",1997,11.6061836039514,63.797
"Kiribati","KI","KIR",1996,11.3836193654132,63.47
"Kiribati","KI","KIR",1995,11.2474610752869,63.146
"Kiribati","KI","KIR",1994,11.1758265853679,62.797
"Kiribati","KI","KIR",1993,11.108857108993,62.406
"Kiribati","KI","KIR",1992,11.0502621204205,61.968
"Kiribati","KI","KIR",1991,11.0037510939085,61.502
"Kiribati","KI","KIR",1990,10.9730335037151,61.018
"Kiribati","KI","KIR",1989,NA,60.539
"Kiribati","KI","KIR",1988,NA,60.055
"Kiribati","KI","KIR",1987,NA,59.576
"Kiribati","KI","KIR",1986,NA,59.118
"Kiribati","KI","KIR",1985,NA,58.719
"Kiribati","KI","KIR",1984,NA,58.357
"Kiribati","KI","KIR",1983,NA,58.05
"Kiribati","KI","KIR",1982,NA,57.773
"Kiribati","KI","KIR",1981,NA,57.525
"Kiribati","KI","KIR",1980,NA,57.303
"Kiribati","KI","KIR",1979,NA,57.106
"Kiribati","KI","KIR",1978,NA,56.924
"Kiribati","KI","KIR",1977,NA,56.057
"Kiribati","KI","KIR",1976,NA,56.562
"Kiribati","KI","KIR",1975,NA,56.358
"Kiribati","KI","KIR",1974,NA,56.102
"Kiribati","KI","KIR",1973,NA,55.79
"Kiribati","KI","KIR",1972,NA,55.313
"Kiribati","KI","KIR",1971,NA,54.934
"Kiribati","KI","KIR",1970,NA,54.38
"Kiribati","KI","KIR",1969,NA,53.763
"Kiribati","KI","KIR",1968,NA,53.129
"Kiribati","KI","KIR",1967,NA,52.454
"Kiribati","KI","KIR",1966,NA,51.736
"Kiribati","KI","KIR",1965,NA,51.028
"Kiribati","KI","KIR",1964,NA,50.356
"Kiribati","KI","KIR",1963,NA,49.688
"Kiribati","KI","KIR",1962,NA,49.042
"Kiribati","KI","KIR",1961,NA,48.468
"Kiribati","KI","KIR",1960,NA,47.958
"Korea, Dem. People's Rep.","KP","PRK",2023,NA,73.642
"Korea, Dem. People's Rep.","KP","PRK",2022,NA,73.641
"Korea, Dem. People's Rep.","KP","PRK",2021,NA,73.437
"Korea, Dem. People's Rep.","KP","PRK",2020,29.9291062464217,72.783
"Korea, Dem. People's Rep.","KP","PRK",2019,31.1237582148846,72.928
"Korea, Dem. People's Rep.","KP","PRK",2018,34.1978293742031,73.02
"Korea, Dem. People's Rep.","KP","PRK",2017,39.168240982399,73.034
"Korea, Dem. People's Rep.","KP","PRK",2016,38.6220301922284,72.971
"Korea, Dem. People's Rep.","KP","PRK",2015,42.5382454893687,72.825
"Korea, Dem. People's Rep.","KP","PRK",2014,44.199470157423,72.451
"Korea, Dem. People's Rep.","KP","PRK",2013,46.0942962894263,71.867
"Korea, Dem. People's Rep.","KP","PRK",2012,37.568470998689,71.317
"Korea, Dem. People's Rep.","KP","PRK",2011,39.0842632020007,70.772
"Korea, Dem. People's Rep.","KP","PRK",2010,35.8304130724859,70.246
"Korea, Dem. People's Rep.","KP","PRK",2009,36.2826786602772,69.702
"Korea, Dem. People's Rep.","KP","PRK",2008,37.4418196646552,69.303
"Korea, Dem. People's Rep.","KP","PRK",2007,38.8785263872353,69.021
"Korea, Dem. People's Rep.","KP","PRK",2006,40.1634891296331,69.061
"Korea, Dem. People's Rep.","KP","PRK",2005,40.8673981934641,69.168
"Korea, Dem. People's Rep.","KP","PRK",2004,41.0310454319191,69.294
"Korea, Dem. People's Rep.","KP","PRK",2003,41.0216656457433,69.399
"Korea, Dem. People's Rep.","KP","PRK",2002,40.8996135578837,60.877
"Korea, Dem. People's Rep.","KP","PRK",2001,40.7252438912873,60.893
"Korea, Dem. People's Rep.","KP","PRK",2000,40.5589113689011,60.911
"Korea, Dem. People's Rep.","KP","PRK",1999,40.3978754327131,60.91
"Korea, Dem. People's Rep.","KP","PRK",1998,40.2180228043036,60.887
"Korea, Dem. People's Rep.","KP","PRK",1997,40.0476491260078,60.869
"Korea, Dem. People's Rep.","KP","PRK",1996,39.9150500401609,60.82
"Korea, Dem. People's Rep.","KP","PRK",1995,39.848521189098,60.766
"Korea, Dem. People's Rep.","KP","PRK",1994,39.9240121706876,70.472
"Korea, Dem. People's Rep.","KP","PRK",1993,40.1760446304997,70.794
"Korea, Dem. People's Rep.","KP","PRK",1992,40.5707722824214,71.009
"Korea, Dem. People's Rep.","KP","PRK",1991,41.0743488403401,70.717
"Korea, Dem. People's Rep.","KP","PRK",1990,41.652928018143,70.484
"Korea, Dem. People's Rep.","KP","PRK",1989,NA,70.269
"Korea, Dem. People's Rep.","KP","PRK",1988,NA,70.052
"Korea, Dem. People's Rep.","KP","PRK",1987,NA,69.767
"Korea, Dem. People's Rep.","KP","PRK",1986,NA,69.541
"Korea, Dem. People's Rep.","KP","PRK",1985,NA,69.231
"Korea, Dem. People's Rep.","KP","PRK",1984,NA,68.881
"Korea, Dem. People's Rep.","KP","PRK",1983,NA,68.503
"Korea, Dem. People's Rep.","KP","PRK",1982,NA,68.09
"Korea, Dem. People's Rep.","KP","PRK",1981,NA,67.657
"Korea, Dem. People's Rep.","KP","PRK",1980,NA,67.208
"Korea, Dem. People's Rep.","KP","PRK",1979,NA,66.748
"Korea, Dem. People's Rep.","KP","PRK",1978,NA,66.292
"Korea, Dem. People's Rep.","KP","PRK",1977,NA,65.811
"Korea, Dem. People's Rep.","KP","PRK",1976,NA,65.325
"Korea, Dem. People's Rep.","KP","PRK",1975,NA,64.831
"Korea, Dem. People's Rep.","KP","PRK",1974,NA,64.335
"Korea, Dem. People's Rep.","KP","PRK",1973,NA,63.816
"Korea, Dem. People's Rep.","KP","PRK",1972,NA,63.254
"Korea, Dem. People's Rep.","KP","PRK",1971,NA,62.663
"Korea, Dem. People's Rep.","KP","PRK",1970,NA,62.049
"Korea, Dem. People's Rep.","KP","PRK",1969,NA,61.411
"Korea, Dem. People's Rep.","KP","PRK",1968,NA,60.757
"Korea, Dem. People's Rep.","KP","PRK",1967,NA,60.087
"Korea, Dem. People's Rep.","KP","PRK",1966,NA,59.423
"Korea, Dem. People's Rep.","KP","PRK",1965,NA,58.785
"Korea, Dem. People's Rep.","KP","PRK",1964,NA,58.17
"Korea, Dem. People's Rep.","KP","PRK",1963,NA,57.578
"Korea, Dem. People's Rep.","KP","PRK",1962,NA,56.998
"Korea, Dem. People's Rep.","KP","PRK",1961,NA,56.408
"Korea, Dem. People's Rep.","KP","PRK",1960,NA,55.814
"Korea, Rep.","KR","KOR",2023,NA,83.4292682926829
"Korea, Rep.","KR","KOR",2022,NA,82.6804878048781
"Korea, Rep.","KR","KOR",2021,NA,83.5268292682927
"Korea, Rep.","KR","KOR",2020,25.9439899531653,83.4268292682927
"Korea, Rep.","KR","KOR",2019,26.0153634264606,83.2268292682927
"Korea, Rep.","KR","KOR",2018,25.9343920098722,82.6268292682927
"Korea, Rep.","KR","KOR",2017,26.0043671138493,82.6268292682927
"Korea, Rep.","KR","KOR",2016,26.6704344134095,82.2756097560976
"Korea, Rep.","KR","KOR",2015,26.2899620146574,82.0243902439024
"Korea, Rep.","KR","KOR",2014,28.3760075385872,81.7219512195122
"Korea, Rep.","KR","KOR",2013,27.4929658439861,81.2707317073171
"Korea, Rep.","KR","KOR",2012,25.5767916080653,80.819512195122
"Korea, Rep.","KR","KOR",2011,24.8830450375162,80.5682926829269
"Korea, Rep.","KR","KOR",2010,21.7913866730167,80.1170731707317
"Korea, Rep.","KR","KOR",2009,21.9445322992938,79.9682926829268
"Korea, Rep.","KR","KOR",2008,22.504125458493,79.5170731707317
"Korea, Rep.","KR","KOR",2007,23.2554477166084,79.119512195122
"Korea, Rep.","KR","KOR",2006,23.9837806396341,78.6682926829268
"Korea, Rep.","KR","KOR",2005,24.4744057935641,78.1682926829268
"Korea, Rep.","KR","KOR",2004,24.756436615214,77.6658536585366
"Korea, Rep.","KR","KOR",2003,24.9988034168125,77.2146341463415
"Korea, Rep.","KR","KOR",2002,25.1965130774737,76.7658536585366
"Korea, Rep.","KR","KOR",2001,25.3445724763114,76.4121951219512
"Korea, Rep.","KR","KOR",2000,25.4379884924397,75.909756097561
"Korea, Rep.","KR","KOR",1999,25.4731255210193,75.409756097561
"Korea, Rep.","KR","KOR",1998,25.466390397619,75.0048780487805
"Korea, Rep.","KR","KOR",1997,25.4428536619644,74.6024390243903
"Korea, Rep.","KR","KOR",1996,25.4275858537812,74.1512195121951
"Korea, Rep.","KR","KOR",1995,25.445657512795,73.7
"Korea, Rep.","KR","KOR",1994,25.5043440369966,73.3975609756098
"Korea, Rep.","KR","KOR",1993,25.591421306508,72.9975609756098
"Korea, Rep.","KR","KOR",1992,25.7027105842518,72.4975609756098
"Korea, Rep.","KR","KOR",1991,25.8340331331506,72.0463414634146
"Korea, Rep.","KR","KOR",1990,25.9812102161272,71.5975609756098
"Korea, Rep.","KR","KOR",1989,NA,71.0487804878049
"Korea, Rep.","KR","KOR",1988,NA,70.5487804878049
"Korea, Rep.","KR","KOR",1987,NA,69.9975609756098
"Korea, Rep.","KR","KOR",1986,NA,69.4463414634146
"Korea, Rep.","KR","KOR",1985,NA,68.7951219512195
"Korea, Rep.","KR","KOR",1984,NA,68.1951219512195
"Korea, Rep.","KR","KOR",1983,NA,67.5463414634146
"Korea, Rep.","KR","KOR",1982,NA,67.0951219512195
"Korea, Rep.","KR","KOR",1981,NA,66.5463414634146
"Korea, Rep.","KR","KOR",1980,NA,66.0463414634146
"Korea, Rep.","KR","KOR",1979,NA,65.5463414634146
"Korea, Rep.","KR","KOR",1978,NA,65.1975609756098
"Korea, Rep.","KR","KOR",1977,NA,64.9
"Korea, Rep.","KR","KOR",1976,NA,64.5024390243902
"Korea, Rep.","KR","KOR",1975,NA,64.1536585365854
"Korea, Rep.","KR","KOR",1974,NA,63.8048780487805
"Korea, Rep.","KR","KOR",1973,NA,63.4073170731707
"Korea, Rep.","KR","KOR",1972,NA,63.009756097561
"Korea, Rep.","KR","KOR",1971,NA,62.6121951219512
"Korea, Rep.","KR","KOR",1970,NA,62.1634146341463
"Korea, Rep.","KR","KOR",1969,NA,61.4829024390244
"Korea, Rep.","KR","KOR",1968,NA,60.9432682926829
"Korea, Rep.","KR","KOR",1967,NA,60.9287317073171
"Korea, Rep.","KR","KOR",1966,NA,55.5229756097561
"Korea, Rep.","KR","KOR",1965,NA,55.8645853658537
"Korea, Rep.","KR","KOR",1964,NA,55.392243902439
"Korea, Rep.","KR","KOR",1963,NA,55.0254634146342
"Korea, Rep.","KR","KOR",1962,NA,55.0549512195122
"Korea, Rep.","KR","KOR",1961,NA,54.4768536585366
"Korea, Rep.","KR","KOR",1960,NA,53.7975609756098
"Kosovo","XK","XKX",2023,NA,78.033
"Kosovo","XK","XKX",2022,NA,77.623
"Kosovo","XK","XKX",2021,NA,74.981
"Kosovo","XK","XKX",2020,NA,74.212
"Kosovo","XK","XKX",2019,NA,77.249
"Kosovo","XK","XKX",2018,NA,77.117
"Kosovo","XK","XKX",2017,NA,77.105
"Kosovo","XK","XKX",2016,NA,76.748
"Kosovo","XK","XKX",2015,NA,76.024
"Kosovo","XK","XKX",2014,NA,76.179
"Kosovo","XK","XKX",2013,NA,76.336
"Kosovo","XK","XKX",2012,NA,75.75
"Kosovo","XK","XKX",2011,NA,75.323
"Kosovo","XK","XKX",2010,NA,74.609
"Kosovo","XK","XKX",2009,NA,74.79
"Kosovo","XK","XKX",2008,NA,74.711
"Kosovo","XK","XKX",2007,NA,74.422
"Kosovo","XK","XKX",2006,NA,73.63
"Kosovo","XK","XKX",2005,NA,73.437
"Kosovo","XK","XKX",2004,NA,73.132
"Kosovo","XK","XKX",2003,NA,72.678
"Kosovo","XK","XKX",2002,NA,72.227
"Kosovo","XK","XKX",2001,NA,71.782
"Kosovo","XK","XKX",2000,NA,71.321
"Kosovo","XK","XKX",1999,NA,58.265
"Kosovo","XK","XKX",1998,NA,68.58
"Kosovo","XK","XKX",1997,NA,69.862
"Kosovo","XK","XKX",1996,NA,69.359
"Kosovo","XK","XKX",1995,NA,68.782
"Kosovo","XK","XKX",1994,NA,68.595
"Kosovo","XK","XKX",1993,NA,67.945
"Kosovo","XK","XKX",1992,NA,67.381
"Kosovo","XK","XKX",1991,NA,66.456
"Kosovo","XK","XKX",1990,NA,66.508
"Kosovo","XK","XKX",1989,NA,65.234
"Kosovo","XK","XKX",1988,NA,64.214
"Kosovo","XK","XKX",1987,NA,63.568
"Kosovo","XK","XKX",1986,NA,62.537
"Kosovo","XK","XKX",1985,NA,61.216
"Kosovo","XK","XKX",1984,NA,61.459
"Kosovo","XK","XKX",1983,NA,61.002
"Kosovo","XK","XKX",1982,NA,60.074
"Kosovo","XK","XKX",1981,NA,60.372
"Kosovo","XK","XKX",1980,NA,60.297
"Kosovo","XK","XKX",1979,NA,59.095
"Kosovo","XK","XKX",1978,NA,58.828
"Kosovo","XK","XKX",1977,NA,58.403
"Kosovo","XK","XKX",1976,NA,57.54
"Kosovo","XK","XKX",1975,NA,57.311
"Kosovo","XK","XKX",1974,NA,56.376
"Kosovo","XK","XKX",1973,NA,55.914
"Kosovo","XK","XKX",1972,NA,55.122
"Kosovo","XK","XKX",1971,NA,55.128
"Kosovo","XK","XKX",1970,NA,54.002
"Kosovo","XK","XKX",1969,NA,53.392
"Kosovo","XK","XKX",1968,NA,53.606
"Kosovo","XK","XKX",1967,NA,53.051
"Kosovo","XK","XKX",1966,NA,52.472
"Kosovo","XK","XKX",1965,NA,52.003
"Kosovo","XK","XKX",1964,NA,51.119
"Kosovo","XK","XKX",1963,NA,50.098
"Kosovo","XK","XKX",1962,NA,48.378
"Kosovo","XK","XKX",1961,NA,49.883
"Kosovo","XK","XKX",1960,NA,48.702
"Kuwait","KW","KWT",2023,NA,83.1878048780488
"Kuwait","KW","KWT",2022,NA,80.5878048780488
"Kuwait","KW","KWT",2021,NA,78.7365853658537
"Kuwait","KW","KWT",2020,53.7151434413218,78.7609756097561
"Kuwait","KW","KWT",2019,52.7825054963873,81.969756097561
"Kuwait","KW","KWT",2018,63.4583554482098,80.1063658536585
"Kuwait","KW","KWT",2017,58.1291719707309,79.9160731707317
"Kuwait","KW","KWT",2016,59.2319560603482,79.6775853658537
"Kuwait","KW","KWT",2015,64.5479644305319,79.3765609756098
"Kuwait","KW","KWT",2014,50.028931868526,79.0803414634146
"Kuwait","KW","KWT",2013,66.1412461870028,78.7418048780488
"Kuwait","KW","KWT",2012,65.1385584071027,78.3950243902439
"Kuwait","KW","KWT",2011,65.1115344079268,78.052243902439
"Kuwait","KW","KWT",2010,61.3527403418571,77.7262195121951
"Kuwait","KW","KWT",2009,61.6332751623654,77.4333658536585
"Kuwait","KW","KWT",2008,62.3022428112696,77.1890487804878
"Kuwait","KW","KWT",2007,63.1006880696392,77.0101707317073
"Kuwait","KW","KWT",2006,63.7696557185435,76.8876829268293
"Kuwait","KW","KWT",2005,64.0501905390517,76.8007804878049
"Kuwait","KW","KWT",2004,63.7459379536381,76.7276829268293
"Kuwait","KW","KWT",2003,62.9365619789798,76.6445609756098
"Kuwait","KW","KWT",2002,61.7771352874504,76.5316341463415
"Kuwait","KW","KWT",2001,60.4227305514236,76.3843414634146
"Kuwait","KW","KWT",2000,59.028420443273,76.2258780487805
"Kuwait","KW","KWT",1999,57.0473732585759,76.0779512195122
"Kuwait","KW","KWT",1998,54.2938262630917,75.9642926829269
"Kuwait","KW","KWT",1997,51.464455584468,75.9071463414634
"Kuwait","KW","KWT",1996,49.2559373503523,75.9250487804878
"Kuwait","KW","KWT",1995,48.364947688392,75.979756097561
"Kuwait","KW","KWT",1994,48.5549230018687,76.0328292682927
"Kuwait","KW","KWT",1993,49.1923973228716,76.0514878048781
"Kuwait","KW","KWT",1992,50.3786932222602,76.0023902439025
"Kuwait","KW","KWT",1991,52.2151332708938,73.907243902439
"Kuwait","KW","KWT",1990,54.8030400396318,73.4171463414634
"Kuwait","KW","KWT",1989,NA,75.3036341463415
"Kuwait","KW","KWT",1988,NA,74.9282682926829
"Kuwait","KW","KWT",1987,NA,74.5105365853659
"Kuwait","KW","KWT",1986,NA,74.0703414634146
"Kuwait","KW","KWT",1985,NA,73.6203902439024
"Kuwait","KW","KWT",1984,NA,73.1655609756098
"Kuwait","KW","KWT",1983,NA,72.7137073170732
"Kuwait","KW","KWT",1982,NA,72.2716829268293
"Kuwait","KW","KWT",1981,NA,71.8493170731707
"Kuwait","KW","KWT",1980,NA,71.4554878048781
"Kuwait","KW","KWT",1979,NA,71.0943170731707
"Kuwait","KW","KWT",1978,NA,70.7654146341463
"Kuwait","KW","KWT",1977,NA,70.4684146341463
"Kuwait","KW","KWT",1976,NA,70.2014390243903
"Kuwait","KW","KWT",1975,NA,69.9550243902439
"Kuwait","KW","KWT",1974,NA,69.7139512195122
"Kuwait","KW","KWT",1973,NA,69.4439756097561
"Kuwait","KW","KWT",1972,NA,69.1198048780488
"Kuwait","KW","KWT",1971,NA,68.7147317073171
"Kuwait","KW","KWT",1970,NA,68.2020487804878
"Kuwait","KW","KWT",1969,NA,67.5747804878049
"Kuwait","KW","KWT",1968,NA,66.8460487804878
"Kuwait","KW","KWT",1967,NA,66.031
"Kuwait","KW","KWT",1966,NA,65.1482682926829
"Kuwait","KW","KWT",1965,NA,64.217487804878
"Kuwait","KW","KWT",1964,NA,63.2567073170732
"Kuwait","KW","KWT",1963,NA,62.2694146341463
"Kuwait","KW","KWT",1962,NA,61.259512195122
"Kuwait","KW","KWT",1961,NA,60.235
"Kuwait","KW","KWT",1960,NA,59.2033414634146
"Kyrgyz Republic","KG","KGZ",2023,NA,72.2487804878049
"Kyrgyz Republic","KG","KGZ",2022,NA,72.0487804878049
"Kyrgyz Republic","KG","KGZ",2021,NA,71.9
"Kyrgyz Republic","KG","KGZ",2020,24.3817252281764,71.8
"Kyrgyz Republic","KG","KGZ",2019,26.7613844313409,71.6
"Kyrgyz Republic","KG","KGZ",2018,27.4518144818682,71.4
"Kyrgyz Republic","KG","KGZ",2017,26.8562254174832,71.2
"Kyrgyz Republic","KG","KGZ",2016,29.0193222002259,70.9512195121951
"Kyrgyz Republic","KG","KGZ",2015,29.7484121402712,70.6512195121951
"Kyrgyz Republic","KG","KGZ",2014,30.5484635194377,70.4024390243902
"Kyrgyz Republic","KG","KGZ",2013,33.828057010964,70.2024390243902
"Kyrgyz Republic","KG","KGZ",2012,34.3817087122114,70.0024390243902
"Kyrgyz Republic","KG","KGZ",2011,33.450584373058,69.6024390243903
"Kyrgyz Republic","KG","KGZ",2010,26.5919253330871,69.3
"Kyrgyz Republic","KG","KGZ",2009,25.0494148008925,69.1024390243903
"Kyrgyz Republic","KG","KGZ",2008,23.9058824329157,68.4512195121951
"Kyrgyz Republic","KG","KGZ",2007,23.1168779099364,67.8951219512195
"Kyrgyz Republic","KG","KGZ",2006,22.6379509127344,67.6951219512195
"Kyrgyz Republic","KG","KGZ",2005,22.4246511220895,67.9560975609756
"Kyrgyz Republic","KG","KGZ",2004,22.4234306479412,68.1536585365854
"Kyrgyz Republic","KG","KGZ",2003,22.5598882498993,68.2560975609756
"Kyrgyz Republic","KG","KGZ",2002,22.7582935832493,68.1560975609756
"Kyrgyz Republic","KG","KGZ",2001,22.9429163032767,68.7073170731707
"Kyrgyz Republic","KG","KGZ",2000,23.0380260652668,68.5585365853659
"Kyrgyz Republic","KG","KGZ",1999,23.0339418810782,68.6560975609756
"Kyrgyz Republic","KG","KGZ",1998,22.981144917901,67.0512195121951
"Kyrgyz Republic","KG","KGZ",1997,22.894148064018,66.8926829268293
"Kyrgyz Republic","KG","KGZ",1996,22.7874642077119,66.5439024390244
"Kyrgyz Republic","KG","KGZ",1995,22.6756062372658,65.790243902439
"Kyrgyz Republic","KG","KGZ",1994,22.5616695293192,66.0390243902439
"Kyrgyz Republic","KG","KGZ",1993,22.4391066482649,67.1926829268293
"Kyrgyz Republic","KG","KGZ",1992,22.3079662640153,68.1024390243903
"Kyrgyz Republic","KG","KGZ",1991,22.1682970464831,68.5512195121951
"Kyrgyz Republic","KG","KGZ",1990,22.0201476655806,68.2975609756098
"Kyrgyz Republic","KG","KGZ",1989,NA,67.9073170731707
"Kyrgyz Republic","KG","KGZ",1988,NA,65.0037073170732
"Kyrgyz Republic","KG","KGZ",1987,NA,65.1416341463415
"Kyrgyz Republic","KG","KGZ",1986,NA,64.4399512195122
"Kyrgyz Republic","KG","KGZ",1985,NA,63.427
"Kyrgyz Republic","KG","KGZ",1984,NA,62.620243902439
"Kyrgyz Republic","KG","KGZ",1983,NA,62.1123414634146
"Kyrgyz Republic","KG","KGZ",1982,NA,62.0425609756098
"Kyrgyz Republic","KG","KGZ",1981,NA,61.6239756097561
"Kyrgyz Republic","KG","KGZ",1980,NA,61.3072195121951
"Kyrgyz Republic","KG","KGZ",1979,NA,60.8662195121951
"Kyrgyz Republic","KG","KGZ",1978,NA,60.4847804878049
"Kyrgyz Republic","KG","KGZ",1977,NA,60.1499756097561
"Kyrgyz Republic","KG","KGZ",1976,NA,59.8842682926829
"Kyrgyz Republic","KG","KGZ",1975,NA,59.6181951219512
"Kyrgyz Republic","KG","KGZ",1974,NA,59.343756097561
"Kyrgyz Republic","KG","KGZ",1973,NA,58.9897804878049
"Kyrgyz Republic","KG","KGZ",1972,NA,58.6458292682927
"Kyrgyz Republic","KG","KGZ",1971,NA,58.3217804878049
"Kyrgyz Republic","KG","KGZ",1970,NA,58.0186341463415
"Kyrgyz Republic","KG","KGZ",1969,NA,57.7547804878049
"Kyrgyz Republic","KG","KGZ",1968,NA,57.4480975609756
"Kyrgyz Republic","KG","KGZ",1967,NA,57.1559512195122
"Kyrgyz Republic","KG","KGZ",1966,NA,56.8273902439024
"Kyrgyz Republic","KG","KGZ",1965,NA,56.5190487804878
"Kyrgyz Republic","KG","KGZ",1964,NA,56.22
"Kyrgyz Republic","KG","KGZ",1963,NA,55.9325853658537
"Kyrgyz Republic","KG","KGZ",1962,NA,55.641756097561
"Kyrgyz Republic","KG","KGZ",1961,NA,55.3341219512195
"Kyrgyz Republic","KG","KGZ",1960,NA,55.0285853658537
"Lao PDR","LA","LAO",2023,NA,68.964
"Lao PDR","LA","LAO",2022,NA,68.715
"Lao PDR","LA","LAO",2021,NA,67.807
"Lao PDR","LA","LAO",2020,22.3176670505669,68.339
"Lao PDR","LA","LAO",2019,22.4289603771825,67.911
"Lao PDR","LA","LAO",2018,20.9840690040935,67.594
"Lao PDR","LA","LAO",2017,19.1515982168711,67.345
"Lao PDR","LA","LAO",2016,22.463787282601,67.014
"Lao PDR","LA","LAO",2015,20.1670988613747,66.688
"Lao PDR","LA","LAO",2014,21.3928997917018,66.35
"Lao PDR","LA","LAO",2013,24.2423626108046,65.723
"Lao PDR","LA","LAO",2012,22.4365696992954,65.126
"Lao PDR","LA","LAO",2011,20.5789011650413,64.505
"Lao PDR","LA","LAO",2010,24.2304166685204,63.69
"Lao PDR","LA","LAO",2009,25.7049537211446,63.023
"Lao PDR","LA","LAO",2008,26.8823653754409,62.248
"Lao PDR","LA","LAO",2007,27.7775269837477,61.694
"Lao PDR","LA","LAO",2006,28.4053138984033,61.074
"Lao PDR","LA","LAO",2005,28.7806014717458,60.688
"Lao PDR","LA","LAO",2004,28.9399726698219,60.08
"Lao PDR","LA","LAO",2003,28.9554957475365,59.643
"Lao PDR","LA","LAO",2002,28.8952739905149,59.302
"Lao PDR","LA","LAO",2001,28.8274106843826,58.887
"Lao PDR","LA","LAO",2000,28.820009114765,58.317
"Lao PDR","LA","LAO",1999,28.8855701655232,57.866
"Lao PDR","LA","LAO",1998,28.9797778849109,57.549
"Lao PDR","LA","LAO",1997,29.0855103051431,57.302
"Lao PDR","LA","LAO",1996,29.1856454584344,56.821
"Lao PDR","LA","LAO",1995,29.2630613769997,56.344
"Lao PDR","LA","LAO",1994,29.3311528821824,55.81
"Lao PDR","LA","LAO",1993,29.4120429488387,55.583
"Lao PDR","LA","LAO",1992,29.5017018394523,55.098
"Lao PDR","LA","LAO",1991,29.596099816507,54.7
"Lao PDR","LA","LAO",1990,29.6912071424864,54.035
"Lao PDR","LA","LAO",1989,NA,53.589
"Lao PDR","LA","LAO",1988,NA,53.077
"Lao PDR","LA","LAO",1987,NA,52.597
"Lao PDR","LA","LAO",1986,NA,52.144
"Lao PDR","LA","LAO",1985,NA,51.579
"Lao PDR","LA","LAO",1984,NA,51.014
"Lao PDR","LA","LAO",1983,NA,50.485
"Lao PDR","LA","LAO",1982,NA,49.931
"Lao PDR","LA","LAO",1981,NA,49.237
"Lao PDR","LA","LAO",1980,NA,48.56
"Lao PDR","LA","LAO",1979,NA,47.46
"Lao PDR","LA","LAO",1978,NA,46.832
"Lao PDR","LA","LAO",1977,NA,46.408
"Lao PDR","LA","LAO",1976,NA,46.012
"Lao PDR","LA","LAO",1975,NA,46.15
"Lao PDR","LA","LAO",1974,NA,45.886
"Lao PDR","LA","LAO",1973,NA,44.728
"Lao PDR","LA","LAO",1972,NA,44.416
"Lao PDR","LA","LAO",1971,NA,44.122
"Lao PDR","LA","LAO",1970,NA,43.776
"Lao PDR","LA","LAO",1969,NA,43.46
"Lao PDR","LA","LAO",1968,NA,43.183
"Lao PDR","LA","LAO",1967,NA,42.869
"Lao PDR","LA","LAO",1966,NA,42.347
"Lao PDR","LA","LAO",1965,NA,42.222
"Lao PDR","LA","LAO",1964,NA,41.859
"Lao PDR","LA","LAO",1963,NA,41.544
"Lao PDR","LA","LAO",1962,NA,42.272
"Lao PDR","LA","LAO",1961,NA,41.344
"Lao PDR","LA","LAO",1960,NA,41.036
"Latvia","LV","LVA",2023,NA,75.4268292682927
"Latvia","LV","LVA",2022,NA,74.2780487804878
"Latvia","LV","LVA",2021,NA,72.9804878048781
"Latvia","LV","LVA",2020,11.6020322023647,75.1853658536585
"Latvia","LV","LVA",2019,12.4865833165492,75.3878048780488
"Latvia","LV","LVA",2018,14.2076039693657,74.7829268292683
"Latvia","LV","LVA",2017,11.6679973108454,74.6292682926829
"Latvia","LV","LVA",2016,12.6030729844024,74.580487804878
"Latvia","LV","LVA",2015,13.6554000536401,74.4804878048781
"Latvia","LV","LVA",2014,16.0993170108535,74.1243902439024
"Latvia","LV","LVA",2013,15.4093695076531,73.9829268292683
"Latvia","LV","LVA",2012,14.9825047352387,73.7780487804878
"Latvia","LV","LVA",2011,15.525589653222,73.5756097560976
"Latvia","LV","LVA",2010,17.7137997205206,73.4829268292683
"Latvia","LV","LVA",2009,17.8556897500464,73.0804878048781
"Latvia","LV","LVA",2008,17.9236469538566,72.419512195122
"Latvia","LV","LVA",2007,17.9604077828999,71.019512195122
"Latvia","LV","LVA",2006,18.0087086881248,70.8658536585366
"Latvia","LV","LVA",2005,18.1112861204801,71.3560975609756
"Latvia","LV","LVA",2004,18.5452444962024,72.0268292682927
"Latvia","LV","LVA",2003,19.4158394192282,71.2658536585366
"Latvia","LV","LVA",2002,20.5080341220557,70.9609756097561
"Latvia","LV","LVA",2001,21.6067918371829,70.7609756097561
"Latvia","LV","LVA",2000,22.4970757971078,70.3146341463415
"Latvia","LV","LVA",1999,23.2267934091007,69.7429268292683
"Latvia","LV","LVA",1998,23.9635149288116,69.0121951219512
"Latvia","LV","LVA",1997,24.6716978613081,69.3492682926829
"Latvia","LV","LVA",1996,25.3157997116581,68.7765853658537
"Latvia","LV","LVA",1995,25.8602779849293,66.3912195121951
"Latvia","LV","LVA",1994,26.3251383592037,65.6643902439025
"Latvia","LV","LVA",1993,26.7487504091563,66.7226829268293
"Latvia","LV","LVA",1992,27.1231174847446,68.3960975609756
"Latvia","LV","LVA",1991,27.4402429359263,69.0324390243903
"Latvia","LV","LVA",1990,27.6921301126591,69.2731707317073
"Latvia","LV","LVA",1989,NA,70.1553658536586
"Latvia","LV","LVA",1988,NA,70.6153658536585
"Latvia","LV","LVA",1987,NA,70.6929268292683
"Latvia","LV","LVA",1986,NA,70.6224390243903
"Latvia","LV","LVA",1985,NA,69.2914634146342
"Latvia","LV","LVA",1984,NA,69.1629268292683
"Latvia","LV","LVA",1983,NA,69.1190243902439
"Latvia","LV","LVA",1982,NA,69.3282926829268
"Latvia","LV","LVA",1981,NA,68.7863414634146
"Latvia","LV","LVA",1980,NA,68.8085365853659
"Latvia","LV","LVA",1979,NA,68.4956097560976
"Latvia","LV","LVA",1978,NA,68.9878048780488
"Latvia","LV","LVA",1977,NA,69.1046341463415
"Latvia","LV","LVA",1976,NA,69.0478048780488
"Latvia","LV","LVA",1975,NA,68.9253658536585
"Latvia","LV","LVA",1974,NA,69.7409756097561
"Latvia","LV","LVA",1973,NA,69.8134146341464
"Latvia","LV","LVA",1972,NA,69.8787804878049
"Latvia","LV","LVA",1971,NA,70.1646341463415
"Latvia","LV","LVA",1970,NA,69.8353658536586
"Latvia","LV","LVA",1969,NA,69.7968292682927
"Latvia","LV","LVA",1968,NA,70.0429268292683
"Latvia","LV","LVA",1967,NA,70.3939024390244
"Latvia","LV","LVA",1966,NA,70.7073170731707
"Latvia","LV","LVA",1965,NA,70.7265853658537
"Latvia","LV","LVA",1964,NA,71.0280487804878
"Latvia","LV","LVA",1963,NA,69.8290243902439
"Latvia","LV","LVA",1962,NA,69.430487804878
"Latvia","LV","LVA",1961,NA,70.0324390243903
"Latvia","LV","LVA",1960,NA,69.7868292682927
"Lebanon","LB","LBN",2023,NA,77.817
"Lebanon","LB","LBN",2022,NA,78.003
"Lebanon","LB","LBN",2021,NA,73.65
"Lebanon","LB","LBN",2020,19.2310172881236,76.299
"Lebanon","LB","LBN",2019,20.5970090578064,78.208
"Lebanon","LB","LBN",2018,19.9808899582131,78.263
"Lebanon","LB","LBN",2017,18.8914613898948,78.192
"Lebanon","LB","LBN",2016,19.360236111926,78.306
"Lebanon","LB","LBN",2015,20.6861467732003,78.275
"Lebanon","LB","LBN",2014,20.3631198495282,78.148
"Lebanon","LB","LBN",2013,20.2507464209249,78.037
"Lebanon","LB","LBN",2012,18.7841957919463,77.941
"Lebanon","LB","LBN",2011,19.3450935433656,77.768
"Lebanon","LB","LBN",2010,22.0305714387326,77.529
"Lebanon","LB","LBN",2009,21.7124533506863,77.262
"Lebanon","LB","LBN",2008,20.9404521878108,76.956
"Lebanon","LB","LBN",2007,19.9880976020014,76.732
"Lebanon","LB","LBN",2006,19.1289192451531,75.677
"Lebanon","LB","LBN",2005,18.636446769161,76.074
"Lebanon","LB","LBN",2004,18.4290560374433,75.693
"Lebanon","LB","LBN",2003,18.2496665183829,75.275
"Lebanon","LB","LBN",2002,18.108623271323,74.836
"Lebanon","LB","LBN",2001,18.0162713556063,74.354
"Lebanon","LB","LBN",2000,17.9829558305759,73.895
"Lebanon","LB","LBN",1999,18.0324738176712,73.513
"Lebanon","LB","LBN",1998,18.151033253357,73.201
"Lebanon","LB","LBN",1997,18.2925954195136,72.94
"Lebanon","LB","LBN",1996,18.4111215980218,72.614
"Lebanon","LB","LBN",1995,18.4605730707619,72.383
"Lebanon","LB","LBN",1994,18.3526125574716,72.03
"Lebanon","LB","LBN",1993,18.0548344795668,71.559
"Lebanon","LB","LBN",1992,17.6050976714458,71.169
"Lebanon","LB","LBN",1991,17.0412609675068,70.865
"Lebanon","LB","LBN",1990,16.4011832021479,65.479
"Lebanon","LB","LBN",1989,NA,65.114
"Lebanon","LB","LBN",1988,NA,62.92
"Lebanon","LB","LBN",1987,NA,62.539
"Lebanon","LB","LBN",1986,NA,62.011
"Lebanon","LB","LBN",1985,NA,61.574
"Lebanon","LB","LBN",1984,NA,61.167
"Lebanon","LB","LBN",1983,NA,60.752
"Lebanon","LB","LBN",1982,NA,47.19
"Lebanon","LB","LBN",1981,NA,60.279
"Lebanon","LB","LBN",1980,NA,59.909
"Lebanon","LB","LBN",1979,NA,59.557
"Lebanon","LB","LBN",1978,NA,59.996
"Lebanon","LB","LBN",1977,NA,60.331
"Lebanon","LB","LBN",1976,NA,36.436
"Lebanon","LB","LBN",1975,NA,57.744
"Lebanon","LB","LBN",1974,NA,66.41
"Lebanon","LB","LBN",1973,NA,66.298
"Lebanon","LB","LBN",1972,NA,66.201
"Lebanon","LB","LBN",1971,NA,66.12
"Lebanon","LB","LBN",1970,NA,66.018
"Lebanon","LB","LBN",1969,NA,65.918
"Lebanon","LB","LBN",1968,NA,65.802
"Lebanon","LB","LBN",1967,NA,65.677
"Lebanon","LB","LBN",1966,NA,65.504
"Lebanon","LB","LBN",1965,NA,65.317
"Lebanon","LB","LBN",1964,NA,65.103
"Lebanon","LB","LBN",1963,NA,64.879
"Lebanon","LB","LBN",1962,NA,64.595
"Lebanon","LB","LBN",1961,NA,64.267
"Lebanon","LB","LBN",1960,NA,63.927
"Lesotho","LS","LSO",2023,NA,57.375
"Lesotho","LS","LSO",2022,NA,56.812
"Lesotho","LS","LSO",2021,NA,54.209
"Lesotho","LS","LSO",2020,23.4391013240086,55.133
"Lesotho","LS","LSO",2019,21.1810593859544,55.249
"Lesotho","LS","LSO",2018,23.0240026773582,54.638
"Lesotho","LS","LSO",2017,22.4347012157399,53.874
"Lesotho","LS","LSO",2016,25.3734080229079,52.908
"Lesotho","LS","LSO",2015,25.8911063728927,51.83
"Lesotho","LS","LSO",2014,26.801156032785,50.786
"Lesotho","LS","LSO",2013,25.2428493312626,49.547
"Lesotho","LS","LSO",2012,26.5241576357391,48.235
"Lesotho","LS","LSO",2011,26.9481719895266,46.93
"Lesotho","LS","LSO",2010,26.338001871042,46.045
"Lesotho","LS","LSO",2009,25.2677913847987,45.055
"Lesotho","LS","LSO",2008,23.784393532221,44.304
"Lesotho","LS","LSO",2007,22.2617938837023,43.66
"Lesotho","LS","LSO",2006,21.0739780096359,43.182
"Lesotho","LS","LSO",2005,20.5949314804153,43.611
"Lesotho","LS","LSO",2004,20.9238190524334,44.039
"Lesotho","LS","LSO",2003,21.7379693349774,44.921
"Lesotho","LS","LSO",2002,22.7786136777816,45.95
"Lesotho","LS","LSO",2001,23.7869834305804,47.153
"Lesotho","LS","LSO",2000,24.5043099431081,48.783
"Lesotho","LS","LSO",1999,24.9959960296689,50.385
"Lesotho","LS","LSO",1998,25.4686794529666,52.029
"Lesotho","LS","LSO",1997,25.8754439853354,53.733
"Lesotho","LS","LSO",1996,26.1693733991094,55.136
"Lesotho","LS","LSO",1995,26.3035514666227,56.368
"Lesotho","LS","LSO",1994,26.3402619930433,57.288
"Lesotho","LS","LSO",1993,26.3699215340112,58.06
"Lesotho","LS","LSO",1992,26.3878129875686,58.638
"Lesotho","LS","LSO",1991,26.3892192517578,59.061
"Lesotho","LS","LSO",1990,26.3694232246209,59.317
"Lesotho","LS","LSO",1989,NA,59.505
"Lesotho","LS","LSO",1988,NA,59.572
"Lesotho","LS","LSO",1987,NA,59.557
"Lesotho","LS","LSO",1986,NA,59.346
"Lesotho","LS","LSO",1985,NA,59.211
"Lesotho","LS","LSO",1984,NA,58.955
"Lesotho","LS","LSO",1983,NA,58.495
"Lesotho","LS","LSO",1982,NA,57.976
"Lesotho","LS","LSO",1981,NA,57.307
"Lesotho","LS","LSO",1980,NA,56.534
"Lesotho","LS","LSO",1979,NA,55.843
"Lesotho","LS","LSO",1978,NA,55.166
"Lesotho","LS","LSO",1977,NA,54.526
"Lesotho","LS","LSO",1976,NA,53.931
"Lesotho","LS","LSO",1975,NA,53.454
"Lesotho","LS","LSO",1974,NA,52.941
"Lesotho","LS","LSO",1973,NA,52.62
"Lesotho","LS","LSO",1972,NA,52.256
"Lesotho","LS","LSO",1971,NA,51.845
"Lesotho","LS","LSO",1970,NA,51.501
"Lesotho","LS","LSO",1969,NA,51.117
"Lesotho","LS","LSO",1968,NA,50.791
"Lesotho","LS","LSO",1967,NA,50.513
"Lesotho","LS","LSO",1966,NA,50.377
"Lesotho","LS","LSO",1965,NA,50.326
"Lesotho","LS","LSO",1964,NA,50.307
"Lesotho","LS","LSO",1963,NA,50.26
"Lesotho","LS","LSO",1962,NA,50.307
"Lesotho","LS","LSO",1961,NA,50.275
"Lesotho","LS","LSO",1960,NA,50.171
"Liberia","LR","LBR",2023,NA,62.163
"Liberia","LR","LBR",2022,NA,61.934
"Liberia","LR","LBR",2021,NA,61.166
"Liberia","LR","LBR",2020,42.3616590279287,61.267
"Liberia","LR","LBR",2019,37.1591253581791,61.232
"Liberia","LR","LBR",2018,42.0381017982909,60.999
"Liberia","LR","LBR",2017,41.5068237111279,60.777
"Liberia","LR","LBR",2016,48.301426780699,60.483
"Liberia","LR","LBR",2015,51.1180873244019,59.248
"Liberia","LR","LBR",2014,34.3461135841224,59.21
"Liberia","LR","LBR",2013,33.8367623475366,59.992
"Liberia","LR","LBR",2012,40.950862253654,59.785
"Liberia","LR","LBR",2011,43.0911306066352,59.486
"Liberia","LR","LBR",2010,33.6519945022688,59.358
"Liberia","LR","LBR",2009,34.5471480512907,59.106
"Liberia","LR","LBR",2008,36.681885432367,58.675
"Liberia","LR","LBR",2007,39.2301217465135,58.147
"Liberia","LR","LBR",2006,41.3657720947462,57.495
"Liberia","LR","LBR",2005,42.262751578081,56.765
"Liberia","LR","LBR",2004,42.1478889845527,55.949
"Liberia","LR","LBR",2003,41.8293854413503,53.045
"Liberia","LR","LBR",2002,41.3532145582214,54.061
"Liberia","LR","LBR",2001,40.7653499449132,53.109
"Liberia","LR","LBR",2000,40.1117652111733,51.852
"Liberia","LR","LBR",1999,38.8108444471858,50.412
"Liberia","LR","LBR",1998,36.679191920648,49.367
"Liberia","LR","LBR",1997,34.3601115075765,48.302
"Liberia","LR","LBR",1996,32.496907083988,44.945
"Liberia","LR","LBR",1995,31.7328825258992,44.573
"Liberia","LR","LBR",1994,32.0316273639235,42.621
"Liberia","LR","LBR",1993,32.9382648692496,43.022
"Liberia","LR","LBR",1992,34.4683995287575,43.566
"Liberia","LR","LBR",1991,36.6376358293273,43.575
"Liberia","LR","LBR",1990,39.4615782578391,37.644
"Liberia","LR","LBR",1989,NA,43.863
"Liberia","LR","LBR",1988,NA,44.065
"Liberia","LR","LBR",1987,NA,44.267
"Liberia","LR","LBR",1986,NA,44.494
"Liberia","LR","LBR",1985,NA,44.026
"Liberia","LR","LBR",1984,NA,44.683
"Liberia","LR","LBR",1983,NA,44.576
"Liberia","LR","LBR",1982,NA,44.447
"Liberia","LR","LBR",1981,NA,44.344
"Liberia","LR","LBR",1980,NA,44.088
"Liberia","LR","LBR",1979,NA,43.89
"Liberia","LR","LBR",1978,NA,43.567
"Liberia","LR","LBR",1977,NA,43.22
"Liberia","LR","LBR",1976,NA,42.851
"Liberia","LR","LBR",1975,NA,42.463
"Liberia","LR","LBR",1974,NA,42.063
"Liberia","LR","LBR",1973,NA,41.619
"Liberia","LR","LBR",1972,NA,41.199
"Liberia","LR","LBR",1971,NA,40.72
"Liberia","LR","LBR",1970,NA,40.359
"Liberia","LR","LBR",1969,NA,39.991
"Liberia","LR","LBR",1968,NA,39.588
"Liberia","LR","LBR",1967,NA,39.262
"Liberia","LR","LBR",1966,NA,38.955
"Liberia","LR","LBR",1965,NA,38.693
"Liberia","LR","LBR",1964,NA,38.451
"Liberia","LR","LBR",1963,NA,38.309
"Liberia","LR","LBR",1962,NA,38.167
"Liberia","LR","LBR",1961,NA,38.104
"Liberia","LR","LBR",1960,NA,38.073
"Libya","LY","LBY",2023,NA,69.339
"Libya","LY","LBY",2022,NA,74.462
"Libya","LY","LBY",2021,NA,72.062
"Libya","LY","LBY",2020,32.9707065002742,72.388
"Libya","LY","LBY",2019,36.4844732200514,72.941
"Libya","LY","LBY",2018,41.4209740874326,73.151
"Libya","LY","LBY",2017,33.6859220495799,72.721
"Libya","LY","LBY",2016,38.1668032978199,71.799
"Libya","LY","LBY",2015,36.08680012119,71.644
"Libya","LY","LBY",2014,36.2943652311609,71.3
"Libya","LY","LBY",2013,41.8287621297505,72.339
"Libya","LY","LBY",2012,33.0392584726512,72.188
"Libya","LY","LBY",2011,36.5734275927941,69.95
"Libya","LY","LBY",2010,50.1076375660992,72.196
"Libya","LY","LBY",2009,49.5419782839306,72.071
"Libya","LY","LBY",2008,48.1068393184481,71.936
"Libya","LY","LBY",2007,46.1949789911863,71.788
"Libya","LY","LBY",2006,44.1991556236799,71.632
"Libya","LY","LBY",2005,42.5121275374636,71.439
"Libya","LY","LBY",2004,40.940846140811,71.21
"Libya","LY","LBY",2003,39.2184710587122,70.996
"Libya","LY","LBY",2002,37.6270729377772,70.788
"Libya","LY","LBY",2001,36.4487224246156,70.653
"Libya","LY","LBY",2000,35.9654901658373,70.542
"Libya","LY","LBY",1999,35.953749359106,70.601
"Libya","LY","LBY",1998,35.98360186363,70.657
"Libya","LY","LBY",1997,36.0277113183354,70.72
"Libya","LY","LBY",1996,36.0587413621486,70.736
"Libya","LY","LBY",1995,36.0493556339958,70.641
"Libya","LY","LBY",1994,35.844804655454,70.472
"Libya","LY","LBY",1993,35.3527773255084,70.247
"Libya","LY","LBY",1992,34.6395948491973,69.974
"Libya","LY","LBY",1991,33.7715784315591,69.635
"Libya","LY","LBY",1990,32.8150492776324,69.312
"Libya","LY","LBY",1989,NA,68.979
"Libya","LY","LBY",1988,NA,68.608
"Libya","LY","LBY",1987,NA,68.258
"Libya","LY","LBY",1986,NA,67.806
"Libya","LY","LBY",1985,NA,67.285
"Libya","LY","LBY",1984,NA,66.748
"Libya","LY","LBY",1983,NA,66.26
"Libya","LY","LBY",1982,NA,65.768
"Libya","LY","LBY",1981,NA,65.255
"Libya","LY","LBY",1980,NA,64.797
"Libya","LY","LBY",1979,NA,64.328
"Libya","LY","LBY",1978,NA,63.796
"Libya","LY","LBY",1977,NA,63.129
"Libya","LY","LBY",1976,NA,62.448
"Libya","LY","LBY",1975,NA,61.621
"Libya","LY","LBY",1974,NA,60.709
"Libya","LY","LBY",1973,NA,59.71
"Libya","LY","LBY",1972,NA,58.685
"Libya","LY","LBY",1971,NA,57.583
"Libya","LY","LBY",1970,NA,56.379
"Libya","LY","LBY",1969,NA,55.173
"Libya","LY","LBY",1968,NA,53.849
"Libya","LY","LBY",1967,NA,52.462
"Libya","LY","LBY",1966,NA,50.946
"Libya","LY","LBY",1965,NA,49.278
"Libya","LY","LBY",1964,NA,47.652
"Libya","LY","LBY",1963,NA,45.584
"Libya","LY","LBY",1962,NA,44.075
"Libya","LY","LBY",1961,NA,42.362
"Libya","LY","LBY",1960,NA,40.752
"Liechtenstein","LI","LIE",2023,NA,84.5951219512195
"Liechtenstein","LI","LIE",2022,NA,84.1219512195122
"Liechtenstein","LI","LIE",2021,NA,84.4024390243902
"Liechtenstein","LI","LIE",2020,NA,81.6585365853659
"Liechtenstein","LI","LIE",2019,NA,84.1609756097561
"Liechtenstein","LI","LIE",2018,NA,83.0414634146342
"Liechtenstein","LI","LIE",2017,NA,83.7463414634147
"Liechtenstein","LI","LIE",2016,NA,82.2585365853659
"Liechtenstein","LI","LIE",2015,NA,82.6560975609756
"Liechtenstein","LI","LIE",2014,NA,82.0731707317073
"Liechtenstein","LI","LIE",2013,NA,82.2609756097561
"Liechtenstein","LI","LIE",2012,NA,82.3829268292683
"Liechtenstein","LI","LIE",2011,NA,81.7926829268293
"Liechtenstein","LI","LIE",2010,NA,81.8414634146342
"Liechtenstein","LI","LIE",2009,NA,81.5
"Liechtenstein","LI","LIE",2008,NA,82.6829268292683
"Liechtenstein","LI","LIE",2007,NA,81.2951219512195
"Liechtenstein","LI","LIE",2006,NA,80.9487804878049
"Liechtenstein","LI","LIE",2005,NA,80.6682926829268
"Liechtenstein","LI","LIE",2004,NA,81.7707317073171
"Liechtenstein","LI","LIE",2003,NA,79.9609756097561
"Liechtenstein","LI","LIE",2002,NA,79.6365853658537
"Liechtenstein","LI","LIE",2001,NA,79.2756097560976
"Liechtenstein","LI","LIE",2000,NA,76.8268292682927
"Liechtenstein","LI","LIE",1999,NA,79.109756097561
"Liechtenstein","LI","LIE",1998,NA,77.7463414634146
"Liechtenstein","LI","LIE",1997,NA,76.0463414634146
"Liechtenstein","LI","LIE",1996,NA,76.8365853658537
"Liechtenstein","LI","LIE",1995,NA,77.390243902439
"Liechtenstein","LI","LIE",1994,NA,78.4219512195122
"Liechtenstein","LI","LIE",1993,NA,78.2707073170732
"Liechtenstein","LI","LIE",1992,NA,78.4636585365854
"Liechtenstein","LI","LIE",1991,NA,78.4712926829268
"Liechtenstein","LI","LIE",1990,NA,78.3315365853659
"Liechtenstein","LI","LIE",1989,NA,78.1208536585366
"Liechtenstein","LI","LIE",1988,NA,77.8447317073171
"Liechtenstein","LI","LIE",1987,NA,77.614756097561
"Liechtenstein","LI","LIE",1986,NA,77.1143170731708
"Liechtenstein","LI","LIE",1985,NA,76.6388048780488
"Liechtenstein","LI","LIE",1984,NA,76.0926341463415
"Liechtenstein","LI","LIE",1983,NA,75.6130487804878
"Liechtenstein","LI","LIE",1982,NA,74.9551707317073
"Liechtenstein","LI","LIE",1981,NA,74.8312195121951
"Liechtenstein","LI","LIE",1980,NA,74.6580975609756
"Liechtenstein","LI","LIE",1979,NA,74.6135609756098
"Liechtenstein","LI","LIE",1978,NA,74.5905609756098
"Liechtenstein","LI","LIE",1977,NA,74.6583170731707
"Liechtenstein","LI","LIE",1976,NA,74.4749512195122
"Liechtenstein","LI","LIE",1975,NA,74.2641951219512
"Liechtenstein","LI","LIE",1974,NA,73.9874390243903
"Liechtenstein","LI","LIE",1973,NA,73.6489512195122
"Liechtenstein","LI","LIE",1972,NA,73.4018048780488
"Liechtenstein","LI","LIE",1971,NA,73.0916829268293
"Liechtenstein","LI","LIE",1970,NA,72.8831951219512
"Liechtenstein","LI","LIE",1969,NA,72.6079024390244
"Liechtenstein","LI","LIE",1968,NA,72.3931219512195
"Liechtenstein","LI","LIE",1967,NA,72.0426341463415
"Liechtenstein","LI","LIE",1966,NA,71.6317804878049
"Liechtenstein","LI","LIE",1965,NA,71.2156585365854
"Liechtenstein","LI","LIE",1964,NA,71.0428048780488
"Liechtenstein","LI","LIE",1963,NA,70.9008536585366
"Liechtenstein","LI","LIE",1962,NA,70.8495853658537
"Liechtenstein","LI","LIE",1961,NA,70.9554390243902
"Liechtenstein","LI","LIE",1960,NA,70.8882195121951
"Lithuania","LT","LTU",2023,NA,77.290243902439
"Lithuania","LT","LTU",2022,NA,75.6439024390244
"Lithuania","LT","LTU",2021,NA,74.0365853658537
"Lithuania","LT","LTU",2020,9.21893860360944,75.0292682926829
"Lithuania","LT","LTU",2019,10.2465023749528,76.2829268292683
"Lithuania","LT","LTU",2018,11.0838572805935,75.6804878048781
"Lithuania","LT","LTU",2017,9.79993642739852,75.4804878048781
"Lithuania","LT","LTU",2016,10.2329418108878,74.6707317073171
"Lithuania","LT","LTU",2015,11.3028578201847,74.3219512195122
"Lithuania","LT","LTU",2014,12.7577404745041,74.5170731707317
"Lithuania","LT","LTU",2013,12.4131714589563,73.9146341463415
"Lithuania","LT","LTU",2012,12.373124789345,73.8634146341464
"Lithuania","LT","LTU",2011,12.3194519812497,73.5634146341464
"Lithuania","LT","LTU",2010,13.8485379434341,73.2682926829268
"Lithuania","LT","LTU",2009,14.0443261395798,72.9146341463415
"Lithuania","LT","LTU",2008,14.1446134543711,71.8121951219512
"Lithuania","LT","LTU",2007,14.2038714091332,70.9
"Lithuania","LT","LTU",2006,14.2765715251915,71.0560975609756
"Lithuania","LT","LTU",2005,14.4171853238712,71.2536585365854
"Lithuania","LT","LTU",2004,14.8205310765714,71.9609756097561
"Lithuania","LT","LTU",2003,15.5425823302599,72.0609756097561
"Lithuania","LT","LTU",2002,16.4295435196153,71.7609756097561
"Lithuania","LT","LTU",2001,17.3276190793162,71.6585365853659
"Lithuania","LT","LTU",2000,18.083013444041,72.0195121951219
"Lithuania","LT","LTU",1999,18.7390647243723,71.5707317073171
"Lithuania","LT","LTU",1998,19.4128756509685,71.219512195122
"Lithuania","LT","LTU",1997,20.0612975886221,70.9090243902439
"Lithuania","LT","LTU",1996,20.6411819021259,70.1080487804878
"Lithuania","LT","LTU",1995,21.1093799562724,69.0063414634147
"Lithuania","LT","LTU",1994,21.4915297295661,68.530243902439
"Lithuania","LT","LTU",1993,21.8354607614304,68.9104878048781
"Lithuania","LT","LTU",1992,22.1313117580367,70.2343902439025
"Lithuania","LT","LTU",1991,22.3692214255564,70.3641463414634
"Lithuania","LT","LTU",1990,22.5393284701609,71.1607317073171
"Lithuania","LT","LTU",1989,NA,71.4253658536585
"Lithuania","LT","LTU",1988,NA,71.7621951219512
"Lithuania","LT","LTU",1987,NA,71.9346341463415
"Lithuania","LT","LTU",1986,NA,72.0807317073171
"Lithuania","LT","LTU",1985,NA,70.5012195121951
"Lithuania","LT","LTU",1984,NA,70.32
"Lithuania","LT","LTU",1983,NA,70.7778048780488
"Lithuania","LT","LTU",1982,NA,70.8368292682927
"Lithuania","LT","LTU",1981,NA,70.4607317073171
"Lithuania","LT","LTU",1980,NA,70.4821951219512
"Lithuania","LT","LTU",1979,NA,70.4821951219512
"Lithuania","LT","LTU",1978,NA,70.6046341463415
"Lithuania","LT","LTU",1977,NA,70.809512195122
"Lithuania","LT","LTU",1976,NA,70.9580487804878
"Lithuania","LT","LTU",1975,NA,70.8673170731707
"Lithuania","LT","LTU",1974,NA,71.2441463414634
"Lithuania","LT","LTU",1973,NA,71.3321951219512
"Lithuania","LT","LTU",1972,NA,71.0246341463415
"Lithuania","LT","LTU",1971,NA,71.7353658536585
"Lithuania","LT","LTU",1970,NA,70.8043902439024
"Lithuania","LT","LTU",1969,NA,70.9285365853659
"Lithuania","LT","LTU",1968,NA,71.3136585365854
"Lithuania","LT","LTU",1967,NA,71.6039024390244
"Lithuania","LT","LTU",1966,NA,71.520243902439
"Lithuania","LT","LTU",1965,NA,71.3251219512195
"Lithuania","LT","LTU",1964,NA,71.5090243902439
"Lithuania","LT","LTU",1963,NA,70.2043902439024
"Lithuania","LT","LTU",1962,NA,69.0953658536585
"Lithuania","LT","LTU",1961,NA,70.1026829268293
"Lithuania","LT","LTU",1960,NA,69.8473170731707
"Luxembourg","LU","LUX",2023,NA,83.309756097561
"Luxembourg","LU","LUX",2022,NA,82.9463414634147
"Luxembourg","LU","LUX",2021,NA,82.5975609756098
"Luxembourg","LU","LUX",2020,8.67476189540246,82.1439024390244
"Luxembourg","LU","LUX",2019,8.4591046194554,82.6390243902439
"Luxembourg","LU","LUX",2018,9.29178826573985,82.2951219512195
"Luxembourg","LU","LUX",2017,9.60846654630366,82.0951219512195
"Luxembourg","LU","LUX",2016,9.61318538725802,82.6853658536585
"Luxembourg","LU","LUX",2015,10.3915303158858,82.2926829268293
"Luxembourg","LU","LUX",2014,9.99782870623861,82.2292682926829
"Luxembourg","LU","LUX",2013,11.7081477939315,81.8
"Luxembourg","LU","LUX",2012,11.3764588719617,81.3926829268293
"Luxembourg","LU","LUX",2011,12.7279864121044,80.9878048780488
"Luxembourg","LU","LUX",2010,13.0161727518124,80.6317073170732
"Luxembourg","LU","LUX",2009,13.1583110063474,80.6365853658537
"Luxembourg","LU","LUX",2008,13.2608348415223,80.5390243902439
"Luxembourg","LU","LUX",2007,13.343666837051,79.3829268292683
"Luxembourg","LU","LUX",2006,13.4267295726474,79.2878048780488
"Luxembourg","LU","LUX",2005,13.5299456280254,79.4317073170732
"Luxembourg","LU","LUX",2004,13.6552282940809,79.1219512195122
"Luxembourg","LU","LUX",2003,13.7908891605103,77.7268292682927
"Luxembourg","LU","LUX",2002,13.9364482552271,77.9658536585366
"Luxembourg","LU","LUX",2001,14.0914256061452,77.8243902439025
"Luxembourg","LU","LUX",2000,14.2553412411783,77.8731707317073
"Luxembourg","LU","LUX",1999,14.5278419953626,77.7707317073171
"Luxembourg","LU","LUX",1998,14.9522792037852,77.0170731707317
"Luxembourg","LU","LUX",1997,15.4437296444363,76.880487804878
"Luxembourg","LU","LUX",1996,15.9172700953061,76.519512195122
"Luxembourg","LU","LUX",1995,16.2879773343848,76.5121951219512
"Luxembourg","LU","LUX",1994,16.5699028532251,76.3707317073171
"Luxembourg","LU","LUX",1993,16.8300207498885,75.7121951219512
"Luxembourg","LU","LUX",1992,17.0627917121286,75.7707317073171
"Luxembourg","LU","LUX",1991,17.2626764276988,75.4634146341463
"Luxembourg","LU","LUX",1990,17.4241355843529,74.7754878048781
"Luxembourg","LU","LUX",1989,NA,74.1226585365854
"Luxembourg","LU","LUX",1988,NA,74.1201951219512
"Luxembourg","LU","LUX",1987,NA,73.7223414634146
"Luxembourg","LU","LUX",1986,NA,73.952512195122
"Luxembourg","LU","LUX",1985,NA,73.1336097560976
"Luxembourg","LU","LUX",1984,NA,72.5807073170732
"Luxembourg","LU","LUX",1983,NA,72.8511951219512
"Luxembourg","LU","LUX",1982,NA,72.0555853658537
"Luxembourg","LU","LUX",1981,NA,71.9679268292683
"Luxembourg","LU","LUX",1980,NA,72.2581707317073
"Luxembourg","LU","LUX",1979,NA,72.1766585365854
"Luxembourg","LU","LUX",1978,NA,71.4146341463415
"Luxembourg","LU","LUX",1977,NA,71.4241463414634
"Luxembourg","LU","LUX",1976,NA,70.2204146341464
"Luxembourg","LU","LUX",1975,NA,70.3182195121951
"Luxembourg","LU","LUX",1974,NA,70.1996341463415
"Luxembourg","LU","LUX",1973,NA,70.3344390243903
"Luxembourg","LU","LUX",1972,NA,70.4433658536585
"Luxembourg","LU","LUX",1971,NA,69.2398536585366
"Luxembourg","LU","LUX",1970,NA,69.2080975609756
"Luxembourg","LU","LUX",1969,NA,69.7166829268293
"Luxembourg","LU","LUX",1968,NA,69.974756097561
"Luxembourg","LU","LUX",1967,NA,69.4889268292683
"Luxembourg","LU","LUX",1966,NA,68.9003658536585
"Luxembourg","LU","LUX",1965,NA,69.2268536585366
"Luxembourg","LU","LUX",1964,NA,68.8656829268293
"Luxembourg","LU","LUX",1963,NA,68.6719756097561
"Luxembourg","LU","LUX",1962,NA,68.4317317073171
"Luxembourg","LU","LUX",1961,NA,69.1529268292683
"Luxembourg","LU","LUX",1960,NA,68.8005609756098
"Macao SAR, China","MO","MAC",2023,NA,83.1804878048781
"Macao SAR, China","MO","MAC",2022,NA,83.0804878048781
"Macao SAR, China","MO","MAC",2021,NA,83.7292682926829
"Macao SAR, China","MO","MAC",2020,NA,84.1292682926829
"Macao SAR, China","MO","MAC",2019,NA,83.9292682926829
"Macao SAR, China","MO","MAC",2018,NA,83.6780487804878
"Macao SAR, China","MO","MAC",2017,NA,83.5268292682927
"Macao SAR, China","MO","MAC",2016,NA,83.2756097560976
"Macao SAR, China","MO","MAC",2015,NA,83.2243902439024
"Macao SAR, China","MO","MAC",2014,NA,83.0219512195122
"Macao SAR, China","MO","MAC",2013,NA,82.7219512195122
"Macao SAR, China","MO","MAC",2012,NA,82.4707317073171
"Macao SAR, China","MO","MAC",2011,NA,82.4707317073171
"Macao SAR, China","MO","MAC",2010,NA,82.2731707317073
"Macao SAR, China","MO","MAC",2009,NA,82.1756097560976
"Macao SAR, China","MO","MAC",2008,NA,82.0268292682927
"Macao SAR, China","MO","MAC",2007,NA,81.7292682926829
"Macao SAR, China","MO","MAC",2006,NA,81.7292682926829
"Macao SAR, China","MO","MAC",2005,NA,81.3414634146341
"Macao SAR, China","MO","MAC",2004,NA,80.9926829268293
"Macao SAR, China","MO","MAC",2003,NA,81.0439024390244
"Macao SAR, China","MO","MAC",2002,NA,80.9463414634146
"Macao SAR, China","MO","MAC",2001,NA,80.5878048780488
"Macao SAR, China","MO","MAC",2000,NA,80.1829268292683
"Macao SAR, China","MO","MAC",1999,NA,78.9951219512195
"Macao SAR, China","MO","MAC",1998,NA,78.2463414634146
"Macao SAR, China","MO","MAC",1997,NA,77.6463414634146
"Macao SAR, China","MO","MAC",1996,NA,77.5439024390244
"Macao SAR, China","MO","MAC",1995,NA,76.7585365853659
"Macao SAR, China","MO","MAC",1994,NA,77.2664878048781
"Macao SAR, China","MO","MAC",1993,NA,77.3012682926829
"Macao SAR, China","MO","MAC",1992,NA,76.8933170731707
"Macao SAR, China","MO","MAC",1991,NA,76.4601219512195
"Macao SAR, China","MO","MAC",1990,NA,76.3986829268293
"Macao SAR, China","MO","MAC",1989,NA,76.0493658536586
"Macao SAR, China","MO","MAC",1988,NA,75.3718536585366
"Macao SAR, China","MO","MAC",1987,NA,74.9958292682927
"Macao SAR, China","MO","MAC",1986,NA,74.814512195122
"Macao SAR, China","MO","MAC",1985,NA,74.5358048780488
"Macao SAR, China","MO","MAC",1984,NA,74.0673902439025
"Macao SAR, China","MO","MAC",1983,NA,73.906512195122
"Macao SAR, China","MO","MAC",1982,NA,73.7552926829268
"Macao SAR, China","MO","MAC",1981,NA,73.1919756097561
"Macao SAR, China","MO","MAC",1980,NA,72.7648292682927
"Macao SAR, China","MO","MAC",1979,NA,72.3346829268293
"Macao SAR, China","MO","MAC",1978,NA,71.9051463414634
"Macao SAR, China","MO","MAC",1977,NA,71.3875365853659
"Macao SAR, China","MO","MAC",1976,NA,71.4869756097561
"Macao SAR, China","MO","MAC",1975,NA,70.7074390243902
"Macao SAR, China","MO","MAC",1974,NA,70.5503902439024
"Macao SAR, China","MO","MAC",1973,NA,70.1881463414634
"Macao SAR, China","MO","MAC",1972,NA,69.6813902439025
"Macao SAR, China","MO","MAC",1971,NA,69.1089268292683
"Macao SAR, China","MO","MAC",1970,NA,68.6991463414634
"Macao SAR, China","MO","MAC",1969,NA,68.1946341463415
"Macao SAR, China","MO","MAC",1968,NA,67.945
"Macao SAR, China","MO","MAC",1967,NA,67.3226829268293
"Macao SAR, China","MO","MAC",1966,NA,66.7044146341464
"Macao SAR, China","MO","MAC",1965,NA,66.2214634146342
"Macao SAR, China","MO","MAC",1964,NA,65.8860731707317
"Macao SAR, China","MO","MAC",1963,NA,65.4913414634146
"Macao SAR, China","MO","MAC",1962,NA,64.9175365853659
"Macao SAR, China","MO","MAC",1961,NA,64.311
"Macao SAR, China","MO","MAC",1960,NA,63.780756097561
"Madagascar","MG","MDG",2023,NA,63.632
"Madagascar","MG","MDG",2022,NA,63.068
"Madagascar","MG","MDG",2021,NA,62.516
"Madagascar","MG","MDG",2020,12.7535199510191,62.706
"Madagascar","MG","MDG",2019,12.7945386496097,63.504
"Madagascar","MG","MDG",2018,12.7238095692816,63.491
"Madagascar","MG","MDG",2017,12.5514997924024,63.433
"Madagascar","MG","MDG",2016,16.138736457425,63.431
"Madagascar","MG","MDG",2015,16.0777176618248,63.362
"Madagascar","MG","MDG",2014,15.00220058015,63.261
"Madagascar","MG","MDG",2013,15.504951948252,63.161
"Madagascar","MG","MDG",2012,14.7009701749296,63.007
"Madagascar","MG","MDG",2011,16.0170178085428,62.86
"Madagascar","MG","MDG",2010,14.5239072617107,62.597
"Madagascar","MG","MDG",2009,13.9245557793887,62.304
"Madagascar","MG","MDG",2008,13.4665519107277,61.992
"Madagascar","MG","MDG",2007,13.11900191265,61.533
"Madagascar","MG","MDG",2006,12.851012042078,61.14
"Madagascar","MG","MDG",2005,12.631688555934,60.664
"Madagascar","MG","MDG",2004,12.4562272679398,60.168
"Madagascar","MG","MDG",2003,12.3230044849761,59.693
"Madagascar","MG","MDG",2002,12.2058972037035,59.17
"Madagascar","MG","MDG",2001,12.0787824207825,58.674
"Madagascar","MG","MDG",2000,11.9155371328738,57.974
"Madagascar","MG","MDG",1999,11.6422268929322,57.434
"Madagascar","MG","MDG",1998,11.2652709154628,56.803
"Madagascar","MG","MDG",1997,10.8790766894523,56.127
"Madagascar","MG","MDG",1996,10.5780517038872,55.477
"Madagascar","MG","MDG",1995,10.4566034477541,54.845
"Madagascar","MG","MDG",1994,10.4584863288183,54.247
"Madagascar","MG","MDG",1993,10.4724571610767,53.733
"Madagascar","MG","MDG",1992,10.5104270428628,52.946
"Madagascar","MG","MDG",1991,10.5843070725103,52.555
"Madagascar","MG","MDG",1990,10.7060083483529,52.14
"Madagascar","MG","MDG",1989,NA,51.816
"Madagascar","MG","MDG",1988,NA,51.425
"Madagascar","MG","MDG",1987,NA,51.098
"Madagascar","MG","MDG",1986,NA,50.651
"Madagascar","MG","MDG",1985,NA,50.406
"Madagascar","MG","MDG",1984,NA,50.209
"Madagascar","MG","MDG",1983,NA,50.107
"Madagascar","MG","MDG",1982,NA,50.009
"Madagascar","MG","MDG",1981,NA,49.806
"Madagascar","MG","MDG",1980,NA,49.984
"Madagascar","MG","MDG",1979,NA,50.059
"Madagascar","MG","MDG",1978,NA,50.017
"Madagascar","MG","MDG",1977,NA,49.945
"Madagascar","MG","MDG",1976,NA,49.8
"Madagascar","MG","MDG",1975,NA,49.596
"Madagascar","MG","MDG",1974,NA,49.303
"Madagascar","MG","MDG",1973,NA,48.921
"Madagascar","MG","MDG",1972,NA,48.507
"Madagascar","MG","MDG",1971,NA,48.204
"Madagascar","MG","MDG",1970,NA,47.898
"Madagascar","MG","MDG",1969,NA,47.322
"Madagascar","MG","MDG",1968,NA,46.932
"Madagascar","MG","MDG",1967,NA,46.457
"Madagascar","MG","MDG",1966,NA,45.98
"Madagascar","MG","MDG",1965,NA,45.447
"Madagascar","MG","MDG",1964,NA,45.037
"Madagascar","MG","MDG",1963,NA,44.626
"Madagascar","MG","MDG",1962,NA,44.185
"Madagascar","MG","MDG",1961,NA,43.79
"Madagascar","MG","MDG",1960,NA,43.349
"Malawi","MW","MWI",2023,NA,67.353
"Malawi","MW","MWI",2022,NA,66.037
"Malawi","MW","MWI",2021,NA,64.782
"Malawi","MW","MWI",2020,23.6983194353464,65.216
"Malawi","MW","MWI",2019,22.3370229833525,64.995
"Malawi","MW","MWI",2018,21.1973847101807,64.464
"Malawi","MW","MWI",2017,21.2909459360983,63.914
"Malawi","MW","MWI",2016,24.9604610605181,63.163
"Malawi","MW","MWI",2015,25.0076393017599,62.324
"Malawi","MW","MWI",2014,25.9973398435068,61.651
"Malawi","MW","MWI",2013,25.3524122563691,60.816
"Malawi","MW","MWI",2012,26.4999840992823,59.87
"Malawi","MW","MWI",2011,26.3935444962185,58.859
"Malawi","MW","MWI",2010,24.3489614356053,57.787
"Malawi","MW","MWI",2009,23.7896054244456,56.714
"Malawi","MW","MWI",2008,23.3640822987324,55.715
"Malawi","MW","MWI",2007,23.0652506132744,54.687
"Malawi","MW","MWI",2006,22.88596892288,53.652
"Malawi","MW","MWI",2005,22.8190957823576,52.469
"Malawi","MW","MWI",2004,22.8344376653838,51.073
"Malawi","MW","MWI",2003,22.8887813812108,49.601
"Malawi","MW","MWI",2002,22.9554559880107,48.176
"Malawi","MW","MWI",2001,23.0077905439554,47.205
"Malawi","MW","MWI",2000,23.0191141072171,46.17
"Malawi","MW","MWI",1999,22.6882944969413,45.06
"Malawi","MW","MWI",1998,21.9255522142851,44.3
"Malawi","MW","MWI",1997,21.0212453404386,44.2
"Malawi","MW","MWI",1996,20.2657319565915,44.005
"Malawi","MW","MWI",1995,19.9493701439336,43.804
"Malawi","MW","MWI",1994,19.9994126150742,43.8
"Malawi","MW","MWI",1993,20.1703095108571,43.648
"Malawi","MW","MWI",1992,20.4932150548241,43.636
"Malawi","MW","MWI",1991,20.9992834705168,43.54
"Malawi","MW","MWI",1990,21.7196689814769,43.575
"Malawi","MW","MWI",1989,NA,43.515
"Malawi","MW","MWI",1988,NA,43.569
"Malawi","MW","MWI",1987,NA,43.902
"Malawi","MW","MWI",1986,NA,44.298
"Malawi","MW","MWI",1985,NA,44.568
"Malawi","MW","MWI",1984,NA,44.807
"Malawi","MW","MWI",1983,NA,44.974
"Malawi","MW","MWI",1982,NA,44.84
"Malawi","MW","MWI",1981,NA,44.72
"Malawi","MW","MWI",1980,NA,44.331
"Malawi","MW","MWI",1979,NA,43.703
"Malawi","MW","MWI",1978,NA,43.002
"Malawi","MW","MWI",1977,NA,41.979
"Malawi","MW","MWI",1976,NA,41.022
"Malawi","MW","MWI",1975,NA,40.079
"Malawi","MW","MWI",1974,NA,39.197
"Malawi","MW","MWI",1973,NA,38.355
"Malawi","MW","MWI",1972,NA,37.608
"Malawi","MW","MWI",1971,NA,37.095
"Malawi","MW","MWI",1970,NA,36.638
"Malawi","MW","MWI",1969,NA,36.301
"Malawi","MW","MWI",1968,NA,36.085
"Malawi","MW","MWI",1967,NA,35.941
"Malawi","MW","MWI",1966,NA,35.831
"Malawi","MW","MWI",1965,NA,35.74
"Malawi","MW","MWI",1964,NA,35.681
"Malawi","MW","MWI",1963,NA,35.643
"Malawi","MW","MWI",1962,NA,35.449
"Malawi","MW","MWI",1961,NA,35.23
"Malawi","MW","MWI",1960,NA,34.986
"Malaysia","MY","MYS",2023,NA,76.657
"Malaysia","MY","MYS",2022,NA,75.444
"Malaysia","MY","MYS",2021,NA,73.917
"Malaysia","MY","MYS",2020,16.1938532237922,76.057
"Malaysia","MY","MYS",2019,17.8197510834605,75.9
"Malaysia","MY","MYS",2018,16.6541753286852,75.734
"Malaysia","MY","MYS",2017,14.9450075810201,75.542
"Malaysia","MY","MYS",2016,16.3864419259472,75.371
"Malaysia","MY","MYS",2015,16.9297330913892,75.288
"Malaysia","MY","MYS",2014,17.1052502297433,75.345
"Malaysia","MY","MYS",2013,18.7954198873143,75.464
"Malaysia","MY","MYS",2012,17.9101382186238,75.552
"Malaysia","MY","MYS",2011,16.5543727413676,75.488
"Malaysia","MY","MYS",2010,17.5673365579308,75.376
"Malaysia","MY","MYS",2009,18.6838844595312,75.269
"Malaysia","MY","MYS",2008,19.9427014967672,75.151
"Malaysia","MY","MYS",2007,21.1584955616188,74.961
"Malaysia","MY","MYS",2006,22.1459745460658,74.697
"Malaysia","MY","MYS",2005,22.7198463420882,74.37
"Malaysia","MY","MYS",2004,22.9605064623849,74.027
"Malaysia","MY","MYS",2003,23.1072146751735,73.727
"Malaysia","MY","MYS",2002,23.2129752557118,73.469
"Malaysia","MY","MYS",2001,23.3307924792576,73.08
"Malaysia","MY","MYS",2000,23.5136706210687,72.732
"Malaysia","MY","MYS",1999,23.7755127809882,72.428
"Malaysia","MY","MYS",1998,24.0981600184721,72.385
"Malaysia","MY","MYS",1997,24.4865235481979,72.296
"Malaysia","MY","MYS",1996,24.9455145848429,72.119
"Malaysia","MY","MYS",1995,25.4800443430846,71.979
"Malaysia","MY","MYS",1994,26.217090418451,71.865
"Malaysia","MY","MYS",1993,27.2443774244997,71.721
"Malaysia","MY","MYS",1992,28.5079371029528,71.483
"Malaysia","MY","MYS",1991,29.9538011955323,71.219
"Malaysia","MY","MYS",1990,31.5280014439601,70.952
"Malaysia","MY","MYS",1989,NA,70.759
"Malaysia","MY","MYS",1988,NA,70.551
"Malaysia","MY","MYS",1987,NA,70.351
"Malaysia","MY","MYS",1986,NA,70.133
"Malaysia","MY","MYS",1985,NA,69.863
"Malaysia","MY","MYS",1984,NA,69.551
"Malaysia","MY","MYS",1983,NA,69.205
"Malaysia","MY","MYS",1982,NA,68.876
"Malaysia","MY","MYS",1981,NA,68.461
"Malaysia","MY","MYS",1980,NA,68.061
"Malaysia","MY","MYS",1979,NA,67.607
"Malaysia","MY","MYS",1978,NA,67.17
"Malaysia","MY","MYS",1977,NA,66.72
"Malaysia","MY","MYS",1976,NA,66.233
"Malaysia","MY","MYS",1975,NA,65.697
"Malaysia","MY","MYS",1974,NA,65.204
"Malaysia","MY","MYS",1973,NA,64.725
"Malaysia","MY","MYS",1972,NA,64.232
"Malaysia","MY","MYS",1971,NA,63.77
"Malaysia","MY","MYS",1970,NA,63.298
"Malaysia","MY","MYS",1969,NA,62.868
"Malaysia","MY","MYS",1968,NA,62.443
"Malaysia","MY","MYS",1967,NA,62.044
"Malaysia","MY","MYS",1966,NA,61.679
"Malaysia","MY","MYS",1965,NA,61.144
"Malaysia","MY","MYS",1964,NA,60.448
"Malaysia","MY","MYS",1963,NA,59.667
"Malaysia","MY","MYS",1962,NA,58.855
"Malaysia","MY","MYS",1961,NA,58.015
"Malaysia","MY","MYS",1960,NA,57.168
"Maldives","MV","MDV",2023,NA,81.041
"Maldives","MV","MDV",2022,NA,80.76
"Maldives","MV","MDV",2021,NA,78.052
"Maldives","MV","MDV",2020,12.0123911668511,78.713
"Maldives","MV","MDV",2019,12.3139819141366,79.707
"Maldives","MV","MDV",2018,12.5034619255463,79.433
"Maldives","MV","MDV",2017,11.3333706146388,79.228
"Maldives","MV","MDV",2016,12.3754871852488,78.913
"Maldives","MV","MDV",2015,10.8085614263778,78.607
"Maldives","MV","MDV",2014,11.7258427261492,78.187
"Maldives","MV","MDV",2013,13.2401139246132,77.847
"Maldives","MV","MDV",2012,12.9660175970021,77.512
"Maldives","MV","MDV",2011,12.0739554274487,77.141
"Maldives","MV","MDV",2010,13.4528363324173,76.756
"Maldives","MV","MDV",2009,14.1948586495215,76.371
"Maldives","MV","MDV",2008,14.8140192009535,75.999
"Maldives","MV","MDV",2007,15.3180015217339,75.711
"Maldives","MV","MDV",2006,15.7144891468831,75.256
"Maldives","MV","MDV",2005,16.0111656114217,74.785
"Maldives","MV","MDV",2004,16.2049659271931,73.008
"Maldives","MV","MDV",2003,16.3251633783939,73.263
"Maldives","MV","MDV",2002,16.4279489085745,72.36
"Maldives","MV","MDV",2001,16.5695134612853,71.659
"Maldives","MV","MDV",2000,16.8060479800766,70.892
"Maldives","MV","MDV",1999,17.4100300576965,70.157
"Maldives","MV","MDV",1998,18.431563596103,69.303
"Maldives","MV","MDV",1997,19.5932790026621,68.517
"Maldives","MV","MDV",1996,20.6178066847396,67.734
"Maldives","MV","MDV",1995,21.2277770497012,66.962
"Maldives","MV","MDV",1994,21.5241296989471,66.197
"Maldives","MV","MDV",1993,21.7790766929686,65.434
"Maldives","MV","MDV",1992,21.9721571277678,64.664
"Maldives","MV","MDV",1991,22.0829100993471,63.911
"Maldives","MV","MDV",1990,22.0908747037086,63.148
"Maldives","MV","MDV",1989,NA,62.375
"Maldives","MV","MDV",1988,NA,61.59
"Maldives","MV","MDV",1987,NA,60.789
"Maldives","MV","MDV",1986,NA,59.993
"Maldives","MV","MDV",1985,NA,59.18
"Maldives","MV","MDV",1984,NA,58.341
"Maldives","MV","MDV",1983,NA,57.484
"Maldives","MV","MDV",1982,NA,56.614
"Maldives","MV","MDV",1981,NA,55.729
"Maldives","MV","MDV",1980,NA,54.819
"Maldives","MV","MDV",1979,NA,53.871
"Maldives","MV","MDV",1978,NA,50.448
"Maldives","MV","MDV",1977,NA,51.835
"Maldives","MV","MDV",1976,NA,50.753
"Maldives","MV","MDV",1975,NA,49.645
"Maldives","MV","MDV",1974,NA,48.535
"Maldives","MV","MDV",1973,NA,47.459
"Maldives","MV","MDV",1972,NA,46.431
"Maldives","MV","MDV",1971,NA,45.454
"Maldives","MV","MDV",1970,NA,44.522
"Maldives","MV","MDV",1969,NA,43.654
"Maldives","MV","MDV",1968,NA,42.852
"Maldives","MV","MDV",1967,NA,42.106
"Maldives","MV","MDV",1966,NA,41.406
"Maldives","MV","MDV",1965,NA,40.759
"Maldives","MV","MDV",1964,NA,40.152
"Maldives","MV","MDV",1963,NA,39.593
"Maldives","MV","MDV",1962,NA,39.09
"Maldives","MV","MDV",1961,NA,38.645
"Maldives","MV","MDV",1960,NA,38.244
"Mali","ML","MLI",2023,NA,60.439
"Mali","ML","MLI",2022,NA,60.035
"Mali","ML","MLI",2021,NA,59.116
"Mali","ML","MLI",2020,56.7830489222988,58.858
"Mali","ML","MLI",2019,57.3904374306355,59.217
"Mali","ML","MLI",2018,63.6849309047317,58.873
"Mali","ML","MLI",2017,66.774344334826,58.562
"Mali","ML","MLI",2016,66.1872302945193,58.286
"Mali","ML","MLI",2015,74.1479908356132,57.852
"Mali","ML","MLI",2014,56.4785819386307,57.482
"Mali","ML","MLI",2013,51.3368303515499,57.052
"Mali","ML","MLI",2012,69.8937111183001,56.696
"Mali","ML","MLI",2011,62.4509373481651,56.367
"Mali","ML","MLI",2010,67.7178277488734,55.993
"Mali","ML","MLI",2009,67.2243304991712,55.588
"Mali","ML","MLI",2008,66.0478983611385,55.187
"Mali","ML","MLI",2007,64.6438551699259,54.756
"Mali","ML","MLI",2006,63.4675247606838,54.305
"Mali","ML","MLI",2005,62.9742309685626,53.792
"Mali","ML","MLI",2004,63.1874536293344,53.253
"Mali","ML","MLI",2003,63.6958519756611,52.632
"Mali","ML","MLI",2002,64.3025189380275,51.995
"Mali","ML","MLI",2001,64.8105474469184,51.3
"Mali","ML","MLI",2000,65.0230304328187,50.605
"Mali","ML","MLI",1999,64.4343276224778,50.06
"Mali","ML","MLI",1998,63.0318362093684,49.592
"Mali","ML","MLI",1997,61.3582053240608,49.086
"Mali","ML","MLI",1996,59.9560840971248,48.5
"Mali","ML","MLI",1995,59.3681216591306,48.292
"Mali","ML","MLI",1994,59.6399791495856,47.914
"Mali","ML","MLI",1993,60.4425055810915,47.586
"Mali","ML","MLI",1992,61.7561318938592,47.238
"Mali","ML","MLI",1991,63.5612890280999,46.889
"Mali","ML","MLI",1990,65.8384079240246,46.541
"Mali","ML","MLI",1989,NA,46.237
"Mali","ML","MLI",1988,NA,45.72
"Mali","ML","MLI",1987,NA,45.228
"Mali","ML","MLI",1986,NA,44.62
"Mali","ML","MLI",1985,NA,43.921
"Mali","ML","MLI",1984,NA,43.396
"Mali","ML","MLI",1983,NA,42.748
"Mali","ML","MLI",1982,NA,41.804
"Mali","ML","MLI",1981,NA,40.984
"Mali","ML","MLI",1980,NA,40.266
"Mali","ML","MLI",1979,NA,39.506
"Mali","ML","MLI",1978,NA,38.761
"Mali","ML","MLI",1977,NA,37.986
"Mali","ML","MLI",1976,NA,37.204
"Mali","ML","MLI",1975,NA,36.484
"Mali","ML","MLI",1974,NA,35.749
"Mali","ML","MLI",1973,NA,35.087
"Mali","ML","MLI",1972,NA,34.507
"Mali","ML","MLI",1971,NA,33.804
"Mali","ML","MLI",1970,NA,33.396
"Mali","ML","MLI",1969,NA,32.871
"Mali","ML","MLI",1968,NA,32.568
"Mali","ML","MLI",1967,NA,32.197
"Mali","ML","MLI",1966,NA,31.792
"Mali","ML","MLI",1965,NA,31.529
"Mali","ML","MLI",1964,NA,31.231
"Mali","ML","MLI",1963,NA,31.02
"Mali","ML","MLI",1962,NA,30.833
"Mali","ML","MLI",1961,NA,30.637
"Mali","ML","MLI",1960,NA,30.459
"Malta","MT","MLT",2023,NA,83.3560975609756
"Malta","MT","MLT",2022,NA,82.2975609756098
"Malta","MT","MLT",2021,NA,82.2585365853659
"Malta","MT","MLT",2020,11.7226648774147,82.0975609756098
"Malta","MT","MLT",2019,12.5909175285117,82.6585365853659
"Malta","MT","MLT",2018,13.1132959646537,82.2487804878049
"Malta","MT","MLT",2017,12.9026022733936,82.1951219512195
"Malta","MT","MLT",2016,12.5325633579629,82.3536585365854
"Malta","MT","MLT",2015,13.6814730924333,81.7975609756098
"Malta","MT","MLT",2014,13.4804864315632,81.8951219512195
"Malta","MT","MLT",2013,13.3766872999129,81.7463414634146
"Malta","MT","MLT",2012,14.106355803411,80.7463414634146
"Malta","MT","MLT",2011,16.1027075945735,80.7463414634146
"Malta","MT","MLT",2010,17.06318547053,81.3975609756098
"Malta","MT","MLT",2009,17.0278871570001,80.2414634146342
"Malta","MT","MLT",2008,16.9437142555058,79.6365853658537
"Malta","MT","MLT",2007,16.8432498246899,79.7926829268293
"Malta","MT","MLT",2006,16.7590769231956,79.4390243902439
"Malta","MT","MLT",2005,16.7237786096657,79.3
"Malta","MT","MLT",2004,16.7881718920403,79.2536585365854
"Malta","MT","MLT",2003,16.9496741589384,78.5463414634146
"Malta","MT","MLT",2002,17.1607690400214,78.7390243902439
"Malta","MT","MLT",2001,17.3739401649506,78.8439024390244
"Malta","MT","MLT",2000,17.5416711633875,78.3487804878049
"Malta","MT","MLT",1999,17.6992378983127,77.5
"Malta","MT","MLT",1998,17.8888838498521,77.5878048780488
"Malta","MT","MLT",1997,18.0735440733844,77.7390243902439
"Malta","MT","MLT",1996,18.2161536242885,77.3414634146342
"Malta","MT","MLT",1995,18.2796475579434,77.290243902439
"Malta","MT","MLT",1994,18.2821854722022,76.8329756097561
"Malta","MT","MLT",1993,18.2645300882994,76.7196097560976
"Malta","MT","MLT",1992,18.2235211466855,76.5651219512195
"Malta","MT","MLT",1991,18.1559983878108,76.3776341463415
"Malta","MT","MLT",1990,18.0588015521258,76.0459268292683
"Malta","MT","MLT",1989,NA,76.0512926829268
"Malta","MT","MLT",1988,NA,75.7509024390244
"Malta","MT","MLT",1987,NA,75.1933170731707
"Malta","MT","MLT",1986,NA,74.393512195122
"Malta","MT","MLT",1985,NA,73.7640731707317
"Malta","MT","MLT",1984,NA,73.2111707317073
"Malta","MT","MLT",1983,NA,73.0011463414634
"Malta","MT","MLT",1982,NA,72.7255853658537
"Malta","MT","MLT",1981,NA,72.2716585365854
"Malta","MT","MLT",1980,NA,72.2183902439025
"Malta","MT","MLT",1979,NA,72.3917073170732
"Malta","MT","MLT",1978,NA,72.2289268292683
"Malta","MT","MLT",1977,NA,72.2178048780488
"Malta","MT","MLT",1976,NA,72.0916097560976
"Malta","MT","MLT",1975,NA,71.9532195121951
"Malta","MT","MLT",1974,NA,71.8290731707317
"Malta","MT","MLT",1973,NA,71.2199268292683
"Malta","MT","MLT",1972,NA,70.5963170731707
"Malta","MT","MLT",1971,NA,70.0765365853659
"Malta","MT","MLT",1970,NA,70.2849512195122
"Malta","MT","MLT",1969,NA,69.9741463414634
"Malta","MT","MLT",1968,NA,69.8187804878049
"Malta","MT","MLT",1967,NA,69.710512195122
"Malta","MT","MLT",1966,NA,69.6580975609756
"Malta","MT","MLT",1965,NA,69.3719024390244
"Malta","MT","MLT",1964,NA,69.2581951219512
"Malta","MT","MLT",1963,NA,69.158512195122
"Malta","MT","MLT",1962,NA,69.0752682926829
"Malta","MT","MLT",1961,NA,68.3216341463415
"Malta","MT","MLT",1960,NA,68.3440975609756
"Marshall Islands","MH","MHL",2023,NA,66.945
"Marshall Islands","MH","MHL",2022,NA,66.725
"Marshall Islands","MH","MHL",2021,NA,65.421
"Marshall Islands","MH","MHL",2020,10.7256194470999,65.387
"Marshall Islands","MH","MHL",2019,10.8031103210849,66.047
"Marshall Islands","MH","MHL",2018,10.5429075377745,65.87
"Marshall Islands","MH","MHL",2017,10.3834288658063,65.673
"Marshall Islands","MH","MHL",2016,10.3445553141009,65.477
"Marshall Islands","MH","MHL",2015,10.2729137216564,65.292
"Marshall Islands","MH","MHL",2014,10.5406282383918,65.11
"Marshall Islands","MH","MHL",2013,10.7702518000594,64.954
"Marshall Islands","MH","MHL",2012,10.7837985370275,64.776
"Marshall Islands","MH","MHL",2011,10.8904925373821,64.641
"Marshall Islands","MH","MHL",2010,11.0678482962163,64.498
"Marshall Islands","MH","MHL",2009,11.1952312720186,64.395
"Marshall Islands","MH","MHL",2008,11.3101280862676,64.3
"Marshall Islands","MH","MHL",2007,11.4137679941335,64.259
"Marshall Islands","MH","MHL",2006,11.5073802507863,64.207
"Marshall Islands","MH","MHL",2005,11.5921941113958,64.112
"Marshall Islands","MH","MHL",2004,11.6826421251605,64.044
"Marshall Islands","MH","MHL",2003,11.7796777907771,63.956
"Marshall Islands","MH","MHL",2002,11.864311787664,63.848
"Marshall Islands","MH","MHL",2001,11.9175547952393,63.735
"Marshall Islands","MH","MHL",2000,11.920417492921,63.323
"Marshall Islands","MH","MHL",1999,11.7918822402198,63.421
"Marshall Islands","MH","MHL",1998,11.5257813942483,63.218
"Marshall Islands","MH","MHL",1997,11.2154006308282,63.015
"Marshall Islands","MH","MHL",1996,10.9540256257813,62.765
"Marshall Islands","MH","MHL",1995,10.8349420549292,62.515
"Marshall Islands","MH","MHL",1994,10.8311441541085,62.308
"Marshall Islands","MH","MHL",1993,10.8599006817447,62.085
"Marshall Islands","MH","MHL",1992,10.9309090975432,61.9
"Marshall Islands","MH","MHL",1991,11.053866861209,61.792
"Marshall Islands","MH","MHL",1990,11.2384714324474,61.756
"Marshall Islands","MH","MHL",1989,NA,61.733
"Marshall Islands","MH","MHL",1988,NA,61.778
"Marshall Islands","MH","MHL",1987,NA,61.808
"Marshall Islands","MH","MHL",1986,NA,61.778
"Marshall Islands","MH","MHL",1985,NA,61.712
"Marshall Islands","MH","MHL",1984,NA,61.602
"Marshall Islands","MH","MHL",1983,NA,61.452
"Marshall Islands","MH","MHL",1982,NA,61.293
"Marshall Islands","MH","MHL",1981,NA,61.139
"Marshall Islands","MH","MHL",1980,NA,60.989
"Marshall Islands","MH","MHL",1979,NA,60.845
"Marshall Islands","MH","MHL",1978,NA,60.701
"Marshall Islands","MH","MHL",1977,NA,60.572
"Marshall Islands","MH","MHL",1976,NA,60.416
"Marshall Islands","MH","MHL",1975,NA,60.273
"Marshall Islands","MH","MHL",1974,NA,60.12
"Marshall Islands","MH","MHL",1973,NA,59.833
"Marshall Islands","MH","MHL",1972,NA,59.491
"Marshall Islands","MH","MHL",1971,NA,59.133
"Marshall Islands","MH","MHL",1970,NA,58.798
"Marshall Islands","MH","MHL",1969,NA,58.504
"Marshall Islands","MH","MHL",1968,NA,58.192
"Marshall Islands","MH","MHL",1967,NA,57.764
"Marshall Islands","MH","MHL",1966,NA,57.284
"Marshall Islands","MH","MHL",1965,NA,56.779
"Marshall Islands","MH","MHL",1964,NA,56.265
"Marshall Islands","MH","MHL",1963,NA,55.739
"Marshall Islands","MH","MHL",1962,NA,55.214
"Marshall Islands","MH","MHL",1961,NA,54.725
"Marshall Islands","MH","MHL",1960,NA,54.359
"Mauritania","MR","MRT",2023,NA,68.484
"Mauritania","MR","MRT",2022,NA,68.281
"Mauritania","MR","MRT",2021,NA,66.762
"Mauritania","MR","MRT",2020,70.8224442103687,66.794
"Mauritania","MR","MRT",2019,72.1994109024446,67.64
"Mauritania","MR","MRT",2018,75.8344786877967,67.419
"Mauritania","MR","MRT",2017,79.9744180761698,67.088
"Mauritania","MR","MRT",2016,76.5480652857383,66.823
"Mauritania","MR","MRT",2015,83.0276343912381,66.498
"Mauritania","MR","MRT",2014,64.1516470310952,66.207
"Mauritania","MR","MRT",2013,64.5065697786296,65.89
"Mauritania","MR","MRT",2012,83.0360920761507,65.808
"Mauritania","MR","MRT",2011,72.9883129496202,65.754
"Mauritania","MR","MRT",2010,72.922833397118,65.661
"Mauritania","MR","MRT",2009,72.8076395597426,65.485
"Mauritania","MR","MRT",2008,72.6232952017021,65.233
"Mauritania","MR","MRT",2007,72.4345808297417,64.885
"Mauritania","MR","MRT",2006,72.3062769506067,64.493
"Mauritania","MR","MRT",2005,72.3031640710423,63.92
"Mauritania","MR","MRT",2004,73.685586553145,63.369
"Mauritania","MR","MRT",2003,76.8650180022067,62.805
"Mauritania","MR","MRT",2002,80.6329327897663,62.249
"Mauritania","MR","MRT",2001,83.7808052873624,61.662
"Mauritania","MR","MRT",2000,85.1001098665338,61.044
"Mauritania","MR","MRT",1999,84.8848731069103,60.443
"Mauritania","MR","MRT",1998,84.3347956949887,59.89
"Mauritania","MR","MRT",1997,83.5998631626084,59.417
"Mauritania","MR","MRT",1996,82.8300610416086,58.915
"Mauritania","MR","MRT",1995,82.1753748638286,58.861
"Mauritania","MR","MRT",1994,81.5788894985422,58.763
"Mauritania","MR","MRT",1993,80.8979442960688,58.733
"Mauritania","MR","MRT",1992,80.1539065098159,58.568
"Mauritania","MR","MRT",1991,79.368143393191,58.291
"Mauritania","MR","MRT",1990,78.5620221996016,58.087
"Mauritania","MR","MRT",1989,NA,57.699
"Mauritania","MR","MRT",1988,NA,57.483
"Mauritania","MR","MRT",1987,NA,56.964
"Mauritania","MR","MRT",1986,NA,56.323
"Mauritania","MR","MRT",1985,NA,55.808
"Mauritania","MR","MRT",1984,NA,55.195
"Mauritania","MR","MRT",1983,NA,54.58
"Mauritania","MR","MRT",1982,NA,54.229
"Mauritania","MR","MRT",1981,NA,53.684
"Mauritania","MR","MRT",1980,NA,53.204
"Mauritania","MR","MRT",1979,NA,52.763
"Mauritania","MR","MRT",1978,NA,52.349
"Mauritania","MR","MRT",1977,NA,51.998
"Mauritania","MR","MRT",1976,NA,51.77
"Mauritania","MR","MRT",1975,NA,51.571
"Mauritania","MR","MRT",1974,NA,51.432
"Mauritania","MR","MRT",1973,NA,51.216
"Mauritania","MR","MRT",1972,NA,51.037
"Mauritania","MR","MRT",1971,NA,50.757
"Mauritania","MR","MRT",1970,NA,50.544
"Mauritania","MR","MRT",1969,NA,50.085
"Mauritania","MR","MRT",1968,NA,49.507
"Mauritania","MR","MRT",1967,NA,48.893
"Mauritania","MR","MRT",1966,NA,48.135
"Mauritania","MR","MRT",1965,NA,47.36
"Mauritania","MR","MRT",1964,NA,46.581
"Mauritania","MR","MRT",1963,NA,45.794
"Mauritania","MR","MRT",1962,NA,45.047
"Mauritania","MR","MRT",1961,NA,44.307
"Mauritania","MR","MRT",1960,NA,43.611
"Mauritius","MU","MUS",2023,NA,73.4121951219512
"Mauritius","MU","MUS",2022,NA,73.5146341463415
"Mauritius","MU","MUS",2021,NA,73.680243902439
"Mauritius","MU","MUS",2020,9.15296880580014,74.1770731707317
"Mauritius","MU","MUS",2019,9.27666690706869,74.2358536585366
"Mauritius","MU","MUS",2018,9.64568180967703,74.4163414634146
"Mauritius","MU","MUS",2017,8.99594985085889,74.5146341463415
"Mauritius","MU","MUS",2016,8.98829540881102,74.3948780487805
"Mauritius","MU","MUS",2015,9.13027374403697,74.3531707317073
"Mauritius","MU","MUS",2014,9.44659217541541,74.1943902439024
"Mauritius","MU","MUS",2013,9.57883414266686,74.0170731707317
"Mauritius","MU","MUS",2012,9.10271819827775,73.8634146341464
"Mauritius","MU","MUS",2011,9.3272356948409,73.2668292682927
"Mauritius","MU","MUS",2010,9.39539257571533,72.9673170731707
"Mauritius","MU","MUS",2009,9.65965831021468,72.8824390243903
"Mauritius","MU","MUS",2008,10.1292281649105,72.5707317073171
"Mauritius","MU","MUS",2007,10.6524254237964,72.5707317073171
"Mauritius","MU","MUS",2006,11.077573370866,72.4321951219512
"Mauritius","MU","MUS",2005,11.2529952901128,72.4321951219512
"Mauritius","MU","MUS",2004,11.0630250613817,72.2658536585366
"Mauritius","MU","MUS",2003,10.6053806231737,72.1170731707317
"Mauritius","MU","MUS",2002,10.0484613474665,71.9658536585366
"Mauritius","MU","MUS",2001,9.56066660623812,71.7658536585366
"Mauritius","MU","MUS",2000,9.31039577146635,71.6634146341463
"Mauritius","MU","MUS",1999,9.24851776002852,70.9609756097561
"Mauritius","MU","MUS",1998,9.20693916359492,70.6073170731707
"Mauritius","MU","MUS",1997,9.17561586633295,70.4048780487805
"Mauritius","MU","MUS",1996,9.14450375240997,70.3229268292683
"Mauritius","MU","MUS",1995,9.10355870599335,70.3258536585366
"Mauritius","MU","MUS",1994,9.04823738227919,70.1585365853659
"Mauritius","MU","MUS",1993,8.98194524893838,70.1073170731707
"Mauritius","MU","MUS",1992,8.9065614088505,70.0585365853659
"Mauritius","MU","MUS",1991,8.82396496489513,69.9560975609756
"Mauritius","MU","MUS",1990,8.73603501995186,69.4048780487805
"Mauritius","MU","MUS",1989,NA,69.6791219512195
"Mauritius","MU","MUS",1988,NA,69.5606097560976
"Mauritius","MU","MUS",1987,NA,69.2877073170732
"Mauritius","MU","MUS",1986,NA,68.9978048780488
"Mauritius","MU","MUS",1985,NA,68.855512195122
"Mauritius","MU","MUS",1984,NA,68.7760243902439
"Mauritius","MU","MUS",1983,NA,68.5459024390244
"Mauritius","MU","MUS",1982,NA,68.0819756097561
"Mauritius","MU","MUS",1981,NA,67.4061463414634
"Mauritius","MU","MUS",1980,NA,66.7709024390244
"Mauritius","MU","MUS",1979,NA,66.3225365853659
"Mauritius","MU","MUS",1978,NA,65.5920731707317
"Mauritius","MU","MUS",1977,NA,65.1307317073171
"Mauritius","MU","MUS",1976,NA,64.3810243902439
"Mauritius","MU","MUS",1975,NA,64.6136829268293
"Mauritius","MU","MUS",1974,NA,64.4107073170732
"Mauritius","MU","MUS",1973,NA,64.2941951219512
"Mauritius","MU","MUS",1972,NA,63.8733902439024
"Mauritius","MU","MUS",1971,NA,63.9004390243903
"Mauritius","MU","MUS",1970,NA,63.7321951219512
"Mauritius","MU","MUS",1969,NA,62.7038780487805
"Mauritius","MU","MUS",1968,NA,62.0993414634146
"Mauritius","MU","MUS",1967,NA,61.7451707317073
"Mauritius","MU","MUS",1966,NA,62.1274878048781
"Mauritius","MU","MUS",1965,NA,62.074756097561
"Mauritius","MU","MUS",1964,NA,61.5040487804878
"Mauritius","MU","MUS",1963,NA,61.128512195122
"Mauritius","MU","MUS",1962,NA,60.4433902439024
"Mauritius","MU","MUS",1961,NA,59.5666829268293
"Mauritius","MU","MUS",1960,NA,58.4614146341463
"Mexico","MX","MEX",2023,NA,75.069
"Mexico","MX","MEX",2022,NA,73.973
"Mexico","MX","MEX",2021,NA,69.75
"Mexico","MX","MEX",2020,14.9923440243315,70.449
"Mexico","MX","MEX",2019,14.7051077997851,74.53
"Mexico","MX","MEX",2018,16.652186272493,74.301
"Mexico","MX","MEX",2017,18.3002285485373,74.261
"Mexico","MX","MEX",2016,18.8449182383899,74.376
"Mexico","MX","MEX",2015,19.4864853369113,74.431
"Mexico","MX","MEX",2014,19.667850241261,74.404
"Mexico","MX","MEX",2013,20.8739317391487,74.289
"Mexico","MX","MEX",2012,20.1560213023659,74.128
"Mexico","MX","MEX",2011,22.4736336205905,73.921
"Mexico","MX","MEX",2010,19.6596319675283,73.718
"Mexico","MX","MEX",2009,19.8889190384594,73.628
"Mexico","MX","MEX",2008,20.4969000798536,73.695
"Mexico","MX","MEX",2007,21.363754834612,73.796
"Mexico","MX","MEX",2006,22.3696630456356,73.746
"Mexico","MX","MEX",2005,23.3948044558255,73.627
"Mexico","MX","MEX",2004,24.7337157175082,73.432
"Mexico","MX","MEX",2003,26.5162170155356,73.308
"Mexico","MX","MEX",2002,28.3754133915972,73.106
"Mexico","MX","MEX",2001,29.9444098873823,72.912
"Mexico","MX","MEX",2000,30.8563115445805,72.562
"Mexico","MX","MEX",1999,31.2007555047592,72.203
"Mexico","MX","MEX",1998,31.3649080506791,71.792
"Mexico","MX","MEX",1997,31.4281679358189,71.472
"Mexico","MX","MEX",1996,31.4699339136576,71.088
"Mexico","MX","MEX",1995,31.5696047376741,70.703
"Mexico","MX","MEX",1994,31.7218431756871,70.302
"Mexico","MX","MEX",1993,31.8693973231857,69.961
"Mexico","MX","MEX",1992,32.0137939251542,69.663
"Mexico","MX","MEX",1991,32.1565597265772,69.368
"Mexico","MX","MEX",1990,32.2992214724391,69.034
"Mexico","MX","MEX",1989,NA,68.621
"Mexico","MX","MEX",1988,NA,68.299
"Mexico","MX","MEX",1987,NA,67.904
"Mexico","MX","MEX",1986,NA,67.377
"Mexico","MX","MEX",1985,NA,66.775
"Mexico","MX","MEX",1984,NA,66.215
"Mexico","MX","MEX",1983,NA,65.756
"Mexico","MX","MEX",1982,NA,65.256
"Mexico","MX","MEX",1981,NA,64.722
"Mexico","MX","MEX",1980,NA,64.282
"Mexico","MX","MEX",1979,NA,63.862
"Mexico","MX","MEX",1978,NA,63.435
"Mexico","MX","MEX",1977,NA,62.988
"Mexico","MX","MEX",1976,NA,62.475
"Mexico","MX","MEX",1975,NA,61.883
"Mexico","MX","MEX",1974,NA,61.18
"Mexico","MX","MEX",1973,NA,60.518
"Mexico","MX","MEX",1972,NA,60.051
"Mexico","MX","MEX",1971,NA,59.415
"Mexico","MX","MEX",1970,NA,58.893
"Mexico","MX","MEX",1969,NA,58.413
"Mexico","MX","MEX",1968,NA,58.22
"Mexico","MX","MEX",1967,NA,57.959
"Mexico","MX","MEX",1966,NA,57.355
"Mexico","MX","MEX",1965,NA,56.688
"Mexico","MX","MEX",1964,NA,55.916
"Mexico","MX","MEX",1963,NA,55.501
"Mexico","MX","MEX",1962,NA,55.057
"Mexico","MX","MEX",1961,NA,54.422
"Mexico","MX","MEX",1960,NA,53.573
"Micronesia, Fed. Sts.","FM","FSM",2023,NA,67.198
"Micronesia, Fed. Sts.","FM","FSM",2022,NA,66.961
"Micronesia, Fed. Sts.","FM","FSM",2021,NA,66.152
"Micronesia, Fed. Sts.","FM","FSM",2020,12.1144203347628,65.878
"Micronesia, Fed. Sts.","FM","FSM",2019,12.3358791142647,66.196
"Micronesia, Fed. Sts.","FM","FSM",2018,12.0885596987462,65.943
"Micronesia, Fed. Sts.","FM","FSM",2017,11.4423848946993,65.761
"Micronesia, Fed. Sts.","FM","FSM",2016,11.5649676332846,65.576
"Micronesia, Fed. Sts.","FM","FSM",2015,12.6065611670905,65.306
"Micronesia, Fed. Sts.","FM","FSM",2014,11.7605972452111,65.294
"Micronesia, Fed. Sts.","FM","FSM",2013,12.226250863364,65.179
"Micronesia, Fed. Sts.","FM","FSM",2012,12.0131027547751,65.08
"Micronesia, Fed. Sts.","FM","FSM",2011,11.9522660960834,64.969
"Micronesia, Fed. Sts.","FM","FSM",2010,12.1211559280932,64.892
"Micronesia, Fed. Sts.","FM","FSM",2009,12.2283837891594,64.865
"Micronesia, Fed. Sts.","FM","FSM",2008,12.3236569112145,64.849
"Micronesia, Fed. Sts.","FM","FSM",2007,12.4114326736007,64.844
"Micronesia, Fed. Sts.","FM","FSM",2006,12.4961684556602,64.859
"Micronesia, Fed. Sts.","FM","FSM",2005,12.5823216367352,64.906
"Micronesia, Fed. Sts.","FM","FSM",2004,12.7021122268013,64.898
"Micronesia, Fed. Sts.","FM","FSM",2003,12.8594908500646,64.915
"Micronesia, Fed. Sts.","FM","FSM",2002,13.0165108072134,63.907
"Micronesia, Fed. Sts.","FM","FSM",2001,13.1352253989359,64.801
"Micronesia, Fed. Sts.","FM","FSM",2000,13.1776879259206,64.317
"Micronesia, Fed. Sts.","FM","FSM",1999,13.0737755174638,64.626
"Micronesia, Fed. Sts.","FM","FSM",1998,12.836995487589,64.509
"Micronesia, Fed. Sts.","FM","FSM",1997,12.5548464140745,64.371
"Micronesia, Fed. Sts.","FM","FSM",1996,12.3148268746988,64.253
"Micronesia, Fed. Sts.","FM","FSM",1995,12.2044354472406,64.142
"Micronesia, Fed. Sts.","FM","FSM",1994,12.1957120602785,64.082
"Micronesia, Fed. Sts.","FM","FSM",1993,12.2072815020408,64.041
"Micronesia, Fed. Sts.","FM","FSM",1992,12.2465196397797,63.996
"Micronesia, Fed. Sts.","FM","FSM",1991,12.3208023407478,63.881
"Micronesia, Fed. Sts.","FM","FSM",1990,12.4375054721975,63.722
"Micronesia, Fed. Sts.","FM","FSM",1989,NA,63.617
"Micronesia, Fed. Sts.","FM","FSM",1988,NA,63.461
"Micronesia, Fed. Sts.","FM","FSM",1987,NA,63.206
"Micronesia, Fed. Sts.","FM","FSM",1986,NA,63.151
"Micronesia, Fed. Sts.","FM","FSM",1985,NA,63.028
"Micronesia, Fed. Sts.","FM","FSM",1984,NA,62.923
"Micronesia, Fed. Sts.","FM","FSM",1983,NA,62.829
"Micronesia, Fed. Sts.","FM","FSM",1982,NA,62.747
"Micronesia, Fed. Sts.","FM","FSM",1981,NA,62.668
"Micronesia, Fed. Sts.","FM","FSM",1980,NA,62.556
"Micronesia, Fed. Sts.","FM","FSM",1979,NA,62.46
"Micronesia, Fed. Sts.","FM","FSM",1978,NA,62.306
"Micronesia, Fed. Sts.","FM","FSM",1977,NA,62.118
"Micronesia, Fed. Sts.","FM","FSM",1976,NA,61.885
"Micronesia, Fed. Sts.","FM","FSM",1975,NA,61.617
"Micronesia, Fed. Sts.","FM","FSM",1974,NA,61.319
"Micronesia, Fed. Sts.","FM","FSM",1973,NA,60.955
"Micronesia, Fed. Sts.","FM","FSM",1972,NA,60.608
"Micronesia, Fed. Sts.","FM","FSM",1971,NA,60.182
"Micronesia, Fed. Sts.","FM","FSM",1970,NA,59.774
"Micronesia, Fed. Sts.","FM","FSM",1969,NA,59.309
"Micronesia, Fed. Sts.","FM","FSM",1968,NA,58.827
"Micronesia, Fed. Sts.","FM","FSM",1967,NA,58.305
"Micronesia, Fed. Sts.","FM","FSM",1966,NA,57.75
"Micronesia, Fed. Sts.","FM","FSM",1965,NA,57.199
"Micronesia, Fed. Sts.","FM","FSM",1964,NA,56.655
"Micronesia, Fed. Sts.","FM","FSM",1963,NA,56.004
"Micronesia, Fed. Sts.","FM","FSM",1962,NA,55.393
"Micronesia, Fed. Sts.","FM","FSM",1961,NA,54.736
"Micronesia, Fed. Sts.","FM","FSM",1960,NA,54.195
"Moldova","MD","MDA",2023,NA,71.198
"Moldova","MD","MDA",2022,NA,71.546
"Moldova","MD","MDA",2021,NA,68.991
"Moldova","MD","MDA",2020,14.7583463021422,69.914
"Moldova","MD","MDA",2019,15.7728170076841,70.181
"Moldova","MD","MDA",2018,17.080793755092,70.236
"Moldova","MD","MDA",2017,15.1423919470871,70.375
"Moldova","MD","MDA",2016,17.0561198558818,70.179
"Moldova","MD","MDA",2015,18.1478989162811,70.118
"Moldova","MD","MDA",2014,18.7371163449526,70.241
"Moldova","MD","MDA",2013,19.979486487115,70.291
"Moldova","MD","MDA",2012,20.3835846673482,70.344
"Moldova","MD","MDA",2011,20.7106966050714,70.173
"Moldova","MD","MDA",2010,20.4084787372334,69.876
"Moldova","MD","MDA",2009,20.5443893978414,69.406
"Moldova","MD","MDA",2008,20.9039198271145,69
"Moldova","MD","MDA",2007,21.4251278629835,68.674
"Moldova","MD","MDA",2006,22.0460713433789,68.423
"Moldova","MD","MDA",2005,22.7048081062313,68.197
"Moldova","MD","MDA",2004,23.6201492137492,68.017
"Moldova","MD","MDA",2003,24.9046500915055,67.9
"Moldova","MD","MDA",2002,26.3369851224783,67.793
"Moldova","MD","MDA",2001,27.6958286896457,67.672
"Moldova","MD","MDA",2000,28.7598551759854,67.462
"Moldova","MD","MDA",1999,29.5825585380499,67.205
"Moldova","MD","MDA",1998,30.3600614219471,66.84
"Moldova","MD","MDA",1997,31.084981244989,66.484
"Moldova","MD","MDA",1996,31.7499354244874,66.248
"Moldova","MD","MDA",1995,32.3475413777542,66.218
"Moldova","MD","MDA",1994,32.8939613343847,66.319
"Moldova","MD","MDA",1993,33.4058415418201,66.66
"Moldova","MD","MDA",1992,33.8765254441407,66.749
"Moldova","MD","MDA",1991,34.2993564854268,67.554
"Moldova","MD","MDA",1990,34.6676781097589,67.92
"Moldova","MD","MDA",1989,NA,68.173
"Moldova","MD","MDA",1988,NA,68.191
"Moldova","MD","MDA",1987,NA,67.922
"Moldova","MD","MDA",1986,NA,67.395
"Moldova","MD","MDA",1985,NA,66.882
"Moldova","MD","MDA",1984,NA,66.433
"Moldova","MD","MDA",1983,NA,66.149
"Moldova","MD","MDA",1982,NA,65.859
"Moldova","MD","MDA",1981,NA,65.595
"Moldova","MD","MDA",1980,NA,65.189
"Moldova","MD","MDA",1979,NA,64.823
"Moldova","MD","MDA",1978,NA,64.489
"Moldova","MD","MDA",1977,NA,64.231
"Moldova","MD","MDA",1976,NA,63.968
"Moldova","MD","MDA",1975,NA,63.7
"Moldova","MD","MDA",1974,NA,63.437
"Moldova","MD","MDA",1973,NA,63.175
"Moldova","MD","MDA",1972,NA,62.932
"Moldova","MD","MDA",1971,NA,62.672
"Moldova","MD","MDA",1970,NA,62.414
"Moldova","MD","MDA",1969,NA,62.184
"Moldova","MD","MDA",1968,NA,61.975
"Moldova","MD","MDA",1967,NA,61.781
"Moldova","MD","MDA",1966,NA,61.552
"Moldova","MD","MDA",1965,NA,61.275
"Moldova","MD","MDA",1964,NA,60.962
"Moldova","MD","MDA",1963,NA,60.616
"Moldova","MD","MDA",1962,NA,60.254
"Moldova","MD","MDA",1961,NA,59.856
"Moldova","MD","MDA",1960,NA,59.44
"Monaco","MC","MCO",2023,NA,86.372
"Monaco","MC","MCO",2022,NA,85.746
"Monaco","MC","MCO",2021,NA,85.113
"Monaco","MC","MCO",2020,9.5810695715317,86.089
"Monaco","MC","MCO",2019,9.65907893202952,86.151
"Monaco","MC","MCO",2018,10.6954915739758,86.084
"Monaco","MC","MCO",2017,10.376456634887,85.878
"Monaco","MC","MCO",2016,10.4725197097017,85.63
"Monaco","MC","MCO",2015,11.8411028968318,85.323
"Monaco","MC","MCO",2014,10.9137728394289,85.093
"Monaco","MC","MCO",2013,11.7803156412187,85.056
"Monaco","MC","MCO",2012,12.6169645561937,85.045
"Monaco","MC","MCO",2011,14.1197780903498,85.01
"Monaco","MC","MCO",2010,13.0473951609661,84.644
"Monaco","MC","MCO",2009,13.2027229453604,84.187
"Monaco","MC","MCO",2008,13.5901198440495,83.827
"Monaco","MC","MCO",2007,14.0917061752925,83.903
"Monaco","MC","MCO",2006,14.5896022573485,84.194
"Monaco","MC","MCO",2005,14.9659284084766,84.34
"Monaco","MC","MCO",2004,15.2557276942797,84.151
"Monaco","MC","MCO",2003,15.5472904820992,83.613
"Monaco","MC","MCO",2002,15.802608042802,83.055
"Monaco","MC","MCO",2001,15.9836716472547,82.485
"Monaco","MC","MCO",2000,16.052472566324,82.121
"Monaco","MC","MCO",1999,15.4222436867905,81.826
"Monaco","MC","MCO",1998,13.9169404947789,81.605
"Monaco","MC","MCO",1997,12.1146381601727,81.358
"Monaco","MC","MCO",1996,10.5934118528555,81.133
"Monaco","MC","MCO",1995,9.93133674271091,80.902
"Monaco","MC","MCO",1994,9.90466300911435,80.654
"Monaco","MC","MCO",1993,9.92149271415717,80.365
"Monaco","MC","MCO",1992,10.0076788517965,80.065
"Monaco","MC","MCO",1991,10.1890744159896,79.749
"Monaco","MC","MCO",1990,10.4915324006935,79.436
"Monaco","MC","MCO",1989,NA,79.416
"Monaco","MC","MCO",1988,NA,79.408
"Monaco","MC","MCO",1987,NA,79.257
"Monaco","MC","MCO",1986,NA,78.4
"Monaco","MC","MCO",1985,NA,77.363
"Monaco","MC","MCO",1984,NA,76.394
"Monaco","MC","MCO",1983,NA,75.697
"Monaco","MC","MCO",1982,NA,75.255
"Monaco","MC","MCO",1981,NA,74.953
"Monaco","MC","MCO",1980,NA,74.948
"Monaco","MC","MCO",1979,NA,74.87
"Monaco","MC","MCO",1978,NA,74.656
"Monaco","MC","MCO",1977,NA,74.193
"Monaco","MC","MCO",1976,NA,73.797
"Monaco","MC","MCO",1975,NA,73.523
"Monaco","MC","MCO",1974,NA,73.421
"Monaco","MC","MCO",1973,NA,73.374
"Monaco","MC","MCO",1972,NA,73.381
"Monaco","MC","MCO",1971,NA,73.365
"Monaco","MC","MCO",1970,NA,73.349
"Monaco","MC","MCO",1969,NA,73.249
"Monaco","MC","MCO",1968,NA,73.17
"Monaco","MC","MCO",1967,NA,73.058
"Monaco","MC","MCO",1966,NA,73.03
"Monaco","MC","MCO",1965,NA,72.866
"Monaco","MC","MCO",1964,NA,72.706
"Monaco","MC","MCO",1963,NA,72.476
"Monaco","MC","MCO",1962,NA,72.437
"Monaco","MC","MCO",1961,NA,72.177
"Monaco","MC","MCO",1960,NA,71.861
"Mongolia","MN","MNG",2023,NA,72.1224390243902
"Mongolia","MN","MNG",2022,NA,71.9007317073171
"Mongolia","MN","MNG",2021,NA,71.6451219512195
"Mongolia","MN","MNG",2020,29.6547866481682,71.3490243902439
"Mongolia","MN","MNG",2019,31.0839271991388,71.0531707317073
"Mongolia","MN","MNG",2018,30.340789040395,70.8270731707317
"Mongolia","MN","MNG",2017,31.4066965937798,70.5434146341463
"Mongolia","MN","MNG",2016,34.394850770545,70.2239024390244
"Mongolia","MN","MNG",2015,33.6018162552522,70.810243902439
"Mongolia","MN","MNG",2014,32.6310214465256,70.5831707317073
"Mongolia","MN","MNG",2013,36.1190861922145,70.0980487804878
"Mongolia","MN","MNG",2012,38.2318589751567,69.500243902439
"Mongolia","MN","MNG",2011,35.8767855032703,69.109268292683
"Mongolia","MN","MNG",2010,27.9160191026285,68.5056097560976
"Mongolia","MN","MNG",2009,25.4221556112408,67.9690243902439
"Mongolia","MN","MNG",2008,23.4954758255364,67.2460975609756
"Mongolia","MN","MNG",2007,22.1144147325228,66.5934146341464
"Mongolia","MN","MNG",2006,21.2574073192077,65.9021951219512
"Mongolia","MN","MNG",2005,20.9028885725986,65.2807317073171
"Mongolia","MN","MNG",2004,20.893688863837,64.630243902439
"Mongolia","MN","MNG",2003,21.0276549890181,63.5753658536585
"Mongolia","MN","MNG",2002,21.2157465725794,63.540243902439
"Mongolia","MN","MNG",2001,21.3689232389585,63.3917073170732
"Mongolia","MN","MNG",2000,21.3981446125931,63.2104878048781
"Mongolia","MN","MNG",1999,21.2298330414011,62.7895365853659
"Mongolia","MN","MNG",1998,20.9117903682421,62.0830731707317
"Mongolia","MN","MNG",1997,20.5370454599662,61.414512195122
"Mongolia","MN","MNG",1996,20.1986271834231,60.994
"Mongolia","MN","MNG",1995,19.989564405463,60.892512195122
"Mongolia","MN","MNG",1994,19.8942271273754,60.859
"Mongolia","MN","MNG",1993,19.836369010138,60.8242195121951
"Mongolia","MN","MNG",1992,19.8180944101323,60.4307073170732
"Mongolia","MN","MNG",1991,19.84150768374,59.8047317073171
"Mongolia","MN","MNG",1990,19.9087131873428,58.8011951219512
"Mongolia","MN","MNG",1989,NA,58.1020243902439
"Mongolia","MN","MNG",1988,NA,57.4803414634146
"Mongolia","MN","MNG",1987,NA,57.0928536585366
"Mongolia","MN","MNG",1986,NA,56.7378048780488
"Mongolia","MN","MNG",1985,NA,56.416756097561
"Mongolia","MN","MNG",1984,NA,56.1206097560976
"Mongolia","MN","MNG",1983,NA,55.8454146341464
"Mongolia","MN","MNG",1982,NA,55.5940243902439
"Mongolia","MN","MNG",1981,NA,55.3730487804878
"Mongolia","MN","MNG",1980,NA,55.1848780487805
"Mongolia","MN","MNG",1979,NA,55.0270487804878
"Mongolia","MN","MNG",1978,NA,54.8861707317073
"Mongolia","MN","MNG",1977,NA,54.7357804878049
"Mongolia","MN","MNG",1976,NA,54.5484146341463
"Mongolia","MN","MNG",1975,NA,54.3009756097561
"Mongolia","MN","MNG",1974,NA,53.9876341463415
"Mongolia","MN","MNG",1973,NA,53.5671463414634
"Mongolia","MN","MNG",1972,NA,53.0728292682927
"Mongolia","MN","MNG",1971,NA,52.5202195121951
"Mongolia","MN","MNG",1970,NA,51.9505853658537
"Mongolia","MN","MNG",1969,NA,51.3599756097561
"Mongolia","MN","MNG",1968,NA,50.7391951219512
"Mongolia","MN","MNG",1967,NA,50.09
"Mongolia","MN","MNG",1966,NA,49.3344878048781
"Mongolia","MN","MNG",1965,NA,48.6831463414634
"Mongolia","MN","MNG",1964,NA,47.9171951219512
"Mongolia","MN","MNG",1963,NA,47.106243902439
"Mongolia","MN","MNG",1962,NA,46.2474146341463
"Mongolia","MN","MNG",1961,NA,45.3926829268293
"Mongolia","MN","MNG",1960,NA,44.5310487804878
"Montenegro","ME","MNE",2023,NA,77.5878048780488
"Montenegro","ME","MNE",2022,NA,76.1878048780488
"Montenegro","ME","MNE",2021,NA,73.8243902439024
"Montenegro","ME","MNE",2020,17.9824100566499,75.9317073170732
"Montenegro","ME","MNE",2019,18.3231957596321,76.6829268292683
"Montenegro","ME","MNE",2018,22.0010575045609,77.8853658536585
"Montenegro","ME","MNE",2017,21.1885834911776,76.6853658536585
"Montenegro","ME","MNE",2016,20.7818361159159,76.5414634146342
"Montenegro","ME","MNE",2015,22.5226135295586,76.6024390243903
"Montenegro","ME","MNE",2014,22.8933751545525,76.3390243902439
"Montenegro","ME","MNE",2013,23.0328197648844,76.490243902439
"Montenegro","ME","MNE",2012,25.152725645633,76.3
"Montenegro","ME","MNE",2011,26.8096357329836,76.0829268292683
"Montenegro","ME","MNE",2010,24.0263937599847,75.990243902439
"Montenegro","ME","MNE",2009,24.246118769847,75.1439024390244
"Montenegro","ME","MNE",2008,24.7700784087494,75.1365853658537
"Montenegro","ME","MNE",2007,25.3954495906652,74.3390243902439
"Montenegro","ME","MNE",2006,25.9194092295677,73.8390243902439
"Montenegro","ME","MNE",2005,26.13913423943,73.9829268292683
"Montenegro","ME","MNE",2004,26.1043022901578,74.2056097560976
"Montenegro","ME","MNE",2003,26.0199501928823,74.0557317073171
"Montenegro","ME","MNE",2002,25.9162935734152,73.9652195121951
"Montenegro","ME","MNE",2001,25.8235480575684,73.5801951219512
"Montenegro","ME","MNE",2000,25.7719292711536,73.3968048780488
"Montenegro","ME","MNE",1999,26.0498015686429,73.1438780487805
"Montenegro","ME","MNE",1998,26.7673729416579,73.2877804878049
"Montenegro","ME","MNE",1997,27.6876244717346,73.3429756097561
"Montenegro","ME","MNE",1996,28.5735372404088,73.4447317073171
"Montenegro","ME","MNE",1995,29.1880923292165,73.5649268292683
"Montenegro","ME","MNE",1994,29.5663596825234,73.5877804878049
"Montenegro","ME","MNE",1993,29.893410650921,73.6938780487805
"Montenegro","ME","MNE",1992,30.1572284252839,73.6216585365854
"Montenegro","ME","MNE",1991,30.3457961964864,73.7667317073171
"Montenegro","ME","MNE",1990,30.447097155403,73.6963414634146
"Montenegro","ME","MNE",1989,NA,73.6204878048781
"Montenegro","ME","MNE",1988,NA,73.2131219512195
"Montenegro","ME","MNE",1987,NA,72.9833414634146
"Montenegro","ME","MNE",1986,NA,72.5884634146342
"Montenegro","ME","MNE",1985,NA,72.2386097560976
"Montenegro","ME","MNE",1984,NA,72.0980487804878
"Montenegro","ME","MNE",1983,NA,72.1067804878049
"Montenegro","ME","MNE",1982,NA,72.1014878048781
"Montenegro","ME","MNE",1981,NA,71.9192926829268
"Montenegro","ME","MNE",1980,NA,72.0325853658537
"Montenegro","ME","MNE",1979,NA,71.2804634146342
"Montenegro","ME","MNE",1978,NA,71.7102195121951
"Montenegro","ME","MNE",1977,NA,71.6151219512195
"Montenegro","ME","MNE",1976,NA,71.8461951219512
"Montenegro","ME","MNE",1975,NA,71.7094146341463
"Montenegro","ME","MNE",1974,NA,71.4118048780488
"Montenegro","ME","MNE",1973,NA,71.3676097560976
"Montenegro","ME","MNE",1972,NA,71.0364634146342
"Montenegro","ME","MNE",1971,NA,70.6126585365854
"Montenegro","ME","MNE",1970,NA,70.2063170731708
"Montenegro","ME","MNE",1969,NA,69.9628780487805
"Montenegro","ME","MNE",1968,NA,69.6431707317073
"Montenegro","ME","MNE",1967,NA,69.0755609756098
"Montenegro","ME","MNE",1966,NA,68.4289024390244
"Montenegro","ME","MNE",1965,NA,67.9017317073171
"Montenegro","ME","MNE",1964,NA,67.2085609756098
"Montenegro","ME","MNE",1963,NA,66.6071951219512
"Montenegro","ME","MNE",1962,NA,66.2178780487805
"Montenegro","ME","MNE",1961,NA,65.9281951219512
"Montenegro","ME","MNE",1960,NA,65.4921951219512
"Morocco","MA","MAR",2023,NA,75.313
"Morocco","MA","MAR",2022,NA,75.161
"Morocco","MA","MAR",2021,NA,73.385
"Morocco","MA","MAR",2020,21.3212642117301,73.133
"Morocco","MA","MAR",2019,20.9299059936918,74.245
"Morocco","MA","MAR",2018,23.1856283839847,73.946
"Morocco","MA","MAR",2017,28.0161565066814,73.608
"Morocco","MA","MAR",2016,24.7545943744621,73.228
"Morocco","MA","MAR",2015,25.6535487891636,72.894
"Morocco","MA","MAR",2014,22.5756463722019,72.522
"Morocco","MA","MAR",2013,22.6262616570608,72.117
"Morocco","MA","MAR",2012,23.517027783633,71.674
"Morocco","MA","MAR",2011,25.1025965770715,71.263
"Morocco","MA","MAR",2010,27.0346621884598,70.821
"Morocco","MA","MAR",2009,26.984514092377,70.454
"Morocco","MA","MAR",2008,26.858954011948,70.051
"Morocco","MA","MAR",2007,26.7015710730568,69.62
"Morocco","MA","MAR",2006,26.5559544015872,69.157
"Morocco","MA","MAR",2005,26.4656931234232,68.748
"Morocco","MA","MAR",2004,26.4269692920543,68.272
"Morocco","MA","MAR",2003,26.3997347331309,67.958
"Morocco","MA","MAR",2002,26.3732332307781,67.582
"Morocco","MA","MAR",2001,26.336708569121,67.2
"Morocco","MA","MAR",2000,26.2794045322845,66.794
"Morocco","MA","MAR",1999,25.8363735768785,66.404
"Morocco","MA","MAR",1998,24.8580493986384,66.008
"Morocco","MA","MAR",1997,23.656747640378,65.616
"Morocco","MA","MAR",1996,22.5447839449109,65.226
"Morocco","MA","MAR",1995,21.8344739550507,64.725
"Morocco","MA","MAR",1994,21.4385400247532,64.346
"Morocco","MA","MAR",1993,21.0802863101969,63.868
"Morocco","MA","MAR",1992,20.7879011575303,63.388
"Morocco","MA","MAR",1991,20.5895729129014,62.919
"Morocco","MA","MAR",1990,20.5134899224586,62.396
"Morocco","MA","MAR",1989,NA,61.824
"Morocco","MA","MAR",1988,NA,61.231
"Morocco","MA","MAR",1987,NA,60.62
"Morocco","MA","MAR",1986,NA,59.951
"Morocco","MA","MAR",1985,NA,59.208
"Morocco","MA","MAR",1984,NA,58.438
"Morocco","MA","MAR",1983,NA,57.685
"Morocco","MA","MAR",1982,NA,56.869
"Morocco","MA","MAR",1981,NA,56.023
"Morocco","MA","MAR",1980,NA,55.219
"Morocco","MA","MAR",1979,NA,54.376
"Morocco","MA","MAR",1978,NA,53.554
"Morocco","MA","MAR",1977,NA,52.791
"Morocco","MA","MAR",1976,NA,52.048
"Morocco","MA","MAR",1975,NA,51.356
"Morocco","MA","MAR",1974,NA,50.762
"Morocco","MA","MAR",1973,NA,50.22
"Morocco","MA","MAR",1972,NA,49.706
"Morocco","MA","MAR",1971,NA,49.169
"Morocco","MA","MAR",1970,NA,48.691
"Morocco","MA","MAR",1969,NA,48.187
"Morocco","MA","MAR",1968,NA,47.659
"Morocco","MA","MAR",1967,NA,47.099
"Morocco","MA","MAR",1966,NA,46.495
"Morocco","MA","MAR",1965,NA,45.922
"Morocco","MA","MAR",1964,NA,45.346
"Morocco","MA","MAR",1963,NA,44.768
"Morocco","MA","MAR",1962,NA,44.226
"Morocco","MA","MAR",1961,NA,43.694
"Morocco","MA","MAR",1960,NA,41.73
"Mozambique","MZ","MOZ",2023,NA,63.611
"Mozambique","MZ","MOZ",2022,NA,63.011
"Mozambique","MZ","MOZ",2021,NA,60.268
"Mozambique","MZ","MOZ",2020,20.0802484321177,61.39
"Mozambique","MZ","MOZ",2019,19.5945644695986,61.306
"Mozambique","MZ","MOZ",2018,18.8259193532117,60.79
"Mozambique","MZ","MOZ",2017,18.7547986602318,60.148
"Mozambique","MZ","MOZ",2016,21.069117727762,59.455
"Mozambique","MZ","MOZ",2015,21.5758950473476,58.711
"Mozambique","MZ","MOZ",2014,21.6145857091373,57.965
"Mozambique","MZ","MOZ",2013,21.704486846149,57.189
"Mozambique","MZ","MOZ",2012,21.4882091792626,56.46
"Mozambique","MZ","MOZ",2011,21.3180610647849,55.733
"Mozambique","MZ","MOZ",2010,20.9810311228238,55.04
"Mozambique","MZ","MOZ",2009,20.6673716344898,54.4
"Mozambique","MZ","MOZ",2008,20.2960902622309,53.799
"Mozambique","MZ","MOZ",2007,19.9403587930867,53.255
"Mozambique","MZ","MOZ",2006,19.6733490140973,52.748
"Mozambique","MZ","MOZ",2005,19.5682327123022,52.322
"Mozambique","MZ","MOZ",2004,19.6398437905371,51.855
"Mozambique","MZ","MOZ",2003,19.8102890904689,51.383
"Mozambique","MZ","MOZ",2002,20.0136498073847,50.879
"Mozambique","MZ","MOZ",2001,20.1840071365718,50.259
"Mozambique","MZ","MOZ",2000,20.2554422733172,49.476
"Mozambique","MZ","MOZ",1999,20.1192224394092,48.837
"Mozambique","MZ","MOZ",1998,19.7943661336115,48.212
"Mozambique","MZ","MOZ",1997,19.4065814666744,47.8
"Mozambique","MZ","MOZ",1996,19.0815765493484,47.121
"Mozambique","MZ","MOZ",1995,18.9450594923839,46.546
"Mozambique","MZ","MOZ",1994,18.9633296756059,46.086
"Mozambique","MZ","MOZ",1993,19.0284821261985,45.675
"Mozambique","MZ","MOZ",1992,19.1549184259505,45.095
"Mozambique","MZ","MOZ",1991,19.3570401566506,44.705
"Mozambique","MZ","MOZ",1990,19.6492489000876,44.337
"Mozambique","MZ","MOZ",1989,NA,43.889
"Mozambique","MZ","MOZ",1988,NA,43.691
"Mozambique","MZ","MOZ",1987,NA,41.002
"Mozambique","MZ","MOZ",1986,NA,40.951
"Mozambique","MZ","MOZ",1985,NA,38.984
"Mozambique","MZ","MOZ",1984,NA,38.897
"Mozambique","MZ","MOZ",1983,NA,41.596
"Mozambique","MZ","MOZ",1982,NA,41.677
"Mozambique","MZ","MOZ",1981,NA,41.643
"Mozambique","MZ","MOZ",1980,NA,43.987
"Mozambique","MZ","MOZ",1979,NA,43.914
"Mozambique","MZ","MOZ",1978,NA,43.963
"Mozambique","MZ","MOZ",1977,NA,43.924
"Mozambique","MZ","MOZ",1976,NA,43.923
"Mozambique","MZ","MOZ",1975,NA,43.821
"Mozambique","MZ","MOZ",1974,NA,43.211
"Mozambique","MZ","MOZ",1973,NA,42.724
"Mozambique","MZ","MOZ",1972,NA,42.523
"Mozambique","MZ","MOZ",1971,NA,42.581
"Mozambique","MZ","MOZ",1970,NA,42.459
"Mozambique","MZ","MOZ",1969,NA,42.267
"Mozambique","MZ","MOZ",1968,NA,42.1
"Mozambique","MZ","MOZ",1967,NA,41.953
"Mozambique","MZ","MOZ",1966,NA,41.835
"Mozambique","MZ","MOZ",1965,NA,41.792
"Mozambique","MZ","MOZ",1964,NA,41.656
"Mozambique","MZ","MOZ",1963,NA,41.958
"Mozambique","MZ","MOZ",1962,NA,41.761
"Mozambique","MZ","MOZ",1961,NA,41.5
"Mozambique","MZ","MOZ",1960,NA,41.197
"Myanmar","MM","MMR",2023,NA,66.889
"Myanmar","MM","MMR",2022,NA,66.506
"Myanmar","MM","MMR",2021,NA,65.553
"Myanmar","MM","MMR",2020,32.3150340028667,66.612
"Myanmar","MM","MMR",2019,32.1642279603857,66.457
"Myanmar","MM","MMR",2018,31.5559916967562,66.232
"Myanmar","MM","MMR",2017,28.1336717956987,65.909
"Myanmar","MM","MMR",2016,31.1703866445543,65.64
"Myanmar","MM","MMR",2015,29.9150539220144,65.288
"Myanmar","MM","MMR",2014,31.2218892689358,64.994
"Myanmar","MM","MMR",2013,35.1664986630794,64.617
"Myanmar","MM","MMR",2012,33.179223857355,64.251
"Myanmar","MM","MMR",2011,29.4854398392347,63.859
"Myanmar","MM","MMR",2010,34.3133485983332,63.479
"Myanmar","MM","MMR",2009,36.4293257120831,63.095
"Myanmar","MM","MMR",2008,38.2071243111665,56.364
"Myanmar","MM","MMR",2007,39.5962241482972,62.367
"Myanmar","MM","MMR",2006,40.5461049761885,62.026
"Myanmar","MM","MMR",2005,41.0062465475539,61.72
"Myanmar","MM","MMR",2004,40.9869354273807,61.443
"Myanmar","MM","MMR",2003,40.6510344092112,61.196
"Myanmar","MM","MMR",2002,40.1768875885917,60.925
"Myanmar","MM","MMR",2001,39.7428390610683,60.64
"Myanmar","MM","MMR",2000,39.5272329221873,60.357
"Myanmar","MM","MMR",1999,39.5708826099527,60.107
"Myanmar","MM","MMR",1998,39.7551002085592,59.896
"Myanmar","MM","MMR",1997,40.0189777828387,59.523
"Myanmar","MM","MMR",1996,40.3016073976233,59.169
"Myanmar","MM","MMR",1995,40.542081117745,58.671
"Myanmar","MM","MMR",1994,40.7494650766387,58.326
"Myanmar","MM","MMR",1993,40.9695562067454,58.032
"Myanmar","MM","MMR",1992,41.1965427714069,57.681
"Myanmar","MM","MMR",1991,41.4246130339645,57.395
"Myanmar","MM","MMR",1990,41.64795525776,57.159
"Myanmar","MM","MMR",1989,NA,56.889
"Myanmar","MM","MMR",1988,NA,56.57
"Myanmar","MM","MMR",1987,NA,56.353
"Myanmar","MM","MMR",1986,NA,56.084
"Myanmar","MM","MMR",1985,NA,55.816
"Myanmar","MM","MMR",1984,NA,55.596
"Myanmar","MM","MMR",1983,NA,55.308
"Myanmar","MM","MMR",1982,NA,55.033
"Myanmar","MM","MMR",1981,NA,54.699
"Myanmar","MM","MMR",1980,NA,54.374
"Myanmar","MM","MMR",1979,NA,54.026
"Myanmar","MM","MMR",1978,NA,53.522
"Myanmar","MM","MMR",1977,NA,53.266
"Myanmar","MM","MMR",1976,NA,52.908
"Myanmar","MM","MMR",1975,NA,52.493
"Myanmar","MM","MMR",1974,NA,52.092
"Myanmar","MM","MMR",1973,NA,51.763
"Myanmar","MM","MMR",1972,NA,51.397
"Myanmar","MM","MMR",1971,NA,51.027
"Myanmar","MM","MMR",1970,NA,50.47
"Myanmar","MM","MMR",1969,NA,50.02
"Myanmar","MM","MMR",1968,NA,49.4
"Myanmar","MM","MMR",1967,NA,48.86
"Myanmar","MM","MMR",1966,NA,48.181
"Myanmar","MM","MMR",1965,NA,47.405
"Myanmar","MM","MMR",1964,NA,46.653
"Myanmar","MM","MMR",1963,NA,45.951
"Myanmar","MM","MMR",1962,NA,45.264
"Myanmar","MM","MMR",1961,NA,44.603
"Myanmar","MM","MMR",1960,NA,44.086
"Namibia",NA,"NAM",2023,NA,67.385
"Namibia",NA,"NAM",2022,NA,64.19
"Namibia",NA,"NAM",2021,NA,60.85
"Namibia",NA,"NAM",2020,19.9945355710926,64.071
"Namibia",NA,"NAM",2019,19.3878496864904,63.546
"Namibia",NA,"NAM",2018,19.9748546561693,62.579
"Namibia",NA,"NAM",2017,19.7391225085732,61.661
"Namibia",NA,"NAM",2016,21.0604148441707,60.81
"Namibia",NA,"NAM",2015,22.11922822913,60.008
"Namibia",NA,"NAM",2014,21.055359356351,59.311
"Namibia",NA,"NAM",2013,21.57098939708,58.468
"Namibia",NA,"NAM",2012,22.5559756572042,57.733
"Namibia",NA,"NAM",2011,23.0948112524998,56.647
"Namibia",NA,"NAM",2010,21.7959533803297,56.093
"Namibia",NA,"NAM",2009,21.1776013619098,55.347
"Namibia",NA,"NAM",2008,20.6567204685379,54.74
"Namibia",NA,"NAM",2007,20.2560840083053,54.026
"Namibia",NA,"NAM",2006,19.9984652893034,53.183
"Namibia",NA,"NAM",2005,19.9066376196234,52.557
"Namibia",NA,"NAM",2004,19.9611866202444,52.175
"Namibia",NA,"NAM",2003,20.0930633490459,51.918
"Namibia",NA,"NAM",2002,20.2505892694706,51.988
"Namibia",NA,"NAM",2001,20.3820858449612,51.98
"Namibia",NA,"NAM",2000,20.4358745389602,52.946
"Namibia",NA,"NAM",1999,20.3304459512399,53.983
"Namibia",NA,"NAM",1998,20.0822830510002,54.767
"Namibia",NA,"NAM",1997,19.7866958558253,55.844
"Namibia",NA,"NAM",1996,19.5389943832997,56.639
"Namibia",NA,"NAM",1995,19.4344886510076,57.518
"Namibia",NA,"NAM",1994,19.4533613504879,58.441
"Namibia",NA,"NAM",1993,19.5176991173807,59.26
"Namibia",NA,"NAM",1992,19.6356678854229,60.16
"Namibia",NA,"NAM",1991,19.8154335883511,60.833
"Namibia",NA,"NAM",1990,20.0651621599023,61.359
"Namibia",NA,"NAM",1989,NA,60.773
"Namibia",NA,"NAM",1988,NA,59.033
"Namibia",NA,"NAM",1987,NA,59.123
"Namibia",NA,"NAM",1986,NA,58.725
"Namibia",NA,"NAM",1985,NA,58.472
"Namibia",NA,"NAM",1984,NA,58.097
"Namibia",NA,"NAM",1983,NA,57.637
"Namibia",NA,"NAM",1982,NA,57.335
"Namibia",NA,"NAM",1981,NA,56.912
"Namibia",NA,"NAM",1980,NA,56.572
"Namibia",NA,"NAM",1979,NA,59.519
"Namibia",NA,"NAM",1978,NA,59.111
"Namibia",NA,"NAM",1977,NA,58.586
"Namibia",NA,"NAM",1976,NA,58.041
"Namibia",NA,"NAM",1975,NA,57.55
"Namibia",NA,"NAM",1974,NA,56.943
"Namibia",NA,"NAM",1973,NA,56.422
"Namibia",NA,"NAM",1972,NA,55.845
"Namibia",NA,"NAM",1971,NA,55.289
"Namibia",NA,"NAM",1970,NA,54.686
"Namibia",NA,"NAM",1969,NA,54.126
"Namibia",NA,"NAM",1968,NA,53.553
"Namibia",NA,"NAM",1967,NA,52.933
"Namibia",NA,"NAM",1966,NA,52.301
"Namibia",NA,"NAM",1965,NA,51.997
"Namibia",NA,"NAM",1964,NA,51.349
"Namibia",NA,"NAM",1963,NA,50.641
"Namibia",NA,"NAM",1962,NA,49.972
"Namibia",NA,"NAM",1961,NA,49.242
"Namibia",NA,"NAM",1960,NA,48.529
"Nauru","NR","NRU",2023,NA,62.109
"Nauru","NR","NRU",2022,NA,61.93
"Nauru","NR","NRU",2021,NA,61.331
"Nauru","NR","NRU",2020,6.06435493209495,61.527
"Nauru","NR","NRU",2019,6.02606444596139,61.393
"Nauru","NR","NRU",2018,6.14206344633958,61.238
"Nauru","NR","NRU",2017,6.44256644272133,61.101
"Nauru","NR","NRU",2016,6.08542537261406,60.996
"Nauru","NR","NRU",2015,5.64757051079538,60.897
"Nauru","NR","NRU",2014,5.44762950932866,60.834
"Nauru","NR","NRU",2013,5.63857846451038,60.701
"Nauru","NR","NRU",2012,5.46647887492585,60.533
"Nauru","NR","NRU",2011,5.56184372395386,60.287
"Nauru","NR","NRU",2010,5.65991469593581,60.074
"Nauru","NR","NRU",2009,5.75048670342725,59.852
"Nauru","NR","NRU",2008,5.85031093340953,59.675
"Nauru","NR","NRU",2007,5.9521532710351,59.49
"Nauru","NR","NRU",2006,6.04877960145641,59.409
"Nauru","NR","NRU",2005,6.13295580982591,59.361
"Nauru","NR","NRU",2004,6.21197090704552,59.346
"Nauru","NR","NRU",2003,6.2937603199485,59.359
"Nauru","NR","NRU",2002,6.37205955758428,59.427
"Nauru","NR","NRU",2001,6.4406041290023,59.482
"Nauru","NR","NRU",2000,6.49312954325201,59.574
"Nauru","NR","NRU",1999,6.51152472080293,59.701
"Nauru","NR","NRU",1998,6.48837981790452,59.86
"Nauru","NR","NRU",1997,6.43348219727605,59.985
"Nauru","NR","NRU",1996,6.35661922163682,60.07
"Nauru","NR","NRU",1995,6.26757825370611,60.063
"Nauru","NR","NRU",1994,6.16784120215977,59.954
"Nauru","NR","NRU",1993,6.05382543780599,59.761
"Nauru","NR","NRU",1992,5.92772151656252,59.518
"Nauru","NR","NRU",1991,5.79171999434717,59.312
"Nauru","NR","NRU",1990,5.6480114270777,59.102
"Nauru","NR","NRU",1989,NA,58.9
"Nauru","NR","NRU",1988,NA,58.725
"Nauru","NR","NRU",1987,NA,58.625
"Nauru","NR","NRU",1986,NA,58.591
"Nauru","NR","NRU",1985,NA,58.598
"Nauru","NR","NRU",1984,NA,58.658
"Nauru","NR","NRU",1983,NA,58.694
"Nauru","NR","NRU",1982,NA,58.635
"Nauru","NR","NRU",1981,NA,58.555
"Nauru","NR","NRU",1980,NA,58.471
"Nauru","NR","NRU",1979,NA,58.374
"Nauru","NR","NRU",1978,NA,58.288
"Nauru","NR","NRU",1977,NA,58.144
"Nauru","NR","NRU",1976,NA,58.215
"Nauru","NR","NRU",1975,NA,58.251
"Nauru","NR","NRU",1974,NA,58.31
"Nauru","NR","NRU",1973,NA,58.362
"Nauru","NR","NRU",1972,NA,58.405
"Nauru","NR","NRU",1971,NA,58.427
"Nauru","NR","NRU",1970,NA,58.449
"Nauru","NR","NRU",1969,NA,58.408
"Nauru","NR","NRU",1968,NA,58.633
"Nauru","NR","NRU",1967,NA,58.62
"Nauru","NR","NRU",1966,NA,58.385
"Nauru","NR","NRU",1965,NA,58.255
"Nauru","NR","NRU",1964,NA,58.167
"Nauru","NR","NRU",1963,NA,58.099
"Nauru","NR","NRU",1962,NA,58.023
"Nauru","NR","NRU",1961,NA,58.005
"Nauru","NR","NRU",1960,NA,57.924
"Nepal","NP","NPL",2023,NA,70.354
"Nepal","NP","NPL",2022,NA,70.087
"Nepal","NP","NPL",2021,NA,68.385
"Nepal","NP","NPL",2020,45.7207706412594,69.106
"Nepal","NP","NPL",2019,57.2750179345088,69.299
"Nepal","NP","NPL",2018,64.2108322791754,69.036
"Nepal","NP","NPL",2017,64.6442716077629,68.74
"Nepal","NP","NPL",2016,72.4074854195922,68.444
"Nepal","NP","NPL",2015,70.9361955250807,67.374
"Nepal","NP","NPL",2014,75.117974167847,67.812
"Nepal","NP","NPL",2013,71.4182305954874,67.598
"Nepal","NP","NPL",2012,71.4060546576235,67.364
"Nepal","NP","NPL",2011,57.7405744835303,67.123
"Nepal","NP","NPL",2010,48.378383727955,66.772
"Nepal","NP","NPL",2009,49.5198948265099,66.6
"Nepal","NP","NPL",2008,52.2512026076732,66.442
"Nepal","NP","NPL",2007,55.5324687996932,66.169
"Nepal","NP","NPL",2006,58.323855130818,65.891
"Nepal","NP","NPL",2005,59.585523329296,65.275
"Nepal","NP","NPL",2004,59.5512460377322,64.744
"Nepal","NP","NPL",2003,59.2354499589495,64.229
"Nepal","NP","NPL",2002,58.7692779115223,63.507
"Nepal","NP","NPL",2001,58.2838727140248,63.288
"Nepal","NP","NPL",2000,57.9103771850316,62.642
"Nepal","NP","NPL",1999,57.6260176809933,62.035
"Nepal","NP","NPL",1998,57.3479140982101,61.532
"Nepal","NP","NPL",1997,57.1170495650306,60.823
"Nepal","NP","NPL",1996,56.9744072098032,60.044
"Nepal","NP","NPL",1995,56.9609701608765,59.323
"Nepal","NP","NPL",1994,57.0562740974654,58.631
"Nepal","NP","NPL",1993,57.2132328177702,57.597
"Nepal","NP","NPL",1992,57.4328966286182,56.686
"Nepal","NP","NPL",1991,57.7163158368362,55.65
"Nepal","NP","NPL",1990,58.0645407492514,54.771
"Nepal","NP","NPL",1989,NA,54.013
"Nepal","NP","NPL",1988,NA,53.109
"Nepal","NP","NPL",1987,NA,52.382
"Nepal","NP","NPL",1986,NA,51.594
"Nepal","NP","NPL",1985,NA,50.922
"Nepal","NP","NPL",1984,NA,50.227
"Nepal","NP","NPL",1983,NA,49.676
"Nepal","NP","NPL",1982,NA,49.181
"Nepal","NP","NPL",1981,NA,48.662
"Nepal","NP","NPL",1980,NA,48.333
"Nepal","NP","NPL",1979,NA,47.766
"Nepal","NP","NPL",1978,NA,47.202
"Nepal","NP","NPL",1977,NA,46.628
"Nepal","NP","NPL",1976,NA,45.991
"Nepal","NP","NPL",1975,NA,45.499
"Nepal","NP","NPL",1974,NA,44.919
"Nepal","NP","NPL",1973,NA,44.485
"Nepal","NP","NPL",1972,NA,44.068
"Nepal","NP","NPL",1971,NA,43.616
"Nepal","NP","NPL",1970,NA,43.151
"Nepal","NP","NPL",1969,NA,42.722
"Nepal","NP","NPL",1968,NA,42.173
"Nepal","NP","NPL",1967,NA,41.71
"Nepal","NP","NPL",1966,NA,41.239
"Nepal","NP","NPL",1965,NA,40.688
"Nepal","NP","NPL",1964,NA,40.229
"Nepal","NP","NPL",1963,NA,39.608
"Nepal","NP","NPL",1962,NA,39.333
"Nepal","NP","NPL",1961,NA,38.966
"Nepal","NP","NPL",1960,NA,38.652
"Netherlands","NL","NLD",2023,NA,81.8634146341464
"Netherlands","NL","NLD",2022,NA,81.6146341463415
"Netherlands","NL","NLD",2021,NA,81.309756097561
"Netherlands","NL","NLD",2020,10.8892498470498,81.3585365853659
"Netherlands","NL","NLD",2019,11.3641419467189,82.1121951219512
"Netherlands","NL","NLD",2018,12.0708917579666,81.8121951219512
"Netherlands","NL","NLD",2017,12.7176558041706,81.7609756097561
"Netherlands","NL","NLD",2016,11.9585215795702,81.5609756097561
"Netherlands","NL","NLD",2015,13.1341450114978,81.509756097561
"Netherlands","NL","NLD",2014,12.61325866781,81.7073170731707
"Netherlands","NL","NLD",2013,13.2849780292156,81.3048780487805
"Netherlands","NL","NLD",2012,14.3672482834675,81.1048780487805
"Netherlands","NL","NLD",2011,16.1617295903622,81.2048780487805
"Netherlands","NL","NLD",2010,16.3015198382221,80.7024390243902
"Netherlands","NL","NLD",2009,16.4692227209156,80.5487804878049
"Netherlands","NL","NLD",2008,16.6547053728472,80.2512195121951
"Netherlands","NL","NLD",2007,16.8600537860816,80.0975609756098
"Netherlands","NL","NLD",2006,17.0873539526835,79.6975609756098
"Netherlands","NL","NLD",2005,17.3386918647178,79.3463414634146
"Netherlands","NL","NLD",2004,17.646542498158,79.0951219512195
"Netherlands","NL","NLD",2003,18.0181068887099,78.4926829268293
"Netherlands","NL","NLD",2002,18.4175601180365,78.2926829268293
"Netherlands","NL","NLD",2001,18.809077267801,78.190243902439
"Netherlands","NL","NLD",2000,19.1568334196667,77.9878048780488
"Netherlands","NL","NLD",1999,19.533503386805,77.8365853658537
"Netherlands","NL","NLD",1998,19.9982053228742,77.8829268292683
"Netherlands","NL","NLD",1997,20.494779320268,77.7943902439024
"Netherlands","NL","NLD",1996,20.9670654713797,77.4356097560976
"Netherlands","NL","NLD",1995,21.358903868603,77.4046341463415
"Netherlands","NL","NLD",1994,21.6822924826837,77.3751219512195
"Netherlands","NL","NLD",1993,21.9834524415183,76.9165853658537
"Netherlands","NL","NLD",1992,22.2575585732262,77.2170731707317
"Netherlands","NL","NLD",1991,22.4997857059268,77
"Netherlands","NL","NLD",1990,22.7053086677394,76.8780487804878
"Netherlands","NL","NLD",1989,NA,76.7341463414634
"Netherlands","NL","NLD",1988,NA,76.890243902439
"Netherlands","NL","NLD",1987,NA,76.7051219512195
"Netherlands","NL","NLD",1986,NA,76.2704878048781
"Netherlands","NL","NLD",1985,NA,76.2846341463415
"Netherlands","NL","NLD",1984,NA,76.2331707317073
"Netherlands","NL","NLD",1983,NA,76.1641463414634
"Netherlands","NL","NLD",1982,NA,75.9885365853659
"Netherlands","NL","NLD",1981,NA,75.9343902439025
"Netherlands","NL","NLD",1980,NA,75.7431707317073
"Netherlands","NL","NLD",1979,NA,75.6060975609756
"Netherlands","NL","NLD",1978,NA,75.1451219512195
"Netherlands","NL","NLD",1977,NA,75.2214634146342
"Netherlands","NL","NLD",1976,NA,74.6470731707317
"Netherlands","NL","NLD",1975,NA,74.4987804878049
"Netherlands","NL","NLD",1974,NA,74.5368292682927
"Netherlands","NL","NLD",1973,NA,74.1439024390244
"Netherlands","NL","NLD",1972,NA,73.7270731707317
"Netherlands","NL","NLD",1971,NA,73.809512195122
"Netherlands","NL","NLD",1970,NA,73.5856097560976
"Netherlands","NL","NLD",1969,NA,73.539512195122
"Netherlands","NL","NLD",1968,NA,73.6126829268293
"Netherlands","NL","NLD",1967,NA,73.8041463414634
"Netherlands","NL","NLD",1966,NA,73.5129268292683
"Netherlands","NL","NLD",1965,NA,73.5687804878049
"Netherlands","NL","NLD",1964,NA,73.7041463414634
"Netherlands","NL","NLD",1963,NA,73.3370731707317
"Netherlands","NL","NLD",1962,NA,73.3239024390244
"Netherlands","NL","NLD",1961,NA,73.6526829268293
"Netherlands","NL","NLD",1960,NA,73.3926829268293
"New Caledonia","NC","NCL",2023,NA,78.766
"New Caledonia","NC","NCL",2022,NA,77.698
"New Caledonia","NC","NCL",2021,NA,77.113
"New Caledonia","NC","NCL",2020,NA,77.049
"New Caledonia","NC","NCL",2019,NA,77.262
"New Caledonia","NC","NCL",2018,NA,77.557
"New Caledonia","NC","NCL",2017,NA,77.504
"New Caledonia","NC","NCL",2016,NA,77.359
"New Caledonia","NC","NCL",2015,NA,77.206
"New Caledonia","NC","NCL",2014,NA,77.053
"New Caledonia","NC","NCL",2013,NA,76.867
"New Caledonia","NC","NCL",2012,NA,76.615
"New Caledonia","NC","NCL",2011,NA,76.315
"New Caledonia","NC","NCL",2010,NA,75.992
"New Caledonia","NC","NCL",2009,NA,75.676
"New Caledonia","NC","NCL",2008,NA,75.398
"New Caledonia","NC","NCL",2007,NA,75.181
"New Caledonia","NC","NCL",2006,NA,75.016
"New Caledonia","NC","NCL",2005,NA,74.867
"New Caledonia","NC","NCL",2004,NA,74.713
"New Caledonia","NC","NCL",2003,NA,74.5
"New Caledonia","NC","NCL",2002,NA,74.278
"New Caledonia","NC","NCL",2001,NA,73.958
"New Caledonia","NC","NCL",2000,NA,73.574
"New Caledonia","NC","NCL",1999,NA,73.141
"New Caledonia","NC","NCL",1998,NA,72.677
"New Caledonia","NC","NCL",1997,NA,72.204
"New Caledonia","NC","NCL",1996,NA,71.75
"New Caledonia","NC","NCL",1995,NA,71.314
"New Caledonia","NC","NCL",1994,NA,70.897
"New Caledonia","NC","NCL",1993,NA,70.504
"New Caledonia","NC","NCL",1992,NA,70.143
"New Caledonia","NC","NCL",1991,NA,69.82
"New Caledonia","NC","NCL",1990,NA,69.526
"New Caledonia","NC","NCL",1989,NA,69.221
"New Caledonia","NC","NCL",1988,NA,68.92
"New Caledonia","NC","NCL",1987,NA,68.597
"New Caledonia","NC","NCL",1986,NA,68.239
"New Caledonia","NC","NCL",1985,NA,67.843
"New Caledonia","NC","NCL",1984,NA,67.419
"New Caledonia","NC","NCL",1983,NA,66.972
"New Caledonia","NC","NCL",1982,NA,66.51
"New Caledonia","NC","NCL",1981,NA,65.987
"New Caledonia","NC","NCL",1980,NA,65.601
"New Caledonia","NC","NCL",1979,NA,65.154
"New Caledonia","NC","NCL",1978,NA,64.702
"New Caledonia","NC","NCL",1977,NA,64.236
"New Caledonia","NC","NCL",1976,NA,63.751
"New Caledonia","NC","NCL",1975,NA,63.239
"New Caledonia","NC","NCL",1974,NA,62.69
"New Caledonia","NC","NCL",1973,NA,62.1
"New Caledonia","NC","NCL",1972,NA,61.413
"New Caledonia","NC","NCL",1971,NA,60.785
"New Caledonia","NC","NCL",1970,NA,60.057
"New Caledonia","NC","NCL",1969,NA,59.3
"New Caledonia","NC","NCL",1968,NA,58.503
"New Caledonia","NC","NCL",1967,NA,57.688
"New Caledonia","NC","NCL",1966,NA,56.871
"New Caledonia","NC","NCL",1965,NA,56.066
"New Caledonia","NC","NCL",1964,NA,55.287
"New Caledonia","NC","NCL",1963,NA,54.531
"New Caledonia","NC","NCL",1962,NA,53.795
"New Caledonia","NC","NCL",1961,NA,53.068
"New Caledonia","NC","NCL",1960,NA,52.341
"New Zealand","NZ","NZL",2023,NA,81.7585365853659
"New Zealand","NZ","NZL",2022,NA,81.9585365853658
"New Zealand","NZ","NZL",2021,NA,82.2073170731707
"New Zealand","NZ","NZL",2020,6.48591499675774,82.2560975609756
"New Zealand","NZ","NZL",2019,7.42296671535298,82.0560975609756
"New Zealand","NZ","NZL",2018,7.21258721355312,81.7073170731707
"New Zealand","NZ","NZL",2017,6.82907618571061,81.8585365853659
"New Zealand","NZ","NZL",2016,6.63410190310228,81.6585365853659
"New Zealand","NZ","NZL",2015,6.57020164227168,81.6124390243903
"New Zealand","NZ","NZL",2014,6.59603176441408,81.4568292682927
"New Zealand","NZ","NZL",2013,6.77775160923795,81.4048780487805
"New Zealand","NZ","NZL",2012,6.77378849107112,81.4073170731707
"New Zealand","NZ","NZL",2011,6.74391297899936,81.1560975609756
"New Zealand","NZ","NZL",2010,6.96830513959859,80.9048780487805
"New Zealand","NZ","NZL",2009,6.93534102480686,80.7024390243902
"New Zealand","NZ","NZL",2008,6.82821205375524,80.3512195121951
"New Zealand","NZ","NZL",2007,6.69225241519321,80.1512195121951
"New Zealand","NZ","NZL",2006,6.57279629787026,80.0487804878049
"New Zealand","NZ","NZL",2005,6.51517789053587,79.8512195121951
"New Zealand","NZ","NZL",2004,6.54558120736157,79.5487804878049
"New Zealand","NZ","NZL",2003,6.63654227442674,79.1463414634146
"New Zealand","NZ","NZL",2002,6.7529232983427,78.8463414634146
"New Zealand","NZ","NZL",2001,6.85958648572071,78.6926829268293
"New Zealand","NZ","NZL",2000,6.92139404317208,78.6365853658537
"New Zealand","NZ","NZL",1999,6.93593096890972,77.890243902439
"New Zealand","NZ","NZL",1998,6.93213996355259,78.0853658536585
"New Zealand","NZ","NZL",1997,6.92191978732109,77.3341463414634
"New Zealand","NZ","NZL",1996,6.91716920043557,76.7878048780488
"New Zealand","NZ","NZL",1995,6.92978696311643,76.7341463414634
"New Zealand","NZ","NZL",1994,6.95911595947925,76.8829268292683
"New Zealand","NZ","NZL",1993,6.99633683281116,76.4341463414634
"New Zealand","NZ","NZL",1992,7.04110498208981,76.1243902439025
"New Zealand","NZ","NZL",1991,7.09307580629288,76.0317073170732
"New Zealand","NZ","NZL",1990,7.15190470439802,75.3780487804878
"New Zealand","NZ","NZL",1989,NA,74.8243902439024
"New Zealand","NZ","NZL",1988,NA,74.4243902439024
"New Zealand","NZ","NZL",1987,NA,74.1780487804878
"New Zealand","NZ","NZL",1986,NA,74.1219512195122
"New Zealand","NZ","NZL",1985,NA,73.8292682926829
"New Zealand","NZ","NZL",1984,NA,74.3707317073171
"New Zealand","NZ","NZL",1983,NA,73.7756097560976
"New Zealand","NZ","NZL",1982,NA,73.7243902439024
"New Zealand","NZ","NZL",1981,NA,73.6219512195122
"New Zealand","NZ","NZL",1980,NA,72.8292682926829
"New Zealand","NZ","NZL",1979,NA,73.0682926829269
"New Zealand","NZ","NZL",1978,NA,73.019512195122
"New Zealand","NZ","NZL",1977,NA,72.1682926829268
"New Zealand","NZ","NZL",1976,NA,72.4219512195122
"New Zealand","NZ","NZL",1975,NA,72.219512195122
"New Zealand","NZ","NZL",1974,NA,71.9243902439024
"New Zealand","NZ","NZL",1973,NA,71.6682926829268
"New Zealand","NZ","NZL",1972,NA,71.8292682926829
"New Zealand","NZ","NZL",1971,NA,71.7731707317073
"New Zealand","NZ","NZL",1970,NA,71.2731707317073
"New Zealand","NZ","NZL",1969,NA,71.4731707317073
"New Zealand","NZ","NZL",1968,NA,71.1243902439025
"New Zealand","NZ","NZL",1967,NA,71.4731707317073
"New Zealand","NZ","NZL",1966,NA,71.1243902439025
"New Zealand","NZ","NZL",1965,NA,71.2268292682927
"New Zealand","NZ","NZL",1964,NA,71.3292682926829
"New Zealand","NZ","NZL",1963,NA,71.280487804878
"New Zealand","NZ","NZL",1962,NA,71.2317073170732
"New Zealand","NZ","NZL",1961,NA,70.9853658536585
"New Zealand","NZ","NZL",1960,NA,71.2365853658537
"Nicaragua","NI","NIC",2023,NA,74.947
"Nicaragua","NI","NIC",2022,NA,74.463
"Nicaragua","NI","NIC",2021,NA,70.478
"Nicaragua","NI","NIC",2020,16.809772538789,70.766
"Nicaragua","NI","NIC",2019,14.9843484599445,73.764
"Nicaragua","NI","NIC",2018,17.5246038706428,73.879
"Nicaragua","NI","NIC",2017,19.1972180629137,73.389
"Nicaragua","NI","NIC",2016,19.6627564192395,73.18
"Nicaragua","NI","NIC",2015,20.8100394575554,72.899
"Nicaragua","NI","NIC",2014,20.337626285854,72.792
"Nicaragua","NI","NIC",2013,22.190051857194,72.551
"Nicaragua","NI","NIC",2012,20.415804406594,72.435
"Nicaragua","NI","NIC",2011,23.0111273786789,72.033
"Nicaragua","NI","NIC",2010,20.6274477367636,71.761
"Nicaragua","NI","NIC",2009,20.9724591700519,71.499
"Nicaragua","NI","NIC",2008,21.8138897668651,71.404
"Nicaragua","NI","NIC",2007,22.862202398137,71.197
"Nicaragua","NI","NIC",2006,23.8278599348014,70.958
"Nicaragua","NI","NIC",2005,24.4213252477922,70.374
"Nicaragua","NI","NIC",2004,24.714118755341,69.51
"Nicaragua","NI","NIC",2003,24.9663582365381,68.749
"Nicaragua","NI","NIC",2002,25.1714026036055,67.95
"Nicaragua","NI","NIC",2001,25.3226107687654,67.028
"Nicaragua","NI","NIC",2000,25.4133416442397,66.36
"Nicaragua","NI","NIC",1999,25.320076539113,65.892
"Nicaragua","NI","NIC",1998,25.0152037271233,64.111
"Nicaragua","NI","NIC",1997,24.6359425674735,65.523
"Nicaragua","NI","NIC",1996,24.3195124193666,65.215
"Nicaragua","NI","NIC",1995,24.2031326420054,64.869
"Nicaragua","NI","NIC",1994,24.2573463998819,64.549
"Nicaragua","NI","NIC",1993,24.3600351631618,64.093
"Nicaragua","NI","NIC",1992,24.5094257495583,63.672
"Nicaragua","NI","NIC",1991,24.7037449767846,63.31
"Nicaragua","NI","NIC",1990,24.9412196625539,62.473
"Nicaragua","NI","NIC",1989,NA,61.884
"Nicaragua","NI","NIC",1988,NA,59.833
"Nicaragua","NI","NIC",1987,NA,57.329
"Nicaragua","NI","NIC",1986,NA,57.558
"Nicaragua","NI","NIC",1985,NA,56.4
"Nicaragua","NI","NIC",1984,NA,56.126
"Nicaragua","NI","NIC",1983,NA,56.851
"Nicaragua","NI","NIC",1982,NA,58.685
"Nicaragua","NI","NIC",1981,NA,58.278
"Nicaragua","NI","NIC",1980,NA,57.953
"Nicaragua","NI","NIC",1979,NA,50.828
"Nicaragua","NI","NIC",1978,NA,53.533
"Nicaragua","NI","NIC",1977,NA,56.126
"Nicaragua","NI","NIC",1976,NA,56.118
"Nicaragua","NI","NIC",1975,NA,55.774
"Nicaragua","NI","NIC",1974,NA,55.401
"Nicaragua","NI","NIC",1973,NA,55.023
"Nicaragua","NI","NIC",1972,NA,47.957
"Nicaragua","NI","NIC",1971,NA,54.219
"Nicaragua","NI","NIC",1970,NA,53.815
"Nicaragua","NI","NIC",1969,NA,53.35
"Nicaragua","NI","NIC",1968,NA,52.865
"Nicaragua","NI","NIC",1967,NA,52.348
"Nicaragua","NI","NIC",1966,NA,51.579
"Nicaragua","NI","NIC",1965,NA,50.647
"Nicaragua","NI","NIC",1964,NA,49.586
"Nicaragua","NI","NIC",1963,NA,48.752
"Nicaragua","NI","NIC",1962,NA,47.981
"Nicaragua","NI","NIC",1961,NA,47.289
"Nicaragua","NI","NIC",1960,NA,46.399
"Niger","NE","NER",2023,NA,61.183
"Niger","NE","NER",2022,NA,60.398
"Niger","NE","NER",2021,NA,59.542
"Niger","NE","NER",2020,85.1223455605238,59.89
"Niger","NE","NER",2019,72.4703210969872,60.031
"Niger","NE","NER",2018,86.0227651747159,59.765
"Niger","NE","NER",2017,88.7878831964248,59.524
"Niger","NE","NER",2016,104.911460730569,59.228
"Niger","NE","NER",2015,107.144665250434,58.85
"Niger","NE","NER",2014,71.6549794121069,58.693
"Niger","NE","NER",2013,74.5895053226238,58.364
"Niger","NE","NER",2012,88.5686252870793,57.987
"Niger","NE","NER",2011,90.9681910382043,57.6
"Niger","NE","NER",2010,87.9840126481428,57.08
"Niger","NE","NER",2009,88.0349462944483,56.487
"Niger","NE","NER",2008,88.1868966414272,55.852
"Niger","NE","NER",2007,88.3730477585325,55.063
"Niger","NE","NER",2006,88.5265837152172,54.223
"Niger","NE","NER",2005,88.5806885809342,53.32
"Niger","NE","NER",2004,88.4534710516555,52.402
"Niger","NE","NER",2003,88.1359016394849,51.545
"Niger","NE","NER",2002,87.6704571380728,50.645
"Niger","NE","NER",2001,87.0996143410697,49.872
"Niger","NE","NER",2000,86.4658500421261,49.172
"Niger","NE","NER",1999,85.145667124916,48.48
"Niger","NE","NER",1998,82.9385141499476,47.807
"Niger","NE","NER",1997,80.5212864261224,47.097
"Niger","NE","NER",1996,78.5708792623417,46.313
"Niger","NE","NER",1995,77.7641879675072,45.504
"Niger","NE","NER",1994,77.8432133657521,44.586
"Niger","NE","NER",1993,78.1706793594394,43.838
"Niger","NE","NER",1992,78.8545658748146,43.064
"Niger","NE","NER",1991,80.0028528381233,42.289
"Niger","NE","NER",1990,81.723520175611,41.732
"Niger","NE","NER",1989,NA,41.188
"Niger","NE","NER",1988,NA,40.791
"Niger","NE","NER",1987,NA,40.468
"Niger","NE","NER",1986,NA,40.251
"Niger","NE","NER",1985,NA,40.12
"Niger","NE","NER",1984,NA,39.989
"Niger","NE","NER",1983,NA,39.979
"Niger","NE","NER",1982,NA,39.844
"Niger","NE","NER",1981,NA,39.637
"Niger","NE","NER",1980,NA,39.344
"Niger","NE","NER",1979,NA,38.889
"Niger","NE","NER",1978,NA,38.267
"Niger","NE","NER",1977,NA,37.689
"Niger","NE","NER",1976,NA,37.101
"Niger","NE","NER",1975,NA,36.568
"Niger","NE","NER",1974,NA,36.195
"Niger","NE","NER",1973,NA,35.938
"Niger","NE","NER",1972,NA,35.813
"Niger","NE","NER",1971,NA,35.294
"Niger","NE","NER",1970,NA,35.919
"Niger","NE","NER",1969,NA,36.003
"Niger","NE","NER",1968,NA,36.128
"Niger","NE","NER",1967,NA,36.243
"Niger","NE","NER",1966,NA,36.331
"Niger","NE","NER",1965,NA,36.404
"Niger","NE","NER",1964,NA,36.464
"Niger","NE","NER",1963,NA,36.437
"Niger","NE","NER",1962,NA,36.319
"Niger","NE","NER",1961,NA,36.287
"Niger","NE","NER",1960,NA,36.193
"Nigeria","NG","NGA",2023,NA,54.462
"Nigeria","NG","NGA",2022,NA,54.079
"Nigeria","NG","NGA",2021,NA,53.455
"Nigeria","NG","NGA",2020,56.5313287289257,53.072
"Nigeria","NG","NGA",2019,51.7218388551219,53.009
"Nigeria","NG","NGA",2018,57.0231990642382,52.669
"Nigeria","NG","NGA",2017,63.2053051290842,52.397
"Nigeria","NG","NGA",2016,65.4340626973271,52.189
"Nigeria","NG","NGA",2015,77.1229282609024,51.939
"Nigeria","NG","NGA",2014,48.1823551711454,51.94
"Nigeria","NG","NGA",2013,48.1407324958574,51.827
"Nigeria","NG","NGA",2012,59.3321391307662,51.688
"Nigeria","NG","NGA",2011,55.0630390979346,51.49
"Nigeria","NG","NGA",2010,49.5384605715282,51.315
"Nigeria","NG","NGA",2009,49.8346440192099,51.08
"Nigeria","NG","NGA",2008,50.6308298088503,50.748
"Nigeria","NG","NGA",2007,51.7869922895432,50.381
"Nigeria","NG","NGA",2006,53.1631058103829,49.876
"Nigeria","NG","NGA",2005,54.6191447204634,49.538
"Nigeria","NG","NGA",2004,56.8972230572213,49.148
"Nigeria","NG","NGA",2003,60.2336147764619,48.618
"Nigeria","NG","NGA",2002,63.7295341048324,48.02
"Nigeria","NG","NGA",2001,66.48619526898,47.549
"Nigeria","NG","NGA",2000,67.6048124955521,47.143
"Nigeria","NG","NGA",1999,66.9787218770144,46.609
"Nigeria","NG","NGA",1998,65.485736555886,46.148
"Nigeria","NG","NGA",1997,63.7037863338941,45.96
"Nigeria","NG","NGA",1996,62.2108010127657,45.833
"Nigeria","NG","NGA",1995,61.584710394228,45.87
"Nigeria","NG","NGA",1994,61.6827070386496,45.748
"Nigeria","NG","NGA",1993,62.0170782301975,45.783
"Nigeria","NG","NGA",1992,62.6483958562957,45.587
"Nigeria","NG","NGA",1991,63.6372318043686,45.483
"Nigeria","NG","NGA",1990,65.0441579618405,45.733
"Nigeria","NG","NGA",1989,NA,45.83
"Nigeria","NG","NGA",1988,NA,45.834
"Nigeria","NG","NGA",1987,NA,45.89
"Nigeria","NG","NGA",1986,NA,45.953
"Nigeria","NG","NGA",1985,NA,46.193
"Nigeria","NG","NGA",1984,NA,46.339
"Nigeria","NG","NGA",1983,NA,46.442
"Nigeria","NG","NGA",1982,NA,46.437
"Nigeria","NG","NGA",1981,NA,46.309
"Nigeria","NG","NGA",1980,NA,45.959
"Nigeria","NG","NGA",1979,NA,45.738
"Nigeria","NG","NGA",1978,NA,45.348
"Nigeria","NG","NGA",1977,NA,44.847
"Nigeria","NG","NGA",1976,NA,44.186
"Nigeria","NG","NGA",1975,NA,43.054
"Nigeria","NG","NGA",1974,NA,42.489
"Nigeria","NG","NGA",1973,NA,41.831
"Nigeria","NG","NGA",1972,NA,41.273
"Nigeria","NG","NGA",1971,NA,40.606
"Nigeria","NG","NGA",1970,NA,40.008
"Nigeria","NG","NGA",1969,NA,38.946
"Nigeria","NG","NGA",1968,NA,38.642
"Nigeria","NG","NGA",1967,NA,37.497
"Nigeria","NG","NGA",1966,NA,38.355
"Nigeria","NG","NGA",1965,NA,38.221
"Nigeria","NG","NGA",1964,NA,37.98
"Nigeria","NG","NGA",1963,NA,37.806
"Nigeria","NG","NGA",1962,NA,37.606
"Nigeria","NG","NGA",1961,NA,37.427
"Nigeria","NG","NGA",1960,NA,37.207
"North Macedonia","MK","MKD",2023,NA,75.3160975609756
"North Macedonia","MK","MKD",2022,NA,74.4248780487805
"North Macedonia","MK","MKD",2021,NA,73.2463414634146
"North Macedonia","MK","MKD",2020,26.118651401474,74.3951219512195
"North Macedonia","MK","MKD",2019,25.8786881284068,76.6024390243903
"North Macedonia","MK","MKD",2018,31.0045303573284,76.6487804878049
"North Macedonia","MK","MKD",2017,30.4645094005313,75.9536585365854
"North Macedonia","MK","MKD",2016,30.0799243464009,75.4
"North Macedonia","MK","MKD",2015,31.8724776060607,75.4024390243902
"North Macedonia","MK","MKD",2014,33.7775349314159,75.4512195121951
"North Macedonia","MK","MKD",2013,32.7169102539109,75.4
"North Macedonia","MK","MKD",2012,35.8424435184763,74.9024390243903
"North Macedonia","MK","MKD",2011,40.0646898780776,75.1
"North Macedonia","MK","MKD",2010,34.3123770557157,74.9975609756098
"North Macedonia","MK","MKD",2009,34.6946054990783,74.4463414634146
"North Macedonia","MK","MKD",2008,35.6121850379648,74.4
"North Macedonia","MK","MKD",2007,36.7214569855729,73.8
"North Macedonia","MK","MKD",2006,37.6787626551004,73.8951219512195
"North Macedonia","MK","MKD",2005,38.1404433597452,73.6975609756098
"North Macedonia","MK","MKD",2004,38.2192385918736,73.5975609756098
"North Macedonia","MK","MKD",2003,38.2684224047552,73.2414634146342
"North Macedonia","MK","MKD",2002,38.3051379529426,73.0390243902439
"North Macedonia","MK","MKD",2001,38.3465283909884,73.4365853658537
"North Macedonia","MK","MKD",2000,38.4097368734453,72.9463414634147
"North Macedonia","MK","MKD",1999,38.6073520355069,72.790243902439
"North Macedonia","MK","MKD",1998,38.9915415350854,72.2975609756098
"North Macedonia","MK","MKD",1997,39.4888170608108,72.4463414634146
"North Macedonia","MK","MKD",1996,40.0256903013132,72.4951219512195
"North Macedonia","MK","MKD",1995,40.5286729452227,71.8487804878049
"North Macedonia","MK","MKD",1994,40.9884378768511,71.6926829268293
"North Macedonia","MK","MKD",1993,41.4464670908242,71.5965609756098
"North Macedonia","MK","MKD",1992,41.9054859412435,71.1484634146342
"North Macedonia","MK","MKD",1991,42.3682197822104,71.5829024390244
"North Macedonia","MK","MKD",1990,42.8373939678263,71.1720975609756
"North Macedonia","MK","MKD",1989,NA,70.9574634146342
"North Macedonia","MK","MKD",1988,NA,70.3136097560976
"North Macedonia","MK","MKD",1987,NA,70.2638048780488
"North Macedonia","MK","MKD",1986,NA,70.1540975609756
"North Macedonia","MK","MKD",1985,NA,70.0877804878049
"North Macedonia","MK","MKD",1984,NA,70.0617804878049
"North Macedonia","MK","MKD",1983,NA,69.6072926829268
"North Macedonia","MK","MKD",1982,NA,69.7328536585366
"North Macedonia","MK","MKD",1981,NA,69.3280975609756
"North Macedonia","MK","MKD",1980,NA,68.9679756097561
"North Macedonia","MK","MKD",1979,NA,69.0623658536585
"North Macedonia","MK","MKD",1978,NA,68.9548780487805
"North Macedonia","MK","MKD",1977,NA,68.1356585365854
"North Macedonia","MK","MKD",1976,NA,67.7716829268293
"North Macedonia","MK","MKD",1975,NA,67.1628780487805
"North Macedonia","MK","MKD",1974,NA,67.0261951219512
"North Macedonia","MK","MKD",1973,NA,66.9862682926829
"North Macedonia","MK","MKD",1972,NA,65.5685853658537
"North Macedonia","MK","MKD",1971,NA,65.1379268292683
"North Macedonia","MK","MKD",1970,NA,64.9018292682927
"North Macedonia","MK","MKD",1969,NA,63.9315365853659
"North Macedonia","MK","MKD",1968,NA,64.5210975609756
"North Macedonia","MK","MKD",1967,NA,63.7112926829268
"North Macedonia","MK","MKD",1966,NA,63.4809024390244
"North Macedonia","MK","MKD",1965,NA,62.5633658536586
"North Macedonia","MK","MKD",1964,NA,61.5034146341463
"North Macedonia","MK","MKD",1963,NA,61.3576097560976
"North Macedonia","MK","MKD",1962,NA,59.2847317073171
"North Macedonia","MK","MKD",1961,NA,61.7780975609756
"North Macedonia","MK","MKD",1960,NA,60.5017317073171
"Northern Mariana Islands","MP","MNP",2023,NA,78.808
"Northern Mariana Islands","MP","MNP",2022,NA,78.531
"Northern Mariana Islands","MP","MNP",2021,NA,78.16
"Northern Mariana Islands","MP","MNP",2020,9.71463085081006,78.03
"Northern Mariana Islands","MP","MNP",2019,9.84143557608585,77.844
"Northern Mariana Islands","MP","MNP",2018,9.62412986327666,77.51
"Northern Mariana Islands","MP","MNP",2017,8.66444820035672,77.47
"Northern Mariana Islands","MP","MNP",2016,8.84992578196304,77.392
"Northern Mariana Islands","MP","MNP",2015,10.0354064990389,77.36
"Northern Mariana Islands","MP","MNP",2014,7.95017675722504,77.377
"Northern Mariana Islands","MP","MNP",2013,8.34132545489065,77.452
"Northern Mariana Islands","MP","MNP",2012,7.5052512813434,77.566
"Northern Mariana Islands","MP","MNP",2011,7.48699128265064,77.688
"Northern Mariana Islands","MP","MNP",2010,7.67641551778095,77.8
"Northern Mariana Islands","MP","MNP",2009,7.83420696997539,77.903
"Northern Mariana Islands","MP","MNP",2008,7.98242327568191,77.938
"Northern Mariana Islands","MP","MNP",2007,8.12748279919523,77.863
"Northern Mariana Islands","MP","MNP",2006,8.27580390481009,77.688
"Northern Mariana Islands","MP","MNP",2005,8.43380495682119,77.307
"Northern Mariana Islands","MP","MNP",2004,8.62184115679037,76.789
"Northern Mariana Islands","MP","MNP",2003,8.83679675175427,76.505
"Northern Mariana Islands","MP","MNP",2002,9.04988367421985,75.934
"Northern Mariana Islands","MP","MNP",2001,9.23231385669407,75.419
"Northern Mariana Islands","MP","MNP",2000,9.35529923168387,74.9
"Northern Mariana Islands","MP","MNP",1999,9.37924650644989,74.262
"Northern Mariana Islands","MP","MNP",1998,9.31936440580796,73.573
"Northern Mariana Islands","MP","MNP",1997,9.22906788859786,72.947
"Northern Mariana Islands","MP","MNP",1996,9.16177191365936,72.442
"Northern Mariana Islands","MP","MNP",1995,9.17089143983225,71.938
"Northern Mariana Islands","MP","MNP",1994,9.23803469227088,71.533
"Northern Mariana Islands","MP","MNP",1993,9.30910126994122,71.156
"Northern Mariana Islands","MP","MNP",1992,9.38394319240048,70.762
"Northern Mariana Islands","MP","MNP",1991,9.46241247920586,70.362
"Northern Mariana Islands","MP","MNP",1990,9.54436114991457,70.038
"Northern Mariana Islands","MP","MNP",1989,NA,69.784
"Northern Mariana Islands","MP","MNP",1988,NA,69.614
"Northern Mariana Islands","MP","MNP",1987,NA,69.48
"Northern Mariana Islands","MP","MNP",1986,NA,69.357
"Northern Mariana Islands","MP","MNP",1985,NA,69.231
"Northern Mariana Islands","MP","MNP",1984,NA,69.062
"Northern Mariana Islands","MP","MNP",1983,NA,68.858
"Northern Mariana Islands","MP","MNP",1982,NA,68.692
"Northern Mariana Islands","MP","MNP",1981,NA,68.479
"Northern Mariana Islands","MP","MNP",1980,NA,68.302
"Northern Mariana Islands","MP","MNP",1979,NA,68.123
"Northern Mariana Islands","MP","MNP",1978,NA,67.903
"Northern Mariana Islands","MP","MNP",1977,NA,67.653
"Northern Mariana Islands","MP","MNP",1976,NA,67.278
"Northern Mariana Islands","MP","MNP",1975,NA,66.85
"Northern Mariana Islands","MP","MNP",1974,NA,66.434
"Northern Mariana Islands","MP","MNP",1973,NA,65.988
"Northern Mariana Islands","MP","MNP",1972,NA,65.557
"Northern Mariana Islands","MP","MNP",1971,NA,65.196
"Northern Mariana Islands","MP","MNP",1970,NA,64.831
"Northern Mariana Islands","MP","MNP",1969,NA,64.475
"Northern Mariana Islands","MP","MNP",1968,NA,64.076
"Northern Mariana Islands","MP","MNP",1967,NA,63.711
"Northern Mariana Islands","MP","MNP",1966,NA,63.331
"Northern Mariana Islands","MP","MNP",1965,NA,62.958
"Northern Mariana Islands","MP","MNP",1964,NA,62.592
"Northern Mariana Islands","MP","MNP",1963,NA,62.308
"Northern Mariana Islands","MP","MNP",1962,NA,61.972
"Northern Mariana Islands","MP","MNP",1961,NA,61.671
"Northern Mariana Islands","MP","MNP",1960,NA,61.39
"Norway","NO","NOR",2023,NA,83.0121951219512
"Norway","NO","NOR",2022,NA,82.509756097561
"Norway","NO","NOR",2021,NA,83.1634146341463
"Norway","NO","NOR",2020,6.05589724673443,83.209756097561
"Norway","NO","NOR",2019,6.38122446338577,82.9585365853659
"Norway","NO","NOR",2018,6.69607752509394,82.7585365853659
"Norway","NO","NOR",2017,6.52155808218128,82.609756097561
"Norway","NO","NOR",2016,6.23059189808068,82.4073170731707
"Norway","NO","NOR",2015,6.75214227846257,82.3048780487805
"Norway","NO","NOR",2014,7.09267324687363,82.1
"Norway","NO","NOR",2013,7.02749190738719,81.7512195121951
"Norway","NO","NOR",2012,7.30698815670179,81.4512195121951
"Norway","NO","NOR",2011,8.65989791417676,81.2951219512195
"Norway","NO","NOR",2010,7.85010783433474,80.9975609756098
"Norway","NO","NOR",2009,7.89254973194028,80.7951219512195
"Norway","NO","NOR",2008,8.00676104351433,80.5926829268293
"Norway","NO","NOR",2007,8.17307019719305,80.3951219512195
"Norway","NO","NOR",2006,8.3718056211126,80.3439024390244
"Norway","NO","NOR",2005,8.58329574340912,80.0414634146342
"Norway","NO","NOR",2004,8.88434817216868,79.8414634146342
"Norway","NO","NOR",2003,9.30851275504977,79.390243902439
"Norway","NO","NOR",2002,9.77123127954717,78.9878048780488
"Norway","NO","NOR",2001,10.1879455331557,78.7853658536585
"Norway","NO","NOR",2000,10.4740973033701,78.6341463414634
"Norway","NO","NOR",1999,10.6399709548275,78.2829268292683
"Norway","NO","NOR",1998,10.7675426438744,78.3292682926829
"Norway","NO","NOR",1997,10.8797918455698,78.1426829268293
"Norway","NO","NOR",1996,10.9996980349726,78.1504878048781
"Norway","NO","NOR",1995,11.1502406871417,77.7365853658537
"Norway","NO","NOR",1994,11.3247416447593,77.689756097561
"Norway","NO","NOR",1993,11.5019475173782,77.1517073170732
"Norway","NO","NOR",1992,11.6829749303641,77.1843902439025
"Norway","NO","NOR",1991,11.8689405090827,76.9807317073171
"Norway","NO","NOR",1990,12.0609608788995,76.5373170731707
"Norway","NO","NOR",1989,NA,76.500487804878
"Norway","NO","NOR",1988,NA,76.2204878048781
"Norway","NO","NOR",1987,NA,76.0817073170732
"Norway","NO","NOR",1986,NA,76.2412195121951
"Norway","NO","NOR",1985,NA,75.9168292682927
"Norway","NO","NOR",1984,NA,76.2243902439024
"Norway","NO","NOR",1983,NA,76.0668292682927
"Norway","NO","NOR",1982,NA,76.0109756097561
"Norway","NO","NOR",1981,NA,75.8690243902439
"Norway","NO","NOR",1980,NA,75.6717073170732
"Norway","NO","NOR",1979,NA,75.4139024390244
"Norway","NO","NOR",1978,NA,75.4185365853659
"Norway","NO","NOR",1977,NA,75.3868292682927
"Norway","NO","NOR",1976,NA,75.039512195122
"Norway","NO","NOR",1975,NA,74.8175609756098
"Norway","NO","NOR",1974,NA,74.7536585365854
"Norway","NO","NOR",1973,NA,74.4421951219512
"Norway","NO","NOR",1972,NA,74.3446341463415
"Norway","NO","NOR",1971,NA,74.1792682926829
"Norway","NO","NOR",1970,NA,74.0880487804878
"Norway","NO","NOR",1969,NA,73.6634146341463
"Norway","NO","NOR",1968,NA,73.9419512195122
"Norway","NO","NOR",1967,NA,74.0665853658537
"Norway","NO","NOR",1966,NA,73.9953658536585
"Norway","NO","NOR",1965,NA,73.7231707317073
"Norway","NO","NOR",1964,NA,73.5958536585366
"Norway","NO","NOR",1963,NA,73.0775609756098
"Norway","NO","NOR",1962,NA,73.4480487804878
"Norway","NO","NOR",1961,NA,73.5504878048781
"Norway","NO","NOR",1960,NA,73.549756097561
"Oman","OM","OMN",2023,NA,80.031
"Oman","OM","OMN",2022,NA,77.911
"Oman","OM","OMN",2021,NA,75.969
"Oman","OM","OMN",2020,39.5835768902765,77.763
"Oman","OM","OMN",2019,44.8977643665473,79.946
"Oman","OM","OMN",2018,49.6250528984572,79.864
"Oman","OM","OMN",2017,48.7046852088573,79.748
"Oman","OM","OMN",2016,45.4803385490064,79.581
"Oman","OM","OMN",2015,47.9189950499705,79.346
"Oman","OM","OMN",2014,41.256352667596,79.03
"Oman","OM","OMN",2013,47.6490783670685,78.633
"Oman","OM","OMN",2012,52.3107821072608,78.187
"Oman","OM","OMN",2011,49.2481622561594,77.74
"Oman","OM","OMN",2010,42.5453623091529,77.184
"Oman","OM","OMN",2009,42.9936108717757,76.631
"Oman","OM","OMN",2008,44.0650405651187,76.124
"Oman","OM","OMN",2007,45.3496773973946,75.596
"Oman","OM","OMN",2006,46.4375473768157,75.354
"Oman","OM","OMN",2005,46.9186765115943,75.07
"Oman","OM","OMN",2004,46.9484762907932,74.82
"Oman","OM","OMN",2003,46.9562614200604,74.521
"Oman","OM","OMN",2002,46.942912732487,74.276
"Oman","OM","OMN",2001,46.9093110611639,73.979
"Oman","OM","OMN",2000,46.856337239182,73.643
"Oman","OM","OMN",1999,46.2024023472123,73.276
"Oman","OM","OMN",1998,44.7332103880604,72.882
"Oman","OM","OMN",1997,43.0005815780186,72.463
"Oman","OM","OMN",1996,41.5563361333791,72.023
"Oman","OM","OMN",1995,40.9522942704343,71.56
"Oman","OM","OMN",1994,41.2333327642325,71.072
"Oman","OM","OMN",1993,42.0636263098988,70.608
"Oman","OM","OMN",1992,43.4239420038412,70.114
"Oman","OM","OMN",1991,45.2950469424676,69.584
"Oman","OM","OMN",1990,47.6577082221859,69.012
"Oman","OM","OMN",1989,NA,68.393
"Oman","OM","OMN",1988,NA,67.718
"Oman","OM","OMN",1987,NA,66.979
"Oman","OM","OMN",1986,NA,66.168
"Oman","OM","OMN",1985,NA,65.281
"Oman","OM","OMN",1984,NA,64.272
"Oman","OM","OMN",1983,NA,63.192
"Oman","OM","OMN",1982,NA,62.049
"Oman","OM","OMN",1981,NA,60.802
"Oman","OM","OMN",1980,NA,59.601
"Oman","OM","OMN",1979,NA,58.328
"Oman","OM","OMN",1978,NA,57.037
"Oman","OM","OMN",1977,NA,55.524
"Oman","OM","OMN",1976,NA,54.448
"Oman","OM","OMN",1975,NA,52.511
"Oman","OM","OMN",1974,NA,51.228
"Oman","OM","OMN",1973,NA,49.964
"Oman","OM","OMN",1972,NA,48.717
"Oman","OM","OMN",1971,NA,47.868
"Oman","OM","OMN",1970,NA,46.64
"Oman","OM","OMN",1969,NA,45.624
"Oman","OM","OMN",1968,NA,44.395
"Oman","OM","OMN",1967,NA,43.177
"Oman","OM","OMN",1966,NA,41.975
"Oman","OM","OMN",1965,NA,40.791
"Oman","OM","OMN",1964,NA,39.628
"Oman","OM","OMN",1963,NA,38.498
"Oman","OM","OMN",1962,NA,37.413
"Oman","OM","OMN",1961,NA,36.386
"Oman","OM","OMN",1960,NA,35.429
"Pakistan","PK","PAK",2023,NA,67.649
"Pakistan","PK","PAK",2022,NA,67.417
"Pakistan","PK","PAK",2021,NA,65.773
"Pakistan","PK","PAK",2020,42.9981734249878,65.701
"Pakistan","PK","PAK",2019,52.8571976958305,66.729
"Pakistan","PK","PAK",2018,62.3894976390133,66.481
"Pakistan","PK","PAK",2017,61.7967274713574,66.223
"Pakistan","PK","PAK",2016,68.5228297189002,65.943
"Pakistan","PK","PAK",2015,68.0068767608943,65.641
"Pakistan","PK","PAK",2014,71.7121701033462,65.374
"Pakistan","PK","PAK",2013,68.5813248667094,65.129
"Pakistan","PK","PAK",2012,66.8719540673752,64.883
"Pakistan","PK","PAK",2011,55.754979166674,64.659
"Pakistan","PK","PAK",2010,46.5708385959715,64.378
"Pakistan","PK","PAK",2009,47.7996621859414,64.206
"Pakistan","PK","PAK",2008,50.7539150601749,64.002
"Pakistan","PK","PAK",2007,54.3352703751572,63.807
"Pakistan","PK","PAK",2006,57.4454012873738,63.624
"Pakistan","PK","PAK",2005,58.9859809533101,62.416
"Pakistan","PK","PAK",2004,59.2674942695927,63.097
"Pakistan","PK","PAK",2003,59.3699841751069,62.834
"Pakistan","PK","PAK",2002,59.3494608897258,62.556
"Pakistan","PK","PAK",2001,59.2619346333226,62.241
"Pakistan","PK","PAK",2000,59.1634156257704,61.903
"Pakistan","PK","PAK",1999,58.8832024834724,61.54
"Pakistan","PK","PAK",1998,58.3494929349369,61.134
"Pakistan","PK","PAK",1997,57.7666458681954,60.623
"Pakistan","PK","PAK",1996,57.339020171279,60.466
"Pakistan","PK","PAK",1995,57.270974732219,60.273
"Pakistan","PK","PAK",1994,57.5463824584954,60.197
"Pakistan","PK","PAK",1993,58.003168959963,60.083
"Pakistan","PK","PAK",1992,58.6267721782156,59.983
"Pakistan","PK","PAK",1991,59.4026300548473,59.864
"Pakistan","PK","PAK",1990,60.3161805314517,59.728
"Pakistan","PK","PAK",1989,NA,59.528
"Pakistan","PK","PAK",1988,NA,59.36
"Pakistan","PK","PAK",1987,NA,59.222
"Pakistan","PK","PAK",1986,NA,59.167
"Pakistan","PK","PAK",1985,NA,59.075
"Pakistan","PK","PAK",1984,NA,58.921
"Pakistan","PK","PAK",1983,NA,58.663
"Pakistan","PK","PAK",1982,NA,58.291
"Pakistan","PK","PAK",1981,NA,57.764
"Pakistan","PK","PAK",1980,NA,57.199
"Pakistan","PK","PAK",1979,NA,56.614
"Pakistan","PK","PAK",1978,NA,56.072
"Pakistan","PK","PAK",1977,NA,55.482
"Pakistan","PK","PAK",1976,NA,55.069
"Pakistan","PK","PAK",1975,NA,54.722
"Pakistan","PK","PAK",1974,NA,54.266
"Pakistan","PK","PAK",1973,NA,54.09
"Pakistan","PK","PAK",1972,NA,53.824
"Pakistan","PK","PAK",1971,NA,49.002
"Pakistan","PK","PAK",1970,NA,52.943
"Pakistan","PK","PAK",1969,NA,52.316
"Pakistan","PK","PAK",1968,NA,51.624
"Pakistan","PK","PAK",1967,NA,50.763
"Pakistan","PK","PAK",1966,NA,49.797
"Pakistan","PK","PAK",1965,NA,48.495
"Pakistan","PK","PAK",1964,NA,47.831
"Pakistan","PK","PAK",1963,NA,46.761
"Pakistan","PK","PAK",1962,NA,45.85
"Pakistan","PK","PAK",1961,NA,44.956
"Pakistan","PK","PAK",1960,NA,44.101
"Palau","PW","PLW",2023,NA,69.269
"Palau","PW","PLW",2022,NA,68.922
"Palau","PW","PLW",2021,NA,68.563
"Palau","PW","PLW",2020,7.32770979431049,68.689
"Palau","PW","PLW",2019,7.7458949684632,68.982
"Palau","PW","PLW",2018,7.89247642068436,68.989
"Palau","PW","PLW",2017,7.00179922406389,69.019
"Palau","PW","PLW",2016,7.01158253537855,69.046
"Palau","PW","PLW",2015,8.9368293884579,69.07
"Palau","PW","PLW",2014,7.36831173894939,69.062
"Palau","PW","PLW",2013,6.83322852151998,68.981
"Palau","PW","PLW",2012,6.91010906908075,68.863
"Palau","PW","PLW",2011,6.55202461166189,68.638
"Palau","PW","PLW",2010,5.80647491214958,68.347
"Palau","PW","PLW",2009,5.92590034288471,67.99
"Palau","PW","PLW",2008,6.21445457808398,67.562
"Palau","PW","PLW",2007,6.56755453223822,67.113
"Palau","PW","PLW",2006,6.88061711983826,66.633
"Palau","PW","PLW",2005,7.04905925537493,66.219
"Palau","PW","PLW",2004,7.10249472303506,65.816
"Palau","PW","PLW",2003,7.14279221821298,65.446
"Palau","PW","PLW",2002,7.17375102221071,65.076
"Palau","PW","PLW",2001,7.19917041633027,64.8
"Palau","PW","PLW",2000,7.22284968187368,64.499
"Palau","PW","PLW",1999,7.2334265734883,64.23
"Palau","PW","PLW",1998,7.22634711605237,63.951
"Palau","PW","PLW",1997,7.21562299621427,63.707
"Palau","PW","PLW",1996,7.21526590062238,63.455
"Palau","PW","PLW",1995,7.23928751592508,63.255
"Palau","PW","PLW",1994,7.29412801634251,63.104
"Palau","PW","PLW",1993,7.37470141590633,62.98
"Palau","PW","PLW",1992,7.47773016098214,62.926
"Palau","PW","PLW",1991,7.59993669793553,62.849
"Palau","PW","PLW",1990,7.7380434731321,62.79
"Palau","PW","PLW",1989,NA,62.777
"Palau","PW","PLW",1988,NA,62.779
"Palau","PW","PLW",1987,NA,62.771
"Palau","PW","PLW",1986,NA,62.752
"Palau","PW","PLW",1985,NA,62.72
"Palau","PW","PLW",1984,NA,62.638
"Palau","PW","PLW",1983,NA,62.477
"Palau","PW","PLW",1982,NA,62.333
"Palau","PW","PLW",1981,NA,62.142
"Palau","PW","PLW",1980,NA,61.909
"Palau","PW","PLW",1979,NA,61.616
"Palau","PW","PLW",1978,NA,61.294
"Palau","PW","PLW",1977,NA,60.899
"Palau","PW","PLW",1976,NA,60.469
"Palau","PW","PLW",1975,NA,59.998
"Palau","PW","PLW",1974,NA,59.492
"Palau","PW","PLW",1973,NA,59.024
"Palau","PW","PLW",1972,NA,58.557
"Palau","PW","PLW",1971,NA,58.108
"Palau","PW","PLW",1970,NA,57.674
"Palau","PW","PLW",1969,NA,57.253
"Palau","PW","PLW",1968,NA,56.886
"Palau","PW","PLW",1967,NA,56.54
"Palau","PW","PLW",1966,NA,56.212
"Palau","PW","PLW",1965,NA,55.938
"Palau","PW","PLW",1964,NA,55.795
"Palau","PW","PLW",1963,NA,55.567
"Palau","PW","PLW",1962,NA,55.378
"Palau","PW","PLW",1961,NA,55.092
"Palau","PW","PLW",1960,NA,54.853
"Panama","PA","PAN",2023,NA,79.594
"Panama","PA","PAN",2022,NA,79.324
"Panama","PA","PAN",2021,NA,77.004
"Panama","PA","PAN",2020,11.4700607490209,76.33
"Panama","PA","PAN",2019,11.8842931085395,78.514
"Panama","PA","PAN",2018,13.2136956449094,78.266
"Panama","PA","PAN",2017,13.844753026596,77.901
"Panama","PA","PAN",2016,13.8724498973293,77.772
"Panama","PA","PAN",2015,14.7706187901647,77.583
"Panama","PA","PAN",2014,14.8554074199235,77.365
"Panama","PA","PAN",2013,15.3884130435778,77.129
"Panama","PA","PAN",2012,14.6776716917331,76.877
"Panama","PA","PAN",2011,15.8945138063768,76.659
"Panama","PA","PAN",2010,15.1289454814112,76.417
"Panama","PA","PAN",2009,15.3300654912291,76.228
"Panama","PA","PAN",2008,15.8317581488557,75.937
"Panama","PA","PAN",2007,16.4824078207149,75.675
"Panama","PA","PAN",2006,17.130398873231,75.429
"Panama","PA","PAN",2005,17.6241156728278,75.16
"Panama","PA","PAN",2004,18.0038452585985,74.845
"Panama","PA","PAN",2003,18.3823010749667,74.567
"Panama","PA","PAN",2002,18.7165070963527,74.195
"Panama","PA","PAN",2001,18.9634872971769,73.82
"Panama","PA","PAN",2000,19.0802656518594,73.443
"Panama","PA","PAN",1999,18.9699803315467,73.124
"Panama","PA","PAN",1998,18.6532833102252,72.785
"Panama","PA","PAN",1997,18.2634692665753,72.541
"Panama","PA","PAN",1996,17.9338328792773,72.199
"Panama","PA","PAN",1995,17.7976688270115,71.994
"Panama","PA","PAN",1994,17.8353189217804,71.943
"Panama","PA","PAN",1993,17.9362321020216,71.805
"Panama","PA","PAN",1992,18.0973637360687,71.461
"Panama","PA","PAN",1991,18.3156691922549,71.331
"Panama","PA","PAN",1990,18.5881038389138,71.266
"Panama","PA","PAN",1989,NA,70.137
"Panama","PA","PAN",1988,NA,70.945
"Panama","PA","PAN",1987,NA,70.811
"Panama","PA","PAN",1986,NA,70.669
"Panama","PA","PAN",1985,NA,70.544
"Panama","PA","PAN",1984,NA,70.403
"Panama","PA","PAN",1983,NA,70.133
"Panama","PA","PAN",1982,NA,69.9
"Panama","PA","PAN",1981,NA,69.79
"Panama","PA","PAN",1980,NA,69.451
"Panama","PA","PAN",1979,NA,69.09
"Panama","PA","PAN",1978,NA,68.687
"Panama","PA","PAN",1977,NA,68.252
"Panama","PA","PAN",1976,NA,67.794
"Panama","PA","PAN",1975,NA,67.243
"Panama","PA","PAN",1974,NA,66.552
"Panama","PA","PAN",1973,NA,65.783
"Panama","PA","PAN",1972,NA,65.183
"Panama","PA","PAN",1971,NA,64.666
"Panama","PA","PAN",1970,NA,64.068
"Panama","PA","PAN",1969,NA,63.66
"Panama","PA","PAN",1968,NA,63.242
"Panama","PA","PAN",1967,NA,62.887
"Panama","PA","PAN",1966,NA,62.629
"Panama","PA","PAN",1965,NA,62.337
"Panama","PA","PAN",1964,NA,62.101
"Panama","PA","PAN",1963,NA,61.814
"Panama","PA","PAN",1962,NA,61.428
"Panama","PA","PAN",1961,NA,60.914
"Panama","PA","PAN",1960,NA,60.278
"Papua New Guinea","PG","PNG",2023,NA,66.134
"Papua New Guinea","PG","PNG",2022,NA,65.274
"Papua New Guinea","PG","PNG",2021,NA,64.358
"Papua New Guinea","PG","PNG",2020,17.3105425567239,65.075
"Papua New Guinea","PG","PNG",2019,16.8882962616477,65.331
"Papua New Guinea","PG","PNG",2018,16.9173285412659,65.114
"Papua New Guinea","PG","PNG",2017,15.9304225286163,64.923
"Papua New Guinea","PG","PNG",2016,16.1543562654462,64.7
"Papua New Guinea","PG","PNG",2015,16.8683385698187,64.473
"Papua New Guinea","PG","PNG",2014,16.3724587034254,64.198
"Papua New Guinea","PG","PNG",2013,16.4981287099923,63.927
"Papua New Guinea","PG","PNG",2012,16.4683365083609,63.639
"Papua New Guinea","PG","PNG",2011,16.4633105206394,63.382
"Papua New Guinea","PG","PNG",2010,17.2144137518733,63.056
"Papua New Guinea","PG","PNG",2009,17.082251596886,62.772
"Papua New Guinea","PG","PNG",2008,16.7947395917014,62.511
"Papua New Guinea","PG","PNG",2007,16.4575528114311,62.211
"Papua New Guinea","PG","PNG",2006,16.1763663311866,62.018
"Papua New Guinea","PG","PNG",2005,16.0568552260794,61.868
"Papua New Guinea","PG","PNG",2004,16.2497392863798,61.795
"Papua New Guinea","PG","PNG",2003,16.7159212631198,61.741
"Papua New Guinea","PG","PNG",2002,17.2763506725535,61.643
"Papua New Guinea","PG","PNG",2001,17.7519770309355,61.647
"Papua New Guinea","PG","PNG",2000,17.9637498545198,61.609
"Papua New Guinea","PG","PNG",1999,17.9091577227974,61.505
"Papua New Guinea","PG","PNG",1998,17.7494381400408,60.435
"Papua New Guinea","PG","PNG",1997,17.5511640096778,61.27
"Papua New Guinea","PG","PNG",1996,17.3809082351359,61.071
"Papua New Guinea","PG","PNG",1995,17.3052437198426,60.929
"Papua New Guinea","PG","PNG",1994,17.3346901440033,60.726
"Papua New Guinea","PG","PNG",1993,17.4319908346703,60.466
"Papua New Guinea","PG","PNG",1992,17.5920541655409,60.26
"Papua New Guinea","PG","PNG",1991,17.8097885103128,59.94
"Papua New Guinea","PG","PNG",1990,18.0801022426835,59.778
"Papua New Guinea","PG","PNG",1989,NA,59.598
"Papua New Guinea","PG","PNG",1988,NA,59.381
"Papua New Guinea","PG","PNG",1987,NA,59.232
"Papua New Guinea","PG","PNG",1986,NA,59.017
"Papua New Guinea","PG","PNG",1985,NA,58.804
"Papua New Guinea","PG","PNG",1984,NA,58.583
"Papua New Guinea","PG","PNG",1983,NA,58.294
"Papua New Guinea","PG","PNG",1982,NA,58.075
"Papua New Guinea","PG","PNG",1981,NA,57.76
"Papua New Guinea","PG","PNG",1980,NA,57.391
"Papua New Guinea","PG","PNG",1979,NA,56.967
"Papua New Guinea","PG","PNG",1978,NA,56.523
"Papua New Guinea","PG","PNG",1977,NA,56.05
"Papua New Guinea","PG","PNG",1976,NA,55.53
"Papua New Guinea","PG","PNG",1975,NA,54.984
"Papua New Guinea","PG","PNG",1974,NA,54.441
"Papua New Guinea","PG","PNG",1973,NA,53.853
"Papua New Guinea","PG","PNG",1972,NA,53.25
"Papua New Guinea","PG","PNG",1971,NA,52.593
"Papua New Guinea","PG","PNG",1970,NA,52.144
"Papua New Guinea","PG","PNG",1969,NA,51.523
"Papua New Guinea","PG","PNG",1968,NA,50.884
"Papua New Guinea","PG","PNG",1967,NA,50.247
"Papua New Guinea","PG","PNG",1966,NA,49.566
"Papua New Guinea","PG","PNG",1965,NA,48.927
"Papua New Guinea","PG","PNG",1964,NA,48.295
"Papua New Guinea","PG","PNG",1963,NA,47.674
"Papua New Guinea","PG","PNG",1962,NA,46.706
"Papua New Guinea","PG","PNG",1961,NA,46.425
"Papua New Guinea","PG","PNG",1960,NA,45.805
"Paraguay","PY","PRY",2023,NA,73.844
"Paraguay","PY","PRY",2022,NA,72.319
"Paraguay","PY","PRY",2021,NA,68.108
"Paraguay","PY","PRY",2020,10.0891599097852,72.72
"Paraguay","PY","PRY",2019,10.1222564891858,73.668
"Paraguay","PY","PRY",2018,10.4898126276478,73.627
"Paraguay","PY","PRY",2017,10.2879780314547,73.45
"Paraguay","PY","PRY",2016,10.4105012225018,73.487
"Paraguay","PY","PRY",2015,10.4338184152061,73.454
"Paraguay","PY","PRY",2014,11.4592064094704,73.415
"Paraguay","PY","PRY",2013,11.7070023253943,73.292
"Paraguay","PY","PRY",2012,12.3612452179307,73.105
"Paraguay","PY","PRY",2011,13.0739532959182,72.787
"Paraguay","PY","PRY",2010,12.3630674150856,72.551
"Paraguay","PY","PRY",2009,12.3469879747333,72.282
"Paraguay","PY","PRY",2008,12.3711832339251,72.047
"Paraguay","PY","PRY",2007,12.4250915061089,71.817
"Paraguay","PY","PRY",2006,12.4981511047327,71.584
"Paraguay","PY","PRY",2005,12.5798003432443,71.317
"Paraguay","PY","PRY",2004,12.7286583189791,71.054
"Paraguay","PY","PRY",2003,12.966481503164,70.795
"Paraguay","PY","PRY",2002,13.2274142700835,70.539
"Paraguay","PY","PRY",2001,13.4456009940226,70.281
"Paraguay","PY","PRY",2000,13.555186049266,70.026
"Paraguay","PY","PRY",1999,13.5607311675089,69.774
"Paraguay","PY","PRY",1998,13.5247241541606,69.507
"Paraguay","PY","PRY",1997,13.4681984940773,69.284
"Paraguay","PY","PRY",1996,13.4121876721149,69.05
"Paraguay","PY","PRY",1995,13.3777251731295,68.778
"Paraguay","PY","PRY",1994,13.3617028880756,68.504
"Paraguay","PY","PRY",1993,13.3472784853906,68.234
"Paraguay","PY","PRY",1992,13.3348841161553,67.961
"Paraguay","PY","PRY",1991,13.3249519314504,67.676
"Paraguay","PY","PRY",1990,13.3179140823567,67.341
"Paraguay","PY","PRY",1989,NA,66.922
"Paraguay","PY","PRY",1988,NA,66.71
"Paraguay","PY","PRY",1987,NA,66.454
"Paraguay","PY","PRY",1986,NA,66.172
"Paraguay","PY","PRY",1985,NA,65.893
"Paraguay","PY","PRY",1984,NA,65.609
"Paraguay","PY","PRY",1983,NA,65.293
"Paraguay","PY","PRY",1982,NA,65.076
"Paraguay","PY","PRY",1981,NA,64.811
"Paraguay","PY","PRY",1980,NA,64.553
"Paraguay","PY","PRY",1979,NA,64.298
"Paraguay","PY","PRY",1978,NA,64.078
"Paraguay","PY","PRY",1977,NA,63.86
"Paraguay","PY","PRY",1976,NA,63.654
"Paraguay","PY","PRY",1975,NA,63.435
"Paraguay","PY","PRY",1974,NA,63.231
"Paraguay","PY","PRY",1973,NA,63.059
"Paraguay","PY","PRY",1972,NA,62.89
"Paraguay","PY","PRY",1971,NA,62.726
"Paraguay","PY","PRY",1970,NA,62.554
"Paraguay","PY","PRY",1969,NA,62.385
"Paraguay","PY","PRY",1968,NA,62.208
"Paraguay","PY","PRY",1967,NA,62.025
"Paraguay","PY","PRY",1966,NA,61.832
"Paraguay","PY","PRY",1965,NA,61.606
"Paraguay","PY","PRY",1964,NA,61.368
"Paraguay","PY","PRY",1963,NA,61.101
"Paraguay","PY","PRY",1962,NA,60.816
"Paraguay","PY","PRY",1961,NA,60.517
"Paraguay","PY","PRY",1960,NA,60.197
"Peru","PE","PER",2023,NA,77.74
"Peru","PE","PER",2022,NA,76.834
"Peru","PE","PER",2021,NA,71.596
"Peru","PE","PER",2020,27.0356284968814,73.832
"Peru","PE","PER",2019,29.1117854585642,76.275
"Peru","PE","PER",2018,30.6265686811297,76.018
"Peru","PE","PER",2017,32.7083066880238,75.958
"Peru","PE","PER",2016,33.739432290958,75.951
"Peru","PE","PER",2015,32.8751693157181,75.732
"Peru","PE","PER",2014,32.9197109468005,75.26
"Peru","PE","PER",2013,32.0778901377032,74.591
"Peru","PE","PER",2012,33.9046061596244,73.979
"Peru","PE","PER",2011,32.0639653460543,73.327
"Peru","PE","PER",2010,34.7111781547367,72.886
"Peru","PE","PER",2009,40.1890044536392,72.631
"Peru","PE","PER",2008,48.3321548571422,72.743
"Peru","PE","PER",2007,57.0421148178809,72.746
"Peru","PE","PER",2006,64.2203697884907,72.337
"Peru","PE","PER",2005,67.7684052216068,71.988
"Peru","PE","PER",2004,68.549467559912,71.447
"Peru","PE","PER",2003,68.9624660132158,71.278
"Peru","PE","PER",2002,69.2123801848445,70.815
"Peru","PE","PER",2001,69.5041896781241,70.315
"Peru","PE","PER",2000,70.0428740963807,69.821
"Peru","PE","PER",1999,70.9978585041974,69.302
"Peru","PE","PER",1998,72.2814698094278,68.724
"Peru","PE","PER",1997,73.7130403803031,68.324
"Peru","PE","PER",1996,75.1119025850547,67.85
"Peru","PE","PER",1995,76.2973887919139,67.22
"Peru","PE","PER",1994,77.2965015818751,66.544
"Peru","PE","PER",1993,78.2504532254292,65.732
"Peru","PE","PER",1992,79.1498906250522,65.031
"Peru","PE","PER",1991,79.9854606832202,64.248
"Peru","PE","PER",1990,80.7478103024092,63.979
"Peru","PE","PER",1989,NA,63.405
"Peru","PE","PER",1988,NA,62.995
"Peru","PE","PER",1987,NA,62.544
"Peru","PE","PER",1986,NA,62.154
"Peru","PE","PER",1985,NA,61.71
"Peru","PE","PER",1984,NA,61.066
"Peru","PE","PER",1983,NA,60.764
"Peru","PE","PER",1982,NA,60.559
"Peru","PE","PER",1981,NA,60.325
"Peru","PE","PER",1980,NA,59.982
"Peru","PE","PER",1979,NA,59.624
"Peru","PE","PER",1978,NA,59.261
"Peru","PE","PER",1977,NA,58.895
"Peru","PE","PER",1976,NA,58.57
"Peru","PE","PER",1975,NA,58.205
"Peru","PE","PER",1974,NA,57.769
"Peru","PE","PER",1973,NA,57.333
"Peru","PE","PER",1972,NA,56.989
"Peru","PE","PER",1971,NA,56.493
"Peru","PE","PER",1970,NA,47.728
"Peru","PE","PER",1969,NA,55.816
"Peru","PE","PER",1968,NA,55.384
"Peru","PE","PER",1967,NA,54.893
"Peru","PE","PER",1966,NA,54.4
"Peru","PE","PER",1965,NA,53.871
"Peru","PE","PER",1964,NA,53.302
"Peru","PE","PER",1963,NA,52.597
"Peru","PE","PER",1962,NA,51.532
"Peru","PE","PER",1961,NA,51.192
"Peru","PE","PER",1960,NA,50.597
"Philippines","PH","PHL",2023,NA,69.833
"Philippines","PH","PHL",2022,NA,69.472
"Philippines","PH","PHL",2021,NA,66.675
"Philippines","PH","PHL",2020,20.2887417122616,70.097
"Philippines","PH","PHL",2019,21.5254371973976,69.68
"Philippines","PH","PHL",2018,20.5885077839401,69.761
"Philippines","PH","PHL",2017,18.3327018141416,69.966
"Philippines","PH","PHL",2016,19.9069716374648,69.49
"Philippines","PH","PHL",2015,19.7079275985218,69.45
"Philippines","PH","PHL",2014,20.3368824432152,69.311
"Philippines","PH","PHL",2013,22.7402636854564,69.283
"Philippines","PH","PHL",2012,21.8351961883251,69.237
"Philippines","PH","PHL",2011,20.2762007200701,69.096
"Philippines","PH","PHL",2010,23.0284261383751,68.883
"Philippines","PH","PHL",2009,24.8862804012556,68.631
"Philippines","PH","PHL",2008,26.5791929727268,68.643
"Philippines","PH","PHL",2007,28.0341722365094,68.549
"Philippines","PH","PHL",2006,29.1782265763242,68.172
"Philippines","PH","PHL",2005,29.9383643758918,68.423
"Philippines","PH","PHL",2004,30.4134910319648,68.301
"Philippines","PH","PHL",2003,30.7743493607566,68.049
"Philippines","PH","PHL",2002,31.05570387518,67.886
"Philippines","PH","PHL",2001,31.2923190881475,67.829
"Philippines","PH","PHL",2000,31.5189595125717,67.789
"Philippines","PH","PHL",1999,31.7269243272278,67.503
"Philippines","PH","PHL",1998,31.8971785208202,67.212
"Philippines","PH","PHL",1997,32.0489853211553,66.994
"Philippines","PH","PHL",1996,32.2016079560394,66.691
"Philippines","PH","PHL",1995,32.374309653279,66.311
"Philippines","PH","PHL",1994,32.5691020678832,66
"Philippines","PH","PHL",1993,32.7725421994155,65.661
"Philippines","PH","PHL",1992,32.9807112925134,65.353
"Philippines","PH","PHL",1991,33.1896905918149,64.622
"Philippines","PH","PHL",1990,33.3955613419575,64.382
"Philippines","PH","PHL",1989,NA,64.105
"Philippines","PH","PHL",1988,NA,63.711
"Philippines","PH","PHL",1987,NA,63.299
"Philippines","PH","PHL",1986,NA,62.875
"Philippines","PH","PHL",1985,NA,62.735
"Philippines","PH","PHL",1984,NA,62.426
"Philippines","PH","PHL",1983,NA,62.349
"Philippines","PH","PHL",1982,NA,62.175
"Philippines","PH","PHL",1981,NA,61.942
"Philippines","PH","PHL",1980,NA,61.884
"Philippines","PH","PHL",1979,NA,61.727
"Philippines","PH","PHL",1978,NA,61.531
"Philippines","PH","PHL",1977,NA,61.431
"Philippines","PH","PHL",1976,NA,60.869
"Philippines","PH","PHL",1975,NA,60.904
"Philippines","PH","PHL",1974,NA,60.816
"Philippines","PH","PHL",1973,NA,60.741
"Philippines","PH","PHL",1972,NA,60.911
"Philippines","PH","PHL",1971,NA,61.065
"Philippines","PH","PHL",1970,NA,60.827
"Philippines","PH","PHL",1969,NA,60.981
"Philippines","PH","PHL",1968,NA,60.917
"Philippines","PH","PHL",1967,NA,60.804
"Philippines","PH","PHL",1966,NA,60.623
"Philippines","PH","PHL",1965,NA,60.41
"Philippines","PH","PHL",1964,NA,60.13
"Philippines","PH","PHL",1963,NA,60.018
"Philippines","PH","PHL",1962,NA,59.755
"Philippines","PH","PHL",1961,NA,59.469
"Philippines","PH","PHL",1960,NA,59.175
"Poland","PL","POL",2023,NA,78.2585365853659
"Poland","PL","POL",2022,NA,77.1560975609756
"Poland","PL","POL",2021,NA,75.3512195121951
"Poland","PL","POL",2020,17.9583314936851,76.4
"Poland","PL","POL",2019,18.7701954101512,77.9048780487805
"Poland","PL","POL",2018,22.4094051941271,77.6024390243903
"Poland","PL","POL",2017,22.2631718698092,77.7536585365854
"Poland","PL","POL",2016,21.2485092459447,77.8512195121951
"Poland","PL","POL",2015,22.4139830731908,77.4512195121951
"Poland","PL","POL",2014,23.433827803997,77.6024390243903
"Poland","PL","POL",2013,23.1892115212622,77
"Poland","PL","POL",2012,24.1304928281428,76.7463414634146
"Poland","PL","POL",2011,26.5458489052773,76.6951219512195
"Poland","PL","POL",2010,26.9664708685675,76.2463414634146
"Poland","PL","POL",2009,27.2131986939225,75.6951219512195
"Poland","PL","POL",2008,27.4309285084638,75.5439024390244
"Poland","PL","POL",2007,27.6048215747412,75.2439024390244
"Poland","PL","POL",2006,27.7200391553045,75.1439024390244
"Poland","PL","POL",2005,27.7617425127035,74.9951219512195
"Poland","PL","POL",2004,27.5690511834146,74.8463414634146
"Poland","PL","POL",2003,27.1048298406849,74.5975609756098
"Poland","PL","POL",2002,26.5398574522192,74.4975609756098
"Poland","PL","POL",2001,26.0449129857227,74.2
"Poland","PL","POL",2000,25.7907754089004,73.7487804878049
"Poland","PL","POL",1999,26.1098953119866,73.0439024390244
"Poland","PL","POL",1998,27.0108793292126,72.9975609756098
"Poland","PL","POL",1997,28.1787404942795,72.6463414634146
"Poland","PL","POL",1996,29.2984918408884,72.2463414634146
"Poland","PL","POL",1995,30.0551464027402,71.8926829268293
"Poland","PL","POL",1994,30.5068082973579,71.6951219512195
"Poland","PL","POL",1993,30.9073003488506,71.5951219512195
"Poland","PL","POL",1992,31.2352136507982,71.090243902439
"Poland","PL","POL",1991,31.4691392967812,70.5878048780488
"Poland","PL","POL",1990,31.5876683803797,70.890243902439
"Poland","PL","POL",1989,NA,71.0439024390244
"Poland","PL","POL",1988,NA,71.3317073170732
"Poland","PL","POL",1987,NA,70.8975609756098
"Poland","PL","POL",1986,NA,70.8487804878049
"Poland","PL","POL",1985,NA,70.5487804878049
"Poland","PL","POL",1984,NA,70.8
"Poland","PL","POL",1983,NA,71
"Poland","PL","POL",1982,NA,71.1024390243903
"Poland","PL","POL",1981,NA,71.0512195121951
"Poland","PL","POL",1980,NA,70.0975609756098
"Poland","PL","POL",1979,NA,70.7512195121951
"Poland","PL","POL",1978,NA,70.3512195121951
"Poland","PL","POL",1977,NA,70.4024390243902
"Poland","PL","POL",1976,NA,70.6560975609756
"Poland","PL","POL",1975,NA,70.5609756097561
"Poland","PL","POL",1974,NA,71.1170731707317
"Poland","PL","POL",1973,NA,70.6634146341463
"Poland","PL","POL",1972,NA,70.6658536585366
"Poland","PL","POL",1971,NA,69.6121951219512
"Poland","PL","POL",1970,NA,69.8682926829268
"Poland","PL","POL",1969,NA,69.719512195122
"Poland","PL","POL",1968,NA,70.219512195122
"Poland","PL","POL",1967,NA,69.4243902439024
"Poland","PL","POL",1966,NA,69.8268292682927
"Poland","PL","POL",1965,NA,69.4292682926829
"Poland","PL","POL",1964,NA,68.6292682926829
"Poland","PL","POL",1963,NA,68.3756097560976
"Poland","PL","POL",1962,NA,67.4268292682927
"Poland","PL","POL",1961,NA,67.7780487804878
"Poland","PL","POL",1960,NA,67.6804878048781
"Portugal","PT","PRT",2023,NA,82.3292682926829
"Portugal","PT","PRT",2022,NA,81.6317073170732
"Portugal","PT","PRT",2021,NA,81.3780487804878
"Portugal","PT","PRT",2020,8.45242266236737,81.3292682926829
"Portugal","PT","PRT",2019,7.98256121876526,81.6756097560976
"Portugal","PT","PRT",2018,9.02601451562929,81.3243902439024
"Portugal","PT","PRT",2017,9.2551980440464,81.4243902439025
"Portugal","PT","PRT",2016,8.83773210008347,81.1243902439025
"Portugal","PT","PRT",2015,9.64253451834766,81.1243902439025
"Portugal","PT","PRT",2014,9.50576236832378,81.1219512195122
"Portugal","PT","PRT",2013,9.76832048738232,80.7219512195122
"Portugal","PT","PRT",2012,10.1151524382993,80.3731707317073
"Portugal","PT","PRT",2011,11.5157580200238,80.4707317073171
"Portugal","PT","PRT",2010,10.7935723715541,79.0268292682927
"Portugal","PT","PRT",2009,10.9800301103829,78.7268292682927
"Portugal","PT","PRT",2008,11.4411407098565,78.5243902439025
"Portugal","PT","PRT",2007,12.0295102444563,78.3219512195122
"Portugal","PT","PRT",2006,12.5977447886636,78.419512195122
"Portugal","PT","PRT",2005,12.9984504169596,78.0707317073171
"Portugal","PT","PRT",2004,13.2564973921723,77.6707317073171
"Portugal","PT","PRT",2003,13.4896924274961,77.219512195122
"Portugal","PT","PRT",2002,13.6900462729622,77.0658536585366
"Portugal","PT","PRT",2001,13.849569678602,76.8146341463415
"Portugal","PT","PRT",2000,13.9602733944466,76.3146341463415
"Portugal","PT","PRT",1999,13.9617756809705,75.9634146341463
"Portugal","PT","PRT",1998,13.8459560028897,75.7121951219512
"Portugal","PT","PRT",1997,13.6832169165982,75.4121951219512
"Portugal","PT","PRT",1996,13.5439609784899,75.2609756097561
"Portugal","PT","PRT",1995,13.4985907449584,75.3121951219512
"Portugal","PT","PRT",1994,13.5255515842541,74.9146341463415
"Portugal","PT","PRT",1993,13.5609264653735,74.5121951219512
"Portugal","PT","PRT",1992,13.6115743458306,74.3121951219512
"Portugal","PT","PRT",1991,13.6843541831392,74.0146341463415
"Portugal","PT","PRT",1990,13.7861249348132,73.9658536585366
"Portugal","PT","PRT",1989,NA,74.2658536585366
"Portugal","PT","PRT",1988,NA,73.7146341463415
"Portugal","PT","PRT",1987,NA,73.6658536585366
"Portugal","PT","PRT",1986,NA,73.2658536585366
"Portugal","PT","PRT",1985,NA,72.8146341463415
"Portugal","PT","PRT",1984,NA,72.5146341463415
"Portugal","PT","PRT",1983,NA,72.2658536585366
"Portugal","PT","PRT",1982,NA,72.4146341463415
"Portugal","PT","PRT",1981,NA,71.6146341463415
"Portugal","PT","PRT",1980,NA,71.2146341463415
"Portugal","PT","PRT",1979,NA,71.1682926829268
"Portugal","PT","PRT",1978,NA,70.3170731707317
"Portugal","PT","PRT",1977,NA,70.0121951219512
"Portugal","PT","PRT",1976,NA,68.8609756097561
"Portugal","PT","PRT",1975,NA,68.309756097561
"Portugal","PT","PRT",1974,NA,68.019512195122
"Portugal","PT","PRT",1973,NA,67.5243902439024
"Portugal","PT","PRT",1972,NA,68.3243902439024
"Portugal","PT","PRT",1971,NA,66.7707317073171
"Portugal","PT","PRT",1970,NA,67.0731707317073
"Portugal","PT","PRT",1969,NA,66.2781707317073
"Portugal","PT","PRT",1968,NA,66.6781951219512
"Portugal","PT","PRT",1967,NA,66.3340731707317
"Portugal","PT","PRT",1966,NA,65.4876585365854
"Portugal","PT","PRT",1965,NA,65.9604634146341
"Portugal","PT","PRT",1964,NA,64.9833902439024
"Portugal","PT","PRT",1963,NA,64.7883902439024
"Portugal","PT","PRT",1962,NA,64.1810243902439
"Portugal","PT","PRT",1961,NA,62.666512195122
"Portugal","PT","PRT",1960,NA,64.0074634146342
"Puerto Rico (US)","PR","PRI",2023,NA,81.69
"Puerto Rico (US)","PR","PRI",2022,NA,79.427
"Puerto Rico (US)","PR","PRI",2021,NA,79.77
"Puerto Rico (US)","PR","PRI",2020,7.18841521712249,80.009
"Puerto Rico (US)","PR","PRI",2019,6.66040483872952,81.438
"Puerto Rico (US)","PR","PRI",2018,6.70118543618258,81.086
"Puerto Rico (US)","PR","PRI",2017,7.12296710513583,79.07
"Puerto Rico (US)","PR","PRI",2016,6.94033673792726,80.355
"Puerto Rico (US)","PR","PRI",2015,6.74532317404656,80.677
"Puerto Rico (US)","PR","PRI",2014,6.32383453359716,80.039
"Puerto Rico (US)","PR","PRI",2013,6.11288011121033,80.318
"Puerto Rico (US)","PR","PRI",2012,6.35560089371101,79.258
"Puerto Rico (US)","PR","PRI",2011,5.65656068601891,78.766
"Puerto Rico (US)","PR","PRI",2010,6.36867575342414,78.717
"Puerto Rico (US)","PR","PRI",2009,6.41588075404583,78.377
"Puerto Rico (US)","PR","PRI",2008,6.43840044437308,78.111
"Puerto Rico (US)","PR","PRI",2007,6.45018584518164,77.659
"Puerto Rico (US)","PR","PRI",2006,6.46518797724728,77.561
"Puerto Rico (US)","PR","PRI",2005,6.49735786134575,76.703
"Puerto Rico (US)","PR","PRI",2004,6.62436148261394,76.913
"Puerto Rico (US)","PR","PRI",2003,6.86523421786013,76.941
"Puerto Rico (US)","PR","PRI",2002,7.14598117536716,76.819
"Puerto Rico (US)","PR","PRI",2001,7.3926074634179,75.972
"Puerto Rico (US)","PR","PRI",2000,7.5311181902952,75.514
"Puerto Rico (US)","PR","PRI",1999,7.48279371029757,75.278
"Puerto Rico (US)","PR","PRI",1998,7.28167467834703,74.556
"Puerto Rico (US)","PR","PRI",1997,7.02290665366176,74.674
"Puerto Rico (US)","PR","PRI",1996,6.80163519545994,73.995
"Puerto Rico (US)","PR","PRI",1995,6.71300586295974,73.571
"Puerto Rico (US)","PR","PRI",1994,6.72547062943771,73.622
"Puerto Rico (US)","PR","PRI",1993,6.74437891515807,73.309
"Puerto Rico (US)","PR","PRI",1992,6.77022244982041,73.387
"Puerto Rico (US)","PR","PRI",1991,6.80349296312436,73.877
"Puerto Rico (US)","PR","PRI",1990,6.84468218476954,72.827
"Puerto Rico (US)","PR","PRI",1989,NA,72.479
"Puerto Rico (US)","PR","PRI",1988,NA,73.153
"Puerto Rico (US)","PR","PRI",1987,NA,73.402
"Puerto Rico (US)","PR","PRI",1986,NA,73.272
"Puerto Rico (US)","PR","PRI",1985,NA,72.633
"Puerto Rico (US)","PR","PRI",1984,NA,73.427
"Puerto Rico (US)","PR","PRI",1983,NA,73.375
"Puerto Rico (US)","PR","PRI",1982,NA,72.949
"Puerto Rico (US)","PR","PRI",1981,NA,72.981
"Puerto Rico (US)","PR","PRI",1980,NA,73.101
"Puerto Rico (US)","PR","PRI",1979,NA,72.718
"Puerto Rico (US)","PR","PRI",1978,NA,72.528
"Puerto Rico (US)","PR","PRI",1977,NA,72.401
"Puerto Rico (US)","PR","PRI",1976,NA,72.08
"Puerto Rico (US)","PR","PRI",1975,NA,71.963
"Puerto Rico (US)","PR","PRI",1974,NA,71.324
"Puerto Rico (US)","PR","PRI",1973,NA,70.949
"Puerto Rico (US)","PR","PRI",1972,NA,70.813
"Puerto Rico (US)","PR","PRI",1971,NA,71.084
"Puerto Rico (US)","PR","PRI",1970,NA,70.352
"Puerto Rico (US)","PR","PRI",1969,NA,70.511
"Puerto Rico (US)","PR","PRI",1968,NA,70.566
"Puerto Rico (US)","PR","PRI",1967,NA,70.699
"Puerto Rico (US)","PR","PRI",1966,NA,70.223
"Puerto Rico (US)","PR","PRI",1965,NA,69.289
"Puerto Rico (US)","PR","PRI",1964,NA,68.242
"Puerto Rico (US)","PR","PRI",1963,NA,68.727
"Puerto Rico (US)","PR","PRI",1962,NA,68.863
"Puerto Rico (US)","PR","PRI",1961,NA,68.528
"Puerto Rico (US)","PR","PRI",1960,NA,68.627
"Qatar","QA","QAT",2023,NA,82.368
"Qatar","QA","QAT",2022,NA,81.857
"Qatar","QA","QAT",2021,NA,81.083
"Qatar","QA","QAT",2020,75.6630329481338,80.409
"Qatar","QA","QAT",2019,81.0088337801126,82.945
"Qatar","QA","QAT",2018,93.3069571843647,82.714
"Qatar","QA","QAT",2017,83.268990615565,82.458
"Qatar","QA","QAT",2016,83.6854921169063,82.147
"Qatar","QA","QAT",2015,97.7000280042596,81.785
"Qatar","QA","QAT",2014,75.1764824465315,81.395
"Qatar","QA","QAT",2013,88.6466197970471,80.974
"Qatar","QA","QAT",2012,95.6228667032868,80.499
"Qatar","QA","QAT",2011,87.9624107804434,79.994
"Qatar","QA","QAT",2010,82.4764401970049,79.444
"Qatar","QA","QAT",2009,84.0235980871034,78.837
"Qatar","QA","QAT",2008,87.7129745942613,78.262
"Qatar","QA","QAT",2007,92.1164239737723,77.741
"Qatar","QA","QAT",2006,95.8058004809302,77.323
"Qatar","QA","QAT",2005,97.3529583710287,76.909
"Qatar","QA","QAT",2004,96.6020961417903,76.484
"Qatar","QA","QAT",2003,94.7440660994636,76.097
"Qatar","QA","QAT",2002,92.3707032121313,75.766
"Qatar","QA","QAT",2001,90.0738424478758,75.486
"Qatar","QA","QAT",2000,88.44531877478,75.25
"Qatar","QA","QAT",1999,87.321064175565,75.048
"Qatar","QA","QAT",1998,86.2267001095352,74.872
"Qatar","QA","QAT",1997,85.2885957596484,74.713
"Qatar","QA","QAT",1996,84.6331203088622,74.558
"Qatar","QA","QAT",1995,84.3866429401344,74.404
"Qatar","QA","QAT",1994,84.6031859918369,74.245
"Qatar","QA","QAT",1993,85.2370907265491,74.071
"Qatar","QA","QAT",1992,86.2652047135403,73.876
"Qatar","QA","QAT",1991,87.6643755220797,73.654
"Qatar","QA","QAT",1990,89.4114507214364,73.405
"Qatar","QA","QAT",1989,NA,73.131
"Qatar","QA","QAT",1988,NA,72.836
"Qatar","QA","QAT",1987,NA,72.52
"Qatar","QA","QAT",1986,NA,72.184
"Qatar","QA","QAT",1985,NA,71.831
"Qatar","QA","QAT",1984,NA,71.465
"Qatar","QA","QAT",1983,NA,71.089
"Qatar","QA","QAT",1982,NA,70.704
"Qatar","QA","QAT",1981,NA,70.313
"Qatar","QA","QAT",1980,NA,69.915
"Qatar","QA","QAT",1979,NA,69.507
"Qatar","QA","QAT",1978,NA,69.083
"Qatar","QA","QAT",1977,NA,68.639
"Qatar","QA","QAT",1976,NA,68.172
"Qatar","QA","QAT",1975,NA,67.679
"Qatar","QA","QAT",1974,NA,67.165
"Qatar","QA","QAT",1973,NA,66.629
"Qatar","QA","QAT",1972,NA,66.07
"Qatar","QA","QAT",1971,NA,65.49
"Qatar","QA","QAT",1970,NA,64.889
"Qatar","QA","QAT",1969,NA,64.246
"Qatar","QA","QAT",1968,NA,63.577
"Qatar","QA","QAT",1967,NA,62.884
"Qatar","QA","QAT",1966,NA,62.171
"Qatar","QA","QAT",1965,NA,61.441
"Qatar","QA","QAT",1964,NA,60.7
"Qatar","QA","QAT",1963,NA,59.96
"Qatar","QA","QAT",1962,NA,59.226
"Qatar","QA","QAT",1961,NA,58.502
"Qatar","QA","QAT",1960,NA,57.773
"Romania","RO","ROU",2023,NA,76.4048780487805
"Romania","RO","ROU",2022,NA,75.1536585365854
"Romania","RO","ROU",2021,NA,72.809756097561
"Romania","RO","ROU",2020,14.8501731264834,74.2536585365854
"Romania","RO","ROU",2019,15.0073403663299,75.6073170731707
"Romania","RO","ROU",2018,17.1719925973938,75.3585365853659
"Romania","RO","ROU",2017,17.0446117524786,75.209756097561
"Romania","RO","ROU",2016,16.5983385295736,75.209756097561
"Romania","RO","ROU",2015,17.4955175712912,74.9121951219512
"Romania","RO","ROU",2014,17.9898360506608,74.909756097561
"Romania","RO","ROU",2013,17.8711054888739,75.0634146341463
"Romania","RO","ROU",2012,19.4249667326641,74.4121951219512
"Romania","RO","ROU",2011,21.3631759849928,74.409756097561
"Romania","RO","ROU",2010,20.0206954096756,73.4585365853659
"Romania","RO","ROU",2009,20.1691050030713,73.309756097561
"Romania","RO","ROU",2008,20.523004802707,72.5658536585366
"Romania","RO","ROU",2007,20.9454013377561,72.5658536585366
"Romania","RO","ROU",2006,21.2993011373918,72.1634146341463
"Romania","RO","ROU",2005,21.4477107307875,71.9121951219512
"Romania","RO","ROU",2004,21.3544292529253,71.5609756097561
"Romania","RO","ROU",2003,21.1260463408151,71.309756097561
"Romania","RO","ROU",2002,20.8397542766711,71.009756097561
"Romania","RO","ROU",2001,20.5727453427073,71.1609756097561
"Romania","RO","ROU",2000,20.4022118211382,71.1634146341463
"Romania","RO","ROU",1999,20.4541083744062,70.5121951219512
"Romania","RO","ROU",1998,20.7340297430254,69.8073170731708
"Romania","RO","ROU",1997,21.138628326317,69.0048780487805
"Romania","RO","ROU",1996,21.5645565236021,69.1048780487805
"Romania","RO","ROU",1995,21.9084667342018,69.4560975609756
"Romania","RO","ROU",1994,22.1704655556486,69.509756097561
"Romania","RO","ROU",1993,22.4194720576025,69.5634146341464
"Romania","RO","ROU",1992,22.6553573475761,69.7843902439024
"Romania","RO","ROU",1991,22.8779925330823,69.7843902439024
"Romania","RO","ROU",1990,23.0872487216336,69.7412195121951
"Romania","RO","ROU",1989,NA,69.5307317073171
"Romania","RO","ROU",1988,NA,69.3880487804878
"Romania","RO","ROU",1987,NA,69.2268292682927
"Romania","RO","ROU",1986,NA,69.4963414634146
"Romania","RO","ROU",1985,NA,69.7068292682927
"Romania","RO","ROU",1984,NA,69.6587804878049
"Romania","RO","ROU",1983,NA,69.7263414634147
"Romania","RO","ROU",1982,NA,69.5317073170732
"Romania","RO","ROU",1981,NA,69.3682926829268
"Romania","RO","ROU",1980,NA,69.0909756097561
"Romania","RO","ROU",1979,NA,69.1531707317073
"Romania","RO","ROU",1978,NA,69.4804878048781
"Romania","RO","ROU",1977,NA,69.7419512195122
"Romania","RO","ROU",1976,NA,69.6987804878049
"Romania","RO","ROU",1975,NA,69.6139024390244
"Romania","RO","ROU",1974,NA,69.499756097561
"Romania","RO","ROU",1973,NA,69.0056097560976
"Romania","RO","ROU",1972,NA,68.470243902439
"Romania","RO","ROU",1971,NA,68.5041463414634
"Romania","RO","ROU",1970,NA,67.4824146341464
"Romania","RO","ROU",1969,NA,66.6920731707317
"Romania","RO","ROU",1968,NA,67.5603658536585
"Romania","RO","ROU",1967,NA,67.5159512195122
"Romania","RO","ROU",1966,NA,68.8976585365854
"Romania","RO","ROU",1965,NA,67.7072682926829
"Romania","RO","ROU",1964,NA,67.8451219512195
"Romania","RO","ROU",1963,NA,67.0717073170732
"Romania","RO","ROU",1962,NA,65.2556585365854
"Romania","RO","ROU",1961,NA,65.8771463414634
"Romania","RO","ROU",1960,NA,65.8605365853659
"Russian Federation","RU","RUS",2023,NA,73.2546341463415
"Russian Federation","RU","RUS",2022,NA,72.5456097560976
"Russian Federation","RU","RUS",2021,NA,69.900243902439
"Russian Federation","RU","RUS",2020,11.2727775886895,71.3387804878049
"Russian Federation","RU","RUS",2019,11.6778230257169,73.0839024390244
"Russian Federation","RU","RUS",2018,12.3153675046294,72.6621951219512
"Russian Federation","RU","RUS",2017,11.739094414375,72.4514634146342
"Russian Federation","RU","RUS",2016,12.4784655225055,71.6512195121951
"Russian Federation","RU","RUS",2015,12.9392509421972,71.1834146341463
"Russian Federation","RU","RUS",2014,14.2481805159069,70.7436585365854
"Russian Federation","RU","RUS",2013,14.0574320033086,70.5787804878049
"Russian Federation","RU","RUS",2012,13.8991230346483,70.0721951219512
"Russian Federation","RU","RUS",2011,13.9138877120952,69.6839024390244
"Russian Federation","RU","RUS",2010,15.378627239492,68.8412195121951
"Russian Federation","RU","RUS",2009,15.5237736280086,68.6846341463415
"Russian Federation","RU","RUS",2008,15.595083234396,67.9492682926829
"Russian Federation","RU","RUS",2007,15.6363350250339,67.5868292682927
"Russian Federation","RU","RUS",2006,15.6913079663017,66.7275609756098
"Russian Federation","RU","RUS",2005,15.8037810245792,65.529756097561
"Russian Federation","RU","RUS",2004,16.3127366996014,65.4709756097561
"Russian Federation","RU","RUS",2003,17.3414730765516,65.0275609756098
"Russian Federation","RU","RUS",2002,18.6102424999805,65.1287804878049
"Russian Federation","RU","RUS",2001,19.8392973144391,65.3834146341463
"Russian Federation","RU","RUS",2000,20.7488898644786,65.4836585365854
"Russian Federation","RU","RUS",1999,21.3764905371436,65.9821951219512
"Russian Federation","RU","RUS",1998,21.9550421347412,67.029756097561
"Russian Federation","RU","RUS",1997,22.4980056247153,66.6987804878049
"Russian Federation","RU","RUS",1996,23.0188419745099,65.8541463414634
"Russian Federation","RU","RUS",1995,23.5310121515689,64.6907317073171
"Russian Federation","RU","RUS",1994,24.037553123738,64.4670731707317
"Russian Federation","RU","RUS",1993,24.5316143456064,64.9358536585366
"Russian Federation","RU","RUS",1992,25.0118255147333,66.8731707317073
"Russian Federation","RU","RUS",1991,25.4768163286779,68.4743902439024
"Russian Federation","RU","RUS",1990,25.9252164849995,68.8860975609756
"Russian Federation","RU","RUS",1989,NA,69.1717073170732
"Russian Federation","RU","RUS",1988,NA,69.4643902439024
"Russian Federation","RU","RUS",1987,NA,69.44
"Russian Federation","RU","RUS",1986,NA,69.389756097561
"Russian Federation","RU","RUS",1985,NA,67.8568292682927
"Russian Federation","RU","RUS",1984,NA,67.2026829268293
"Russian Federation","RU","RUS",1983,NA,67.6526829268293
"Russian Federation","RU","RUS",1982,NA,67.8060975609756
"Russian Federation","RU","RUS",1981,NA,67.2639024390244
"Russian Federation","RU","RUS",1980,NA,67.0339024390244
"Russian Federation","RU","RUS",1979,NA,67.1143902439024
"Russian Federation","RU","RUS",1978,NA,67.3909756097561
"Russian Federation","RU","RUS",1977,NA,67.3763414634146
"Russian Federation","RU","RUS",1976,NA,67.4875609756098
"Russian Federation","RU","RUS",1975,NA,67.7239024390244
"Russian Federation","RU","RUS",1974,NA,68.320243902439
"Russian Federation","RU","RUS",1973,NA,68.2946341463415
"Russian Federation","RU","RUS",1972,NA,68.3085365853659
"Russian Federation","RU","RUS",1971,NA,68.3765853658537
"Russian Federation","RU","RUS",1970,NA,68.1336585365854
"Russian Federation","RU","RUS",1969,NA,67.9122682926829
"Russian Federation","RU","RUS",1968,NA,68.3152926829268
"Russian Federation","RU","RUS",1967,NA,68.4269024390244
"Russian Federation","RU","RUS",1966,NA,68.5857073170732
"Russian Federation","RU","RUS",1965,NA,68.5063902439025
"Russian Federation","RU","RUS",1964,NA,68.7147317073171
"Russian Federation","RU","RUS",1963,NA,68.2745853658537
"Russian Federation","RU","RUS",1962,NA,67.6988536585366
"Russian Federation","RU","RUS",1961,NA,67.7827317073171
"Russian Federation","RU","RUS",1960,NA,67.5261219512195
"Rwanda","RW","RWA",2023,NA,67.785
"Rwanda","RW","RWA",2022,NA,67.528
"Rwanda","RW","RWA",2021,NA,66.85
"Rwanda","RW","RWA",2020,31.2882654917538,66.953
"Rwanda","RW","RWA",2019,30.0071642427631,66.691
"Rwanda","RW","RWA",2018,30.1816687853678,66.354
"Rwanda","RW","RWA",2017,30.3553527446531,66.14
"Rwanda","RW","RWA",2016,31.6862299869281,65.733
"Rwanda","RW","RWA",2015,31.2574810856465,65.419
"Rwanda","RW","RWA",2014,31.8689793191915,65.088
"Rwanda","RW","RWA",2013,30.6283384511231,64.651
"Rwanda","RW","RWA",2012,31.5360758844851,64.189
"Rwanda","RW","RWA",2011,31.1412402470636,63.476
"Rwanda","RW","RWA",2010,30.785874923407,62.804
"Rwanda","RW","RWA",2009,30.5922082743006,61.813
"Rwanda","RW","RWA",2008,30.3940359476901,60.641
"Rwanda","RW","RWA",2007,30.2183078634908,59.504
"Rwanda","RW","RWA",2006,30.0919739416177,58.342
"Rwanda","RW","RWA",2005,30.0419841019859,56.968
"Rwanda","RW","RWA",2004,30.1750166971027,55.52
"Rwanda","RW","RWA",2003,30.4979302158135,53.529
"Rwanda","RW","RWA",2002,30.8879447825411,51.262
"Rwanda","RW","RWA",2001,31.2222805217086,49.49
"Rwanda","RW","RWA",2000,31.3781575577386,47.798
"Rwanda","RW","RWA",1999,31.3735168897448,45.749
"Rwanda","RW","RWA",1998,31.3219701456999,43.099
"Rwanda","RW","RWA",1997,31.2442433933157,41.978
"Rwanda","RW","RWA",1996,31.1610627003041,42.486
"Rwanda","RW","RWA",1995,31.0931541343767,41.518
"Rwanda","RW","RWA",1994,31.0156108308718,12.158
"Rwanda","RW","RWA",1993,30.895891308323,42.937
"Rwanda","RW","RWA",1992,30.7432697092357,44.397
"Rwanda","RW","RWA",1991,30.5670201761149,46.243
"Rwanda","RW","RWA",1990,30.3764168514659,47.763
"Rwanda","RW","RWA",1989,NA,49.485
"Rwanda","RW","RWA",1988,NA,50.914
"Rwanda","RW","RWA",1987,NA,51.465
"Rwanda","RW","RWA",1986,NA,51.706
"Rwanda","RW","RWA",1985,NA,51.704
"Rwanda","RW","RWA",1984,NA,51.445
"Rwanda","RW","RWA",1983,NA,50.944
"Rwanda","RW","RWA",1982,NA,50.188
"Rwanda","RW","RWA",1981,NA,49.216
"Rwanda","RW","RWA",1980,NA,48.122
"Rwanda","RW","RWA",1979,NA,47.087
"Rwanda","RW","RWA",1978,NA,46.165
"Rwanda","RW","RWA",1977,NA,45.579
"Rwanda","RW","RWA",1976,NA,45.312
"Rwanda","RW","RWA",1975,NA,45.324
"Rwanda","RW","RWA",1974,NA,45.566
"Rwanda","RW","RWA",1973,NA,45.944
"Rwanda","RW","RWA",1972,NA,46.343
"Rwanda","RW","RWA",1971,NA,46.755
"Rwanda","RW","RWA",1970,NA,47.116
"Rwanda","RW","RWA",1969,NA,47.437
"Rwanda","RW","RWA",1968,NA,47.731
"Rwanda","RW","RWA",1967,NA,47.987
"Rwanda","RW","RWA",1966,NA,48.084
"Rwanda","RW","RWA",1965,NA,48.203
"Rwanda","RW","RWA",1964,NA,48.131
"Rwanda","RW","RWA",1963,NA,43.998
"Rwanda","RW","RWA",1962,NA,47.802
"Rwanda","RW","RWA",1961,NA,47.458
"Rwanda","RW","RWA",1960,NA,47.022
"Samoa","WS","WSM",2023,NA,71.698
"Samoa","WS","WSM",2022,NA,71.55
"Samoa","WS","WSM",2021,NA,71.096
"Samoa","WS","WSM",2020,12.5518952802963,70.727
"Samoa","WS","WSM",2019,12.8726726678327,70.269
"Samoa","WS","WSM",2018,12.8245995074982,71.052
"Samoa","WS","WSM",2017,12.0891380416294,70.991
"Samoa","WS","WSM",2016,12.5098893074638,71.003
"Samoa","WS","WSM",2015,12.4224418408037,71.06
"Samoa","WS","WSM",2014,12.5788519302582,71.142
"Samoa","WS","WSM",2013,12.5589378577712,71.229
"Samoa","WS","WSM",2012,12.4658242930882,71.159
"Samoa","WS","WSM",2011,12.2498654594603,71.393
"Samoa","WS","WSM",2010,12.5198995878353,71.451
"Samoa","WS","WSM",2009,12.6900792295059,69.486
"Samoa","WS","WSM",2008,12.8563244204113,71.531
"Samoa","WS","WSM",2007,13.0054412390128,71.605
"Samoa","WS","WSM",2006,13.1242357637716,71.62
"Samoa","WS","WSM",2005,13.1995140731491,71.487
"Samoa","WS","WSM",2004,13.2387733990715,71.508
"Samoa","WS","WSM",2003,13.2568830553227,71.441
"Samoa","WS","WSM",2002,13.2517072431501,71.233
"Samoa","WS","WSM",2001,13.2211101638012,71.028
"Samoa","WS","WSM",2000,13.1629560185234,70.791
"Samoa","WS","WSM",1999,13.0225155256254,70.555
"Samoa","WS","WSM",1998,12.7919441244663,70.308
"Samoa","WS","WSM",1997,12.5394330978692,70.045
"Samoa","WS","WSM",1996,12.3331737286572,69.767
"Samoa","WS","WSM",1995,12.2413572996532,69.469
"Samoa","WS","WSM",1994,12.2565914477665,69.162
"Samoa","WS","WSM",1993,12.3272327874357,68.818
"Samoa","WS","WSM",1992,12.4550960677779,68.532
"Samoa","WS","WSM",1991,12.6419960379103,68.039
"Samoa","WS","WSM",1990,12.8897474469501,67.808
"Samoa","WS","WSM",1989,NA,67.607
"Samoa","WS","WSM",1988,NA,67.328
"Samoa","WS","WSM",1987,NA,67.047
"Samoa","WS","WSM",1986,NA,66.819
"Samoa","WS","WSM",1985,NA,66.557
"Samoa","WS","WSM",1984,NA,66.284
"Samoa","WS","WSM",1983,NA,65.991
"Samoa","WS","WSM",1982,NA,65.647
"Samoa","WS","WSM",1981,NA,65.296
"Samoa","WS","WSM",1980,NA,64.961
"Samoa","WS","WSM",1979,NA,64.543
"Samoa","WS","WSM",1978,NA,64.132
"Samoa","WS","WSM",1977,NA,63.742
"Samoa","WS","WSM",1976,NA,63.301
"Samoa","WS","WSM",1975,NA,62.839
"Samoa","WS","WSM",1974,NA,62.34
"Samoa","WS","WSM",1973,NA,61.863
"Samoa","WS","WSM",1972,NA,61.36
"Samoa","WS","WSM",1971,NA,60.879
"Samoa","WS","WSM",1970,NA,60.388
"Samoa","WS","WSM",1969,NA,59.881
"Samoa","WS","WSM",1968,NA,59.381
"Samoa","WS","WSM",1967,NA,58.878
"Samoa","WS","WSM",1966,NA,58.225
"Samoa","WS","WSM",1965,NA,57.886
"Samoa","WS","WSM",1964,NA,54.043
"Samoa","WS","WSM",1963,NA,56.861
"Samoa","WS","WSM",1962,NA,56.316
"Samoa","WS","WSM",1961,NA,55.738
"Samoa","WS","WSM",1960,NA,55.153
"San Marino","SM","SMR",2023,NA,85.706
"San Marino","SM","SMR",2022,NA,85.708
"San Marino","SM","SMR",2021,NA,83.539
"San Marino","SM","SMR",2020,10.6908983278922,82.65
"San Marino","SM","SMR",2019,10.4938237574833,85.257
"San Marino","SM","SMR",2018,11.7160220114158,85.095
"San Marino","SM","SMR",2017,11.1378783583043,84.933
"San Marino","SM","SMR",2016,10.7965188044346,84.775
"San Marino","SM","SMR",2015,11.0341756272191,84.596
"San Marino","SM","SMR",2014,10.724794196125,84.394
"San Marino","SM","SMR",2013,10.2613730648622,84.175
"San Marino","SM","SMR",2012,10.4579356879737,83.943
"San Marino","SM","SMR",2011,10.69772481397,83.713
"San Marino","SM","SMR",2010,9.90948012588566,83.464
"San Marino","SM","SMR",2009,10.0523327131455,83.224
"San Marino","SM","SMR",2008,10.4136554616715,82.894
"San Marino","SM","SMR",2007,10.8925958515834,82.605
"San Marino","SM","SMR",2006,11.388301363001,82.258
"San Marino","SM","SMR",2005,11.799919476044,81.926
"San Marino","SM","SMR",2004,12.1373198686156,81.592
"San Marino","SM","SMR",2003,12.4695753636708,81.33
"San Marino","SM","SMR",2002,12.7846381589075,81.061
"San Marino","SM","SMR",2001,13.0704604520235,80.803
"San Marino","SM","SMR",2000,13.3149944407167,80.504
"San Marino","SM","SMR",1999,13.5428951809314,80.2
"San Marino","SM","SMR",1998,13.7806324501938,79.918
"San Marino","SM","SMR",1997,14.018880528574,79.677
"San Marino","SM","SMR",1996,14.2483136961423,79.332
"San Marino","SM","SMR",1995,14.459606232969,79.031
"San Marino","SM","SMR",1994,14.6556352924612,78.67
"San Marino","SM","SMR",1993,14.8451461834434,78.373
"San Marino","SM","SMR",1992,15.0276154191118,78.133
"San Marino","SM","SMR",1991,15.2025195126622,77.944
"San Marino","SM","SMR",1990,15.3693349772909,77.783
"San Marino","SM","SMR",1989,NA,77.647
"San Marino","SM","SMR",1988,NA,77.544
"San Marino","SM","SMR",1987,NA,77.453
"San Marino","SM","SMR",1986,NA,77.377
"San Marino","SM","SMR",1985,NA,77.27
"San Marino","SM","SMR",1984,NA,77.162
"San Marino","SM","SMR",1983,NA,77.011
"San Marino","SM","SMR",1982,NA,76.808
"San Marino","SM","SMR",1981,NA,76.584
"San Marino","SM","SMR",1980,NA,76.371
"San Marino","SM","SMR",1979,NA,76.122
"San Marino","SM","SMR",1978,NA,75.889
"San Marino","SM","SMR",1977,NA,75.643
"San Marino","SM","SMR",1976,NA,75.431
"San Marino","SM","SMR",1975,NA,75.251
"San Marino","SM","SMR",1974,NA,75.052
"San Marino","SM","SMR",1973,NA,74.787
"San Marino","SM","SMR",1972,NA,74.592
"San Marino","SM","SMR",1971,NA,74.404
"San Marino","SM","SMR",1970,NA,74.269
"San Marino","SM","SMR",1969,NA,74.171
"San Marino","SM","SMR",1968,NA,74.062
"San Marino","SM","SMR",1967,NA,73.946
"San Marino","SM","SMR",1966,NA,73.839
"San Marino","SM","SMR",1965,NA,73.723
"San Marino","SM","SMR",1964,NA,73.658
"San Marino","SM","SMR",1963,NA,73.586
"San Marino","SM","SMR",1962,NA,73.531
"San Marino","SM","SMR",1961,NA,73.375
"San Marino","SM","SMR",1960,NA,73.197
"Sao Tome and Principe","ST","STP",2023,NA,69.718
"Sao Tome and Principe","ST","STP",2022,NA,69.237
"Sao Tome and Principe","ST","STP",2021,NA,68.026
"Sao Tome and Principe","ST","STP",2020,27.3357522767854,67.979
"Sao Tome and Principe","ST","STP",2019,21.6556728259824,68.043
"Sao Tome and Principe","ST","STP",2018,20.0156978980911,67.602
"Sao Tome and Principe","ST","STP",2017,21.3075202387728,67.074
"Sao Tome and Principe","ST","STP",2016,25.7342366868061,66.563
"Sao Tome and Principe","ST","STP",2015,26.1500664634377,66.023
"Sao Tome and Principe","ST","STP",2014,19.6630632891255,65.478
"Sao Tome and Principe","ST","STP",2013,21.9674166708436,64.93
"Sao Tome and Principe","ST","STP",2012,20.531439331057,64.505
"Sao Tome and Principe","ST","STP",2011,23.0857963329852,64.122
"Sao Tome and Principe","ST","STP",2010,21.9422424710632,63.867
"Sao Tome and Principe","ST","STP",2009,22.256053053712,63.669
"Sao Tome and Principe","ST","STP",2008,23.0029892533768,63.448
"Sao Tome and Principe","ST","STP",2007,23.8946748557463,63.336
"Sao Tome and Principe","ST","STP",2006,24.6427336465091,63.041
"Sao Tome and Principe","ST","STP",2005,24.958789411354,62.434
"Sao Tome and Principe","ST","STP",2004,24.9540591758053,62.56
"Sao Tome and Principe","ST","STP",2003,24.9318158878168,62.158
"Sao Tome and Principe","ST","STP",2002,24.8917672167216,61.826
"Sao Tome and Principe","ST","STP",2001,24.8336208318526,61.5
"Sao Tome and Principe","ST","STP",2000,24.757084402543,61.207
"Sao Tome and Principe","ST","STP",1999,24.3457291871399,60.976
"Sao Tome and Principe","ST","STP",1998,23.4889269986873,60.785
"Sao Tome and Principe","ST","STP",1997,22.495086338563,60.648
"Sao Tome and Principe","ST","STP",1996,21.6726157081447,60.576
"Sao Tome and Principe","ST","STP",1995,21.3299236088102,60.536
"Sao Tome and Principe","ST","STP",1994,21.4395499399039,60.552
"Sao Tome and Principe","ST","STP",1993,21.7761929747793,60.618
"Sao Tome and Principe","ST","STP",1992,22.3514987758277,60.706
"Sao Tome and Principe","ST","STP",1991,23.1771134054405,60.792
"Sao Tome and Principe","ST","STP",1990,24.2646829260088,60.707
"Sao Tome and Principe","ST","STP",1989,NA,59.731
"Sao Tome and Principe","ST","STP",1988,NA,60.808
"Sao Tome and Principe","ST","STP",1987,NA,60.663
"Sao Tome and Principe","ST","STP",1986,NA,57.605
"Sao Tome and Principe","ST","STP",1985,NA,60.139
"Sao Tome and Principe","ST","STP",1984,NA,59.893
"Sao Tome and Principe","ST","STP",1983,NA,59.679
"Sao Tome and Principe","ST","STP",1982,NA,59.533
"Sao Tome and Principe","ST","STP",1981,NA,59.432
"Sao Tome and Principe","ST","STP",1980,NA,59.361
"Sao Tome and Principe","ST","STP",1979,NA,59.273
"Sao Tome and Principe","ST","STP",1978,NA,59.141
"Sao Tome and Principe","ST","STP",1977,NA,58.979
"Sao Tome and Principe","ST","STP",1976,NA,58.782
"Sao Tome and Principe","ST","STP",1975,NA,58.561
"Sao Tome and Principe","ST","STP",1974,NA,58.262
"Sao Tome and Principe","ST","STP",1973,NA,57.896
"Sao Tome and Principe","ST","STP",1972,NA,57.448
"Sao Tome and Principe","ST","STP",1971,NA,56.965
"Sao Tome and Principe","ST","STP",1970,NA,56.267
"Sao Tome and Principe","ST","STP",1969,NA,55.4
"Sao Tome and Principe","ST","STP",1968,NA,54.491
"Sao Tome and Principe","ST","STP",1967,NA,53.449
"Sao Tome and Principe","ST","STP",1966,NA,52.309
"Sao Tome and Principe","ST","STP",1965,NA,51.072
"Sao Tome and Principe","ST","STP",1964,NA,49.739
"Sao Tome and Principe","ST","STP",1963,NA,48.4
"Sao Tome and Principe","ST","STP",1962,NA,46.843
"Sao Tome and Principe","ST","STP",1961,NA,45.193
"Sao Tome and Principe","ST","STP",1960,NA,43.564
"Saudi Arabia","SA","SAU",2023,NA,78.732
"Saudi Arabia","SA","SAU",2022,NA,77.31
"Saudi Arabia","SA","SAU",2021,NA,77.089
"Saudi Arabia","SA","SAU",2020,53.1486013629285,77.596
"Saudi Arabia","SA","SAU",2019,58.6225928552836,78.313
"Saudi Arabia","SA","SAU",2018,61.9886640504678,78.75
"Saudi Arabia","SA","SAU",2017,59.4402484783372,78.721
"Saudi Arabia","SA","SAU",2016,57.2721294327821,78.354
"Saudi Arabia","SA","SAU",2015,65.6121801282607,77.776
"Saudi Arabia","SA","SAU",2014,51.0877522409227,77.116
"Saudi Arabia","SA","SAU",2013,64.2495664318178,76.517
"Saudi Arabia","SA","SAU",2012,65.8136535735159,76.09
"Saudi Arabia","SA","SAU",2011,61.9036201963126,75.808
"Saudi Arabia","SA","SAU",2010,59.8441227942823,75.616
"Saudi Arabia","SA","SAU",2009,59.6227043484328,75.447
"Saudi Arabia","SA","SAU",2008,59.5066506638847,75.301
"Saudi Arabia","SA","SAU",2007,59.4348208026051,75.066
"Saudi Arabia","SA","SAU",2006,59.3460738265608,74.762
"Saudi Arabia","SA","SAU",2005,59.1792687977192,74.4
"Saudi Arabia","SA","SAU",2004,58.7620259262498,74.027
"Saudi Arabia","SA","SAU",2003,58.024662773636,73.657
"Saudi Arabia","SA","SAU",2002,57.0600844288156,73.296
"Saudi Arabia","SA","SAU",2001,55.9611959807262,72.951
"Saudi Arabia","SA","SAU",2000,54.8209025183056,72.607
"Saudi Arabia","SA","SAU",1999,53.2531861351666,72.29
"Saudi Arabia","SA","SAU",1998,51.1478574597685,71.957
"Saudi Arabia","SA","SAU",1997,49.0115643833184,71.624
"Saudi Arabia","SA","SAU",1996,47.3509547970234,71.288
"Saudi Arabia","SA","SAU",1995,46.6726765920906,70.944
"Saudi Arabia","SA","SAU",1994,46.6575696341401,70.587
"Saudi Arabia","SA","SAU",1993,46.6544193961393,70.208
"Saudi Arabia","SA","SAU",1992,46.6717921803163,69.799
"Saudi Arabia","SA","SAU",1991,46.7182542888992,69.341
"Saudi Arabia","SA","SAU",1990,46.8023720241161,68.874
"Saudi Arabia","SA","SAU",1989,NA,68.359
"Saudi Arabia","SA","SAU",1988,NA,67.814
"Saudi Arabia","SA","SAU",1987,NA,67.242
"Saudi Arabia","SA","SAU",1986,NA,66.648
"Saudi Arabia","SA","SAU",1985,NA,66.027
"Saudi Arabia","SA","SAU",1984,NA,65.391
"Saudi Arabia","SA","SAU",1983,NA,64.719
"Saudi Arabia","SA","SAU",1982,NA,64.008
"Saudi Arabia","SA","SAU",1981,NA,63.252
"Saudi Arabia","SA","SAU",1980,NA,62.444
"Saudi Arabia","SA","SAU",1979,NA,61.518
"Saudi Arabia","SA","SAU",1978,NA,60.685
"Saudi Arabia","SA","SAU",1977,NA,59.749
"Saudi Arabia","SA","SAU",1976,NA,58.782
"Saudi Arabia","SA","SAU",1975,NA,57.78
"Saudi Arabia","SA","SAU",1974,NA,56.785
"Saudi Arabia","SA","SAU",1973,NA,55.765
"Saudi Arabia","SA","SAU",1972,NA,54.742
"Saudi Arabia","SA","SAU",1971,NA,53.727
"Saudi Arabia","SA","SAU",1970,NA,52.729
"Saudi Arabia","SA","SAU",1969,NA,51.773
"Saudi Arabia","SA","SAU",1968,NA,50.857
"Saudi Arabia","SA","SAU",1967,NA,49.994
"Saudi Arabia","SA","SAU",1966,NA,49.187
"Saudi Arabia","SA","SAU",1965,NA,48.436
"Saudi Arabia","SA","SAU",1964,NA,47.732
"Saudi Arabia","SA","SAU",1963,NA,47.086
"Saudi Arabia","SA","SAU",1962,NA,46.469
"Saudi Arabia","SA","SAU",1961,NA,45.88
"Saudi Arabia","SA","SAU",1960,NA,45.31
"Senegal","SN","SEN",2023,NA,68.683
"Senegal","SN","SEN",2022,NA,67.788
"Senegal","SN","SEN",2021,NA,66.868
"Senegal","SN","SEN",2020,63.7402211262202,67.496
"Senegal","SN","SEN",2019,60.3429016299635,67.668
"Senegal","SN","SEN",2018,61.8009740540162,67.379
"Senegal","SN","SEN",2017,68.9961611199396,67.059
"Senegal","SN","SEN",2016,62.2452907130405,66.724
"Senegal","SN","SEN",2015,70.740985096638,66.451
"Senegal","SN","SEN",2014,54.8894665378893,66.001
"Senegal","SN","SEN",2013,50.7740625879857,65.638
"Senegal","SN","SEN",2012,71.9845097478197,65.229
"Senegal","SN","SEN",2011,59.1412397618774,64.799
"Senegal","SN","SEN",2010,57.0129259980585,64.221
"Senegal","SN","SEN",2009,56.7983500914545,63.751
"Senegal","SN","SEN",2008,56.5965036620253,63.201
"Senegal","SN","SEN",2007,56.4318266525352,62.653
"Senegal","SN","SEN",2006,56.3287590057483,61.801
"Senegal","SN","SEN",2005,56.3117406644287,60.98
"Senegal","SN","SEN",2004,57.6841589229918,60.308
"Senegal","SN","SEN",2003,60.9096861151279,59.474
"Senegal","SN","SEN",2002,64.7531897425132,58.912
"Senegal","SN","SEN",2001,67.9795373068239,58.158
"Senegal","SN","SEN",2000,69.3535963097363,57.615
"Senegal","SN","SEN",1999,69.2995445566687,57.315
"Senegal","SN","SEN",1998,69.1091981180376,57.076
"Senegal","SN","SEN",1997,68.8488818930156,57.107
"Senegal","SN","SEN",1996,68.5849207807757,57.129
"Senegal","SN","SEN",1995,68.3836396804909,57.336
"Senegal","SN","SEN",1994,68.1773208575244,57.479
"Senegal","SN","SEN",1993,67.8708588979981,57.348
"Senegal","SN","SEN",1992,67.4894971822227,57.287
"Senegal","SN","SEN",1991,67.0584790905087,57.037
"Senegal","SN","SEN",1990,66.603048003167,56.674
"Senegal","SN","SEN",1989,NA,56.209
"Senegal","SN","SEN",1988,NA,55.546
"Senegal","SN","SEN",1987,NA,54.632
"Senegal","SN","SEN",1986,NA,53.718
"Senegal","SN","SEN",1985,NA,52.586
"Senegal","SN","SEN",1984,NA,51.694
"Senegal","SN","SEN",1983,NA,50.811
"Senegal","SN","SEN",1982,NA,49.863
"Senegal","SN","SEN",1981,NA,49.083
"Senegal","SN","SEN",1980,NA,48.294
"Senegal","SN","SEN",1979,NA,47.478
"Senegal","SN","SEN",1978,NA,46.596
"Senegal","SN","SEN",1977,NA,45.714
"Senegal","SN","SEN",1976,NA,44.809
"Senegal","SN","SEN",1975,NA,43.938
"Senegal","SN","SEN",1974,NA,43.104
"Senegal","SN","SEN",1973,NA,42.429
"Senegal","SN","SEN",1972,NA,41.77
"Senegal","SN","SEN",1971,NA,41.243
"Senegal","SN","SEN",1970,NA,40.789
"Senegal","SN","SEN",1969,NA,40.398
"Senegal","SN","SEN",1968,NA,40.15
"Senegal","SN","SEN",1967,NA,39.992
"Senegal","SN","SEN",1966,NA,39.848
"Senegal","SN","SEN",1965,NA,39.761
"Senegal","SN","SEN",1964,NA,39.755
"Senegal","SN","SEN",1963,NA,39.745
"Senegal","SN","SEN",1962,NA,39.738
"Senegal","SN","SEN",1961,NA,39.715
"Senegal","SN","SEN",1960,NA,39.668
"Serbia","RS","SRB",2023,NA,76.1414634146341
"Serbia","RS","SRB",2022,NA,75.2365853658537
"Serbia","RS","SRB",2021,NA,72.780487804878
"Serbia","RS","SRB",2020,22.5075355689004,74.4780487804878
"Serbia","RS","SRB",2019,22.6362588980641,75.9365853658537
"Serbia","RS","SRB",2018,27.1283419584164,75.890243902439
"Serbia","RS","SRB",2017,26.2823086047504,75.5390243902439
"Serbia","RS","SRB",2016,25.5339499000416,75.6878048780488
"Serbia","RS","SRB",2015,27.8632692496949,75.2878048780488
"Serbia","RS","SRB",2014,28.0367329195926,75.3365853658537
"Serbia","RS","SRB",2013,28.4561350651549,75.1853658536585
"Serbia","RS","SRB",2012,30.384649168974,74.8365853658537
"Serbia","RS","SRB",2011,33.95588567108,74.5365853658537
"Serbia","RS","SRB",2010,31.3045032362704,74.3365853658537
"Serbia","RS","SRB",2009,31.5150525046159,73.9853658536585
"Serbia","RS","SRB",2008,32.0171315291319,73.8853658536585
"Serbia","RS","SRB",2007,32.6163871390382,73.6317073170732
"Serbia","RS","SRB",2006,33.1184661635543,73.3853658536585
"Serbia","RS","SRB",2005,33.3290154318997,72.8341463414634
"Serbia","RS","SRB",2004,33.1413424207388,72.6829268292683
"Serbia","RS","SRB",2003,32.683463379322,72.4365853658537
"Serbia","RS","SRB",2002,32.1130882957481,72.2853658536585
"Serbia","RS","SRB",2001,31.5879271581157,72.2341463414634
"Serbia","RS","SRB",2000,31.2656899545238,71.5829268292683
"Serbia","RS","SRB",1999,31.2936040928808,69.9271463414634
"Serbia","RS","SRB",1998,31.621631571782,72.1948780487805
"Serbia","RS","SRB",1997,32.1115842653561,72.8280975609756
"Serbia","RS","SRB",1996,32.6252740477321,72.7948536585366
"Serbia","RS","SRB",1995,33.0245127930388,72.6157317073171
"Serbia","RS","SRB",1994,33.3134261182248,72.2040243902439
"Serbia","RS","SRB",1993,33.5869184710716,71.7946829268293
"Serbia","RS","SRB",1992,33.8429699719573,71.5688292682927
"Serbia","RS","SRB",1991,34.07956074126,71.8760487804878
"Serbia","RS","SRB",1990,34.2946708993579,72.1552682926829
"Serbia","RS","SRB",1989,NA,72.258756097561
"Serbia","RS","SRB",1988,NA,71.9700487804878
"Serbia","RS","SRB",1987,NA,71.7754878048781
"Serbia","RS","SRB",1986,NA,71.5618292682927
"Serbia","RS","SRB",1985,NA,71.3633414634146
"Serbia","RS","SRB",1984,NA,71.0908780487805
"Serbia","RS","SRB",1983,NA,71.032512195122
"Serbia","RS","SRB",1982,NA,70.9744634146341
"Serbia","RS","SRB",1981,NA,71.0449268292683
"Serbia","RS","SRB",1980,NA,70.9969756097561
"Serbia","RS","SRB",1979,NA,71.0845853658537
"Serbia","RS","SRB",1978,NA,71.3456829268293
"Serbia","RS","SRB",1977,NA,71.6648780487805
"Serbia","RS","SRB",1976,NA,71.7468536585366
"Serbia","RS","SRB",1975,NA,71.4935853658537
"Serbia","RS","SRB",1974,NA,71.0062926829268
"Serbia","RS","SRB",1973,NA,70.381487804878
"Serbia","RS","SRB",1972,NA,69.8716341463415
"Serbia","RS","SRB",1971,NA,69.6149024390244
"Serbia","RS","SRB",1970,NA,69.6292926829268
"Serbia","RS","SRB",1969,NA,69.9095609756098
"Serbia","RS","SRB",1968,NA,69.9547804878049
"Serbia","RS","SRB",1967,NA,69.9707317073171
"Serbia","RS","SRB",1966,NA,69.3070731707317
"Serbia","RS","SRB",1965,NA,68.6011463414634
"Serbia","RS","SRB",1964,NA,67.879
"Serbia","RS","SRB",1963,NA,67.2328780487805
"Serbia","RS","SRB",1962,NA,66.9230487804878
"Serbia","RS","SRB",1961,NA,66.1841951219512
"Serbia","RS","SRB",1960,NA,65.5898536585366
"Seychelles","SC","SYC",2023,NA,75.419512195122
"Seychelles","SC","SYC",2022,NA,74.509756097561
"Seychelles","SC","SYC",2021,NA,73.3975609756097
"Seychelles","SC","SYC",2020,8.49983857722866,77.2365853658537
"Seychelles","SC","SYC",2019,9.43411735985982,74.0463414634146
"Seychelles","SC","SYC",2018,9.35591484940797,72.8414634146341
"Seychelles","SC","SYC",2017,9.84794743856559,74.3
"Seychelles","SC","SYC",2016,9.9122300080876,74.309756097561
"Seychelles","SC","SYC",2015,9.00174536475684,74.2951219512195
"Seychelles","SC","SYC",2014,9.06745868961229,73.2292682926829
"Seychelles","SC","SYC",2013,9.6559410030708,73.119512195122
"Seychelles","SC","SYC",2012,9.81980568508283,74.2756097560976
"Seychelles","SC","SYC",2011,10.4836323605632,72.7243902439024
"Seychelles","SC","SYC",2010,8.99566322405777,73.1975609756098
"Seychelles","SC","SYC",2009,9.08878100594942,73.0829268292683
"Seychelles","SC","SYC",2008,9.31775623142405,73.1634146341463
"Seychelles","SC","SYC",2007,9.60702172018116,73.1439024390244
"Seychelles","SC","SYC",2006,9.88101029192026,72.2170731707317
"Seychelles","SC","SYC",2005,10.0641547663409,72.1317073170732
"Seychelles","SC","SYC",2004,10.1775387870608,72.6609756097561
"Seychelles","SC","SYC",2003,10.2850679474579,71.0292682926829
"Seychelles","SC","SYC",2002,10.3754079918718,71.0878048780488
"Seychelles","SC","SYC",2001,10.4372246646421,73.2536585365854
"Seychelles","SC","SYC",2000,10.4591837101084,72.7780487804878
"Seychelles","SC","SYC",1999,10.4181700818594,72.6682926829268
"Seychelles","SC","SYC",1998,10.3131600358615,71.7463414634146
"Seychelles","SC","SYC",1997,10.1659562700215,71.2121951219512
"Seychelles","SC","SYC",1996,9.99836148224584,71.5609756097561
"Seychelles","SC","SYC",1995,9.83217837044105,72.4829268292683
"Seychelles","SC","SYC",1994,9.6588905784515,70.7292682926829
"Seychelles","SC","SYC",1993,9.45787986279969,69.4682926829268
"Seychelles","SC","SYC",1992,9.23279609040951,71.2146341463415
"Seychelles","SC","SYC",1991,8.9872891282048,70.7121951219512
"Seychelles","SC","SYC",1990,8.72500884310942,68.1073170731707
"Seychelles","SC","SYC",1989,NA,67.9707317073171
"Seychelles","SC","SYC",1988,NA,68.7024390243902
"Seychelles","SC","SYC",1987,NA,68.2365853658537
"Seychelles","SC","SYC",1986,NA,68.6560975609756
"Seychelles","SC","SYC",1985,NA,69.6975609756098
"Seychelles","SC","SYC",1984,NA,69.5536585365854
"Seychelles","SC","SYC",1983,NA,70.3829268292683
"Seychelles","SC","SYC",1982,NA,69.3243902439024
"Seychelles","SC","SYC",1981,NA,70.1878048780488
"Seychelles","SC","SYC",1980,NA,69.5975609756098
"Seychelles","SC","SYC",1979,NA,68.3445853658537
"Seychelles","SC","SYC",1978,NA,68.0320731707317
"Seychelles","SC","SYC",1977,NA,67.6752195121951
"Seychelles","SC","SYC",1976,NA,67.2967073170732
"Seychelles","SC","SYC",1975,NA,66.9132195121951
"Seychelles","SC","SYC",1974,NA,66.4828780487805
"Seychelles","SC","SYC",1973,NA,65.9660487804878
"Seychelles","SC","SYC",1972,NA,65.3703902439024
"Seychelles","SC","SYC",1971,NA,64.6586097560976
"Seychelles","SC","SYC",1970,NA,63.992243902439
"Seychelles","SC","SYC",1969,NA,63.2811219512195
"Seychelles","SC","SYC",1968,NA,62.6659512195122
"Seychelles","SC","SYC",1967,NA,62.1034634146342
"Seychelles","SC","SYC",1966,NA,61.727
"Seychelles","SC","SYC",1965,NA,61.4950975609756
"Seychelles","SC","SYC",1964,NA,61.1964146341464
"Seychelles","SC","SYC",1963,NA,60.936756097561
"Seychelles","SC","SYC",1962,NA,60.6882926829268
"Seychelles","SC","SYC",1961,NA,60.6061219512195
"Seychelles","SC","SYC",1960,NA,60.5314390243903
"Sierra Leone","SL","SLE",2023,NA,61.786
"Sierra Leone","SL","SLE",2022,NA,61.275
"Sierra Leone","SL","SLE",2021,NA,60.26
"Sierra Leone","SL","SLE",2020,43.2210935036927,59.694
"Sierra Leone","SL","SLE",2019,38.5920982937814,59.593
"Sierra Leone","SL","SLE",2018,44.3351501101334,59.059
"Sierra Leone","SL","SLE",2017,44.7073767568936,57.761
"Sierra Leone","SL","SLE",2016,48.7036743850653,56.937
"Sierra Leone","SL","SLE",2015,51.8061671080408,55.454
"Sierra Leone","SL","SLE",2014,36.2193735145078,54.281
"Sierra Leone","SL","SLE",2013,34.4203331673694,54.051
"Sierra Leone","SL","SLE",2012,42.3969895780679,53.159
"Sierra Leone","SL","SLE",2011,43.1349217295232,52.594
"Sierra Leone","SL","SLE",2010,36.9214785886428,51.927
"Sierra Leone","SL","SLE",2009,37.3875582862496,51.312
"Sierra Leone","SL","SLE",2008,38.5060302302833,50.693
"Sierra Leone","SL","SLE",2007,39.8572436975635,50.024
"Sierra Leone","SL","SLE",2006,41.0215479649101,49.547
"Sierra Leone","SL","SLE",2005,41.5792923091429,48.306
"Sierra Leone","SL","SLE",2004,41.6812210476709,47.485
"Sierra Leone","SL","SLE",2003,41.7517372598839,46.784
"Sierra Leone","SL","SLE",2002,41.7816783655733,46.174
"Sierra Leone","SL","SLE",2001,41.76188178453,45.448
"Sierra Leone","SL","SLE",2000,41.6831849365454,44.834
"Sierra Leone","SL","SLE",1999,41.1366299771962,41.962
"Sierra Leone","SL","SLE",1998,39.9941206193125,42.714
"Sierra Leone","SL","SLE",1997,38.667786618565,43.649
"Sierra Leone","SL","SLE",1996,37.5697577306246,43.528
"Sierra Leone","SL","SLE",1995,37.112163711162,42.579
"Sierra Leone","SL","SLE",1994,37.3787690148784,42.808
"Sierra Leone","SL","SLE",1993,38.1546522246841,43.428
"Sierra Leone","SL","SLE",1992,39.4039142885647,43.451
"Sierra Leone","SL","SLE",1991,41.0906561545053,43.287
"Sierra Leone","SL","SLE",1990,43.1789787704913,43.72
"Sierra Leone","SL","SLE",1989,NA,43.741
"Sierra Leone","SL","SLE",1988,NA,43.765
"Sierra Leone","SL","SLE",1987,NA,43.748
"Sierra Leone","SL","SLE",1986,NA,43.502
"Sierra Leone","SL","SLE",1985,NA,43.556
"Sierra Leone","SL","SLE",1984,NA,43.561
"Sierra Leone","SL","SLE",1983,NA,43.455
"Sierra Leone","SL","SLE",1982,NA,43.302
"Sierra Leone","SL","SLE",1981,NA,43.086
"Sierra Leone","SL","SLE",1980,NA,42.839
"Sierra Leone","SL","SLE",1979,NA,42.53
"Sierra Leone","SL","SLE",1978,NA,42.192
"Sierra Leone","SL","SLE",1977,NA,41.826
"Sierra Leone","SL","SLE",1976,NA,41.425
"Sierra Leone","SL","SLE",1975,NA,40.99
"Sierra Leone","SL","SLE",1974,NA,40.412
"Sierra Leone","SL","SLE",1973,NA,39.96
"Sierra Leone","SL","SLE",1972,NA,39.505
"Sierra Leone","SL","SLE",1971,NA,39.104
"Sierra Leone","SL","SLE",1970,NA,38.619
"Sierra Leone","SL","SLE",1969,NA,38.23
"Sierra Leone","SL","SLE",1968,NA,37.761
"Sierra Leone","SL","SLE",1967,NA,37.281
"Sierra Leone","SL","SLE",1966,NA,36.64
"Sierra Leone","SL","SLE",1965,NA,35.93
"Sierra Leone","SL","SLE",1964,NA,35.298
"Sierra Leone","SL","SLE",1963,NA,34.705
"Sierra Leone","SL","SLE",1962,NA,34.155
"Sierra Leone","SL","SLE",1961,NA,33.633
"Sierra Leone","SL","SLE",1960,NA,33.09
"Singapore","SG","SGP",2023,NA,83.0975609756098
"Singapore","SG","SGP",2022,NA,82.8951219512195
"Singapore","SG","SGP",2021,NA,83.0926829268293
"Singapore","SG","SGP",2020,13.8691955865476,83.5439024390244
"Singapore","SG","SGP",2019,17.0759063187283,83.5951219512195
"Singapore","SG","SGP",2018,15.9768571619193,83.2975609756098
"Singapore","SG","SGP",2017,16.0768840541767,83.0951219512195
"Singapore","SG","SGP",2016,15.900294890346,82.8463414634146
"Singapore","SG","SGP",2015,17.1833032960407,82.7439024390244
"Singapore","SG","SGP",2014,17.2816885850335,82.4951219512195
"Singapore","SG","SGP",2013,18.076662563077,82.2463414634147
"Singapore","SG","SGP",2012,16.9223599271481,81.9951219512195
"Singapore","SG","SGP",2011,15.5030932335334,81.7439024390244
"Singapore","SG","SGP",2010,13.796807103582,81.5414634146342
"Singapore","SG","SGP",2009,13.9559537939949,81.2414634146342
"Singapore","SG","SGP",2008,14.3741516426824,80.790243902439
"Singapore","SG","SGP",2007,14.9552764832534,80.4414634146342
"Singapore","SG","SGP",2006,15.6032041493169,80.1414634146341
"Singapore","SG","SGP",2005,16.221810474482,79.990243902439
"Singapore","SG","SGP",2004,16.908686756515,79.490243902439
"Singapore","SG","SGP",2003,17.7392806593529,79.0390243902439
"Singapore","SG","SGP",2002,18.5842525658608,78.5512195121951
"Singapore","SG","SGP",2001,19.3142628589039,78.2512195121951
"Singapore","SG","SGP",2000,19.7999719213474,77.9512195121951
"Singapore","SG","SGP",1999,20.0118221745713,77.5512195121951
"Singapore","SG","SGP",1998,20.0809602453154,77.3
"Singapore","SG","SGP",1997,20.119102824484,76.8975609756097
"Singapore","SG","SGP",1996,20.2379666029816,76.5951219512195
"Singapore","SG","SGP",1995,20.5492682717126,76.2951219512195
"Singapore","SG","SGP",1994,21.6570447520635,76.1975609756098
"Singapore","SG","SGP",1993,23.9182472741064,76.0463414634146
"Singapore","SG","SGP",1992,27.0739639917742,75.9463414634146
"Singapore","SG","SGP",1991,30.8652830589996,75.6463414634146
"Singapore","SG","SGP",1990,35.0332926297156,75.2951219512195
"Singapore","SG","SGP",1989,NA,74.9463414634146
"Singapore","SG","SGP",1988,NA,74.6975609756098
"Singapore","SG","SGP",1987,NA,74.5487804878049
"Singapore","SG","SGP",1986,NA,74.2463414634146
"Singapore","SG","SGP",1985,NA,73.890243902439
"Singapore","SG","SGP",1984,NA,73.290243902439
"Singapore","SG","SGP",1983,NA,73.0365853658537
"Singapore","SG","SGP",1982,NA,72.6878048780488
"Singapore","SG","SGP",1981,NA,72.5878048780488
"Singapore","SG","SGP",1980,NA,72.190243902439
"Singapore","SG","SGP",1979,NA,71.461756097561
"Singapore","SG","SGP",1978,NA,71.2835609756098
"Singapore","SG","SGP",1977,NA,71.0261219512195
"Singapore","SG","SGP",1976,NA,70.7470487804878
"Singapore","SG","SGP",1975,NA,70.405512195122
"Singapore","SG","SGP",1974,NA,69.894512195122
"Singapore","SG","SGP",1973,NA,69.5304634146342
"Singapore","SG","SGP",1972,NA,69.1635609756098
"Singapore","SG","SGP",1971,NA,69.0002195121951
"Singapore","SG","SGP",1970,NA,68.724756097561
"Singapore","SG","SGP",1969,NA,68.3339756097561
"Singapore","SG","SGP",1968,NA,67.9807804878049
"Singapore","SG","SGP",1967,NA,67.6523902439025
"Singapore","SG","SGP",1966,NA,67.5478292682927
"Singapore","SG","SGP",1965,NA,67.2328536585366
"Singapore","SG","SGP",1964,NA,67.0024146341463
"Singapore","SG","SGP",1963,NA,66.7795365853659
"Singapore","SG","SGP",1962,NA,66.3726341463415
"Singapore","SG","SGP",1961,NA,65.9597073170732
"Singapore","SG","SGP",1960,NA,65.5621951219512
"Sint Maarten (Dutch part)","SX","SXM",2023,NA,76.371
"Sint Maarten (Dutch part)","SX","SXM",2022,NA,76.18
"Sint Maarten (Dutch part)","SX","SXM",2021,NA,74.505
"Sint Maarten (Dutch part)","SX","SXM",2020,NA,75.002
"Sint Maarten (Dutch part)","SX","SXM",2019,NA,75.68
"Sint Maarten (Dutch part)","SX","SXM",2018,NA,75.693
"Sint Maarten (Dutch part)","SX","SXM",2017,NA,75.455
"Sint Maarten (Dutch part)","SX","SXM",2016,NA,75.952
"Sint Maarten (Dutch part)","SX","SXM",2015,NA,75.899
"Sint Maarten (Dutch part)","SX","SXM",2014,NA,75.735
"Sint Maarten (Dutch part)","SX","SXM",2013,NA,75.391
"Sint Maarten (Dutch part)","SX","SXM",2012,NA,75.125
"Sint Maarten (Dutch part)","SX","SXM",2011,NA,74.868
"Sint Maarten (Dutch part)","SX","SXM",2010,NA,74.821
"Sint Maarten (Dutch part)","SX","SXM",2009,NA,74.796
"Sint Maarten (Dutch part)","SX","SXM",2008,NA,74.852
"Sint Maarten (Dutch part)","SX","SXM",2007,NA,74.812
"Sint Maarten (Dutch part)","SX","SXM",2006,NA,74.779
"Sint Maarten (Dutch part)","SX","SXM",2005,NA,74.681
"Sint Maarten (Dutch part)","SX","SXM",2004,NA,74.618
"Sint Maarten (Dutch part)","SX","SXM",2003,NA,74.588
"Sint Maarten (Dutch part)","SX","SXM",2002,NA,74.585
"Sint Maarten (Dutch part)","SX","SXM",2001,NA,74.525
"Sint Maarten (Dutch part)","SX","SXM",2000,NA,74.409
"Sint Maarten (Dutch part)","SX","SXM",1999,NA,74.222
"Sint Maarten (Dutch part)","SX","SXM",1998,NA,73.9
"Sint Maarten (Dutch part)","SX","SXM",1997,NA,73.551
"Sint Maarten (Dutch part)","SX","SXM",1996,NA,73.188
"Sint Maarten (Dutch part)","SX","SXM",1995,NA,72.849
"Sint Maarten (Dutch part)","SX","SXM",1994,NA,72.597
"Sint Maarten (Dutch part)","SX","SXM",1993,NA,72.462
"Sint Maarten (Dutch part)","SX","SXM",1992,NA,72.402
"Sint Maarten (Dutch part)","SX","SXM",1991,NA,72.384
"Sint Maarten (Dutch part)","SX","SXM",1990,NA,72.414
"Sint Maarten (Dutch part)","SX","SXM",1989,NA,72.441
"Sint Maarten (Dutch part)","SX","SXM",1988,NA,72.456
"Sint Maarten (Dutch part)","SX","SXM",1987,NA,72.435
"Sint Maarten (Dutch part)","SX","SXM",1986,NA,72.436
"Sint Maarten (Dutch part)","SX","SXM",1985,NA,72.385
"Sint Maarten (Dutch part)","SX","SXM",1984,NA,72.28
"Sint Maarten (Dutch part)","SX","SXM",1983,NA,72.146
"Sint Maarten (Dutch part)","SX","SXM",1982,NA,72.01
"Sint Maarten (Dutch part)","SX","SXM",1981,NA,71.864
"Sint Maarten (Dutch part)","SX","SXM",1980,NA,71.79
"Sint Maarten (Dutch part)","SX","SXM",1979,NA,71.839
"Sint Maarten (Dutch part)","SX","SXM",1978,NA,71.971
"Sint Maarten (Dutch part)","SX","SXM",1977,NA,72.133
"Sint Maarten (Dutch part)","SX","SXM",1976,NA,72.276
"Sint Maarten (Dutch part)","SX","SXM",1975,NA,72.308
"Sint Maarten (Dutch part)","SX","SXM",1974,NA,72.243
"Sint Maarten (Dutch part)","SX","SXM",1973,NA,72.061
"Sint Maarten (Dutch part)","SX","SXM",1972,NA,71.729
"Sint Maarten (Dutch part)","SX","SXM",1971,NA,71.309
"Sint Maarten (Dutch part)","SX","SXM",1970,NA,70.856
"Sint Maarten (Dutch part)","SX","SXM",1969,NA,70.208
"Sint Maarten (Dutch part)","SX","SXM",1968,NA,69.551
"Sint Maarten (Dutch part)","SX","SXM",1967,NA,69.024
"Sint Maarten (Dutch part)","SX","SXM",1966,NA,68.505
"Sint Maarten (Dutch part)","SX","SXM",1965,NA,68.048
"Sint Maarten (Dutch part)","SX","SXM",1964,NA,67.782
"Sint Maarten (Dutch part)","SX","SXM",1963,NA,67.467
"Sint Maarten (Dutch part)","SX","SXM",1962,NA,67.054
"Sint Maarten (Dutch part)","SX","SXM",1961,NA,66.678
"Sint Maarten (Dutch part)","SX","SXM",1960,NA,66.351
"Slovak Republic","SK","SVK",2023,NA,78.119512195122
"Slovak Republic","SK","SVK",2022,NA,76.9658536585366
"Slovak Republic","SK","SVK",2021,NA,74.6146341463415
"Slovak Republic","SK","SVK",2020,15.3916194257365,76.8658536585366
"Slovak Republic","SK","SVK",2019,15.8371166474072,77.6658536585366
"Slovak Republic","SK","SVK",2018,18.678784905987,77.2658536585366
"Slovak Republic","SK","SVK",2017,18.1847497519631,77.1658536585366
"Slovak Republic","SK","SVK",2016,17.8788004543361,77.1658536585366
"Slovak Republic","SK","SVK",2015,19.1867476350431,76.5634146341463
"Slovak Republic","SK","SVK",2014,19.2661010504213,76.8121951219512
"Slovak Republic","SK","SVK",2013,19.5808878710842,76.4121951219512
"Slovak Republic","SK","SVK",2012,20.342178101972,76.109756097561
"Slovak Republic","SK","SVK",2011,22.5558562408852,75.9585365853659
"Slovak Republic","SK","SVK",2010,21.4676594892892,75.1121951219512
"Slovak Republic","SK","SVK",2009,21.6659233760675,74.909756097561
"Slovak Republic","SK","SVK",2008,22.1387064906928,74.7048780487805
"Slovak Republic","SK","SVK",2007,22.7029960146004,74.2073170731707
"Slovak Republic","SK","SVK",2006,23.1757791292256,74.2048780487805
"Slovak Republic","SK","SVK",2005,23.374043016004,73.9048780487805
"Slovak Republic","SK","SVK",2004,23.1759598507491,73.9585365853659
"Slovak Republic","SK","SVK",2003,22.7003052930194,73.6048780487805
"Slovak Republic","SK","SVK",2002,22.1249717498678,73.6048780487805
"Slovak Republic","SK","SVK",2001,21.6278516283468,73.4024390243903
"Slovak Republic","SK","SVK",2000,21.3868373355091,73.0512195121951
"Slovak Republic","SK","SVK",1999,21.6982402315471,72.9024390243902
"Slovak Republic","SK","SVK",1998,22.539042828743,72.5512195121951
"Slovak Republic","SK","SVK",1997,23.6081442622842,72.7048780487805
"Slovak Republic","SK","SVK",1996,24.6044436673583,72.6536585365854
"Slovak Republic","SK","SVK",1995,25.2268401791529,72.2536585365854
"Slovak Republic","SK","SVK",1994,25.5429255322845,72.3
"Slovak Republic","SK","SVK",1993,25.8082455690085,72.4487804878049
"Slovak Republic","SK","SVK",1992,26.0036305859705,71.7951219512195
"Slovak Republic","SK","SVK",1991,26.1099108798162,70.8829268292683
"Slovak Republic","SK","SVK",1990,26.107916747191,70.9326829268293
"Slovak Republic","SK","SVK",1989,NA,71.0263414634146
"Slovak Republic","SK","SVK",1988,NA,71.2078048780488
"Slovak Republic","SK","SVK",1987,NA,71.0887804878049
"Slovak Republic","SK","SVK",1986,NA,71.0212195121951
"Slovak Republic","SK","SVK",1985,NA,70.7346341463415
"Slovak Republic","SK","SVK",1984,NA,70.7509756097561
"Slovak Republic","SK","SVK",1983,NA,70.4790243902439
"Slovak Republic","SK","SVK",1982,NA,70.6890243902439
"Slovak Republic","SK","SVK",1981,NA,70.6292682926829
"Slovak Republic","SK","SVK",1980,NA,70.4085365853659
"Slovak Republic","SK","SVK",1979,NA,70.7447317073171
"Slovak Republic","SK","SVK",1978,NA,70.4264390243902
"Slovak Republic","SK","SVK",1977,NA,70.4231219512195
"Slovak Republic","SK","SVK",1976,NA,70.4631951219512
"Slovak Republic","SK","SVK",1975,NA,70.3050487804878
"Slovak Republic","SK","SVK",1974,NA,70.1781707317073
"Slovak Republic","SK","SVK",1973,NA,70.0213902439024
"Slovak Republic","SK","SVK",1972,NA,70.2982195121951
"Slovak Republic","SK","SVK",1971,NA,69.8625609756098
"Slovak Republic","SK","SVK",1970,NA,69.7125853658537
"Slovak Republic","SK","SVK",1969,NA,69.7953902439024
"Slovak Republic","SK","SVK",1968,NA,70.436756097561
"Slovak Republic","SK","SVK",1967,NA,70.9255853658537
"Slovak Republic","SK","SVK",1966,NA,70.3774390243903
"Slovak Republic","SK","SVK",1965,NA,70.2352682926829
"Slovak Republic","SK","SVK",1964,NA,71.0198780487805
"Slovak Republic","SK","SVK",1963,NA,70.6334146341463
"Slovak Republic","SK","SVK",1962,NA,70.2702926829268
"Slovak Republic","SK","SVK",1961,NA,70.7239024390244
"Slovak Republic","SK","SVK",1960,NA,70.2697804878049
"Slovenia","SI","SVN",2023,NA,81.9292682926829
"Slovenia","SI","SVN",2022,NA,81.2829268292683
"Slovenia","SI","SVN",2021,NA,80.6756097560976
"Slovenia","SI","SVN",2020,14.2911527506818,80.5317073170732
"Slovenia","SI","SVN",2019,13.9082165762349,81.5292682926829
"Slovenia","SI","SVN",2018,18.1801552844915,81.3780487804878
"Slovenia","SI","SVN",2017,16.502696435309,81.0292682926829
"Slovenia","SI","SVN",2016,16.4517774590328,81.1756097560976
"Slovenia","SI","SVN",2015,17.7209260643327,80.7756097560976
"Slovenia","SI","SVN",2014,17.79704248843,81.0780487804878
"Slovenia","SI","SVN",2013,18.16324478528,80.3219512195122
"Slovenia","SI","SVN",2012,18.3430191214734,80.1243902439024
"Slovenia","SI","SVN",2011,20.6973508722527,79.9707317073171
"Slovenia","SI","SVN",2010,18.9417578654309,79.4219512195122
"Slovenia","SI","SVN",2009,19.2695114667176,78.9707317073171
"Slovenia","SI","SVN",2008,20.0510777467089,78.7658536585366
"Slovenia","SI","SVN",2007,20.9839149196018,78.5609756097561
"Slovenia","SI","SVN",2006,21.7654811995932,78.0865853658537
"Slovenia","SI","SVN",2005,22.0932348008799,77.6121951219512
"Slovenia","SI","SVN",2004,21.9631106437327,77.2073170731707
"Slovenia","SI","SVN",2003,21.6496505670105,76.8585365853659
"Slovenia","SI","SVN",2002,21.268223162792,76.0073170731707
"Slovenia","SI","SVN",2001,20.9341970231562,75.7585365853659
"Slovenia","SI","SVN",2000,20.7629407401817,75.4121951219512
"Slovenia","SI","SVN",1999,20.9976728348506,75.009756097561
"Slovenia","SI","SVN",1998,21.6539516228364,74.8073170731708
"Slovenia","SI","SVN",1997,22.5056553882551,74.7073170731707
"Slovenia","SI","SVN",1996,23.326662415223,74.4585365853658
"Slovenia","SI","SVN",1995,23.8908509878563,73.9585365853659
"Slovenia","SI","SVN",1994,24.2377263124128,73.4048780487805
"Slovenia","SI","SVN",1993,24.5484329993861,73.2536585365854
"Slovenia","SI","SVN",1992,24.8093084392464,73.3048780487805
"Slovenia","SI","SVN",1991,25.0066900224636,73.3536585365854
"Slovenia","SI","SVN",1990,25.1269151395079,73.2048780487805
"Slovenia","SI","SVN",1989,NA,72.7048780487805
"Slovenia","SI","SVN",1988,NA,72.4463414634146
"Slovenia","SI","SVN",1987,NA,72.0024390243902
"Slovenia","SI","SVN",1986,NA,71.8024390243903
"Slovenia","SI","SVN",1985,NA,71.3512195121951
"Slovenia","SI","SVN",1984,NA,70.9024390243903
"Slovenia","SI","SVN",1983,NA,70.5414634146342
"Slovenia","SI","SVN",1982,NA,71.0536585365854
"Slovenia","SI","SVN",1981,NA,71.2048780487805
"Slovenia","SI","SVN",1980,NA,71.1048780487805
"Slovenia","SI","SVN",1979,NA,70.8536585365854
"Slovenia","SI","SVN",1978,NA,70.7024390243902
"Slovenia","SI","SVN",1977,NA,70.5560975609756
"Slovenia","SI","SVN",1976,NA,70.3073170731707
"Slovenia","SI","SVN",1975,NA,70.3585365853659
"Slovenia","SI","SVN",1974,NA,70.1609756097561
"Slovenia","SI","SVN",1973,NA,69.4048780487805
"Slovenia","SI","SVN",1972,NA,69.0585365853659
"Slovenia","SI","SVN",1971,NA,68.8341463414634
"Slovenia","SI","SVN",1970,NA,68.609756097561
"Slovenia","SI","SVN",1969,NA,68.3609756097561
"Slovenia","SI","SVN",1968,NA,68.9170731707317
"Slovenia","SI","SVN",1967,NA,69.3658536585366
"Slovenia","SI","SVN",1966,NA,69.0121951219512
"Slovenia","SI","SVN",1965,NA,68.3658536585366
"Slovenia","SI","SVN",1964,NA,68.6634146341463
"Slovenia","SI","SVN",1963,NA,68.6219512195122
"Slovenia","SI","SVN",1962,NA,68.9780487804878
"Slovenia","SI","SVN",1961,NA,68.9780487804878
"Slovenia","SI","SVN",1960,NA,68.9780487804878
"Solomon Islands","SB","SLB",2023,NA,70.528
"Solomon Islands","SB","SLB",2022,NA,70.409
"Solomon Islands","SB","SLB",2021,NA,68.89
"Solomon Islands","SB","SLB",2020,13.9542830081778,69.258
"Solomon Islands","SB","SLB",2019,14.3002352896823,69.981
"Solomon Islands","SB","SLB",2018,14.2731157049398,69.806
"Solomon Islands","SB","SLB",2017,13.434058342961,69.652
"Solomon Islands","SB","SLB",2016,13.4720259543338,69.501
"Solomon Islands","SB","SLB",2015,13.388977783012,69.323
"Solomon Islands","SB","SLB",2014,13.6743436010117,68.984
"Solomon Islands","SB","SLB",2013,13.5787313517494,69.007
"Solomon Islands","SB","SLB",2012,13.3168981062044,68.961
"Solomon Islands","SB","SLB",2011,13.3086086795295,68.824
"Solomon Islands","SB","SLB",2010,13.4199037039275,68.669
"Solomon Islands","SB","SLB",2009,13.3221805223207,68.397
"Solomon Islands","SB","SLB",2008,13.1686216317637,68.336
"Solomon Islands","SB","SLB",2007,12.9961903836137,67.845
"Solomon Islands","SB","SLB",2006,12.8418501292278,67.968
"Solomon Islands","SB","SLB",2005,12.7425642199631,67.79
"Solomon Islands","SB","SLB",2004,12.7191064693561,67.628
"Solomon Islands","SB","SLB",2003,12.7455152801093,67.479
"Solomon Islands","SB","SLB",2002,12.788650887329,67.35
"Solomon Islands","SB","SLB",2001,12.8153735261217,67.237
"Solomon Islands","SB","SLB",2000,12.7925434315937,67.116
"Solomon Islands","SB","SLB",1999,12.6947500281404,67.001
"Solomon Islands","SB","SLB",1998,12.5450585048618,66.89
"Solomon Islands","SB","SLB",1997,12.3830427439214,66.768
"Solomon Islands","SB","SLB",1996,12.2482766274826,66.739
"Solomon Islands","SB","SLB",1995,12.1803340377088,66.717
"Solomon Islands","SB","SLB",1994,12.1720739791764,66.661
"Solomon Islands","SB","SLB",1993,12.1913194063519,66.558
"Solomon Islands","SB","SLB",1992,12.2400901262343,66.471
"Solomon Islands","SB","SLB",1991,12.3204059458223,66.357
"Solomon Islands","SB","SLB",1990,12.4342866721151,66.194
"Solomon Islands","SB","SLB",1989,NA,66.051
"Solomon Islands","SB","SLB",1988,NA,65.866
"Solomon Islands","SB","SLB",1987,NA,65.683
"Solomon Islands","SB","SLB",1986,NA,64.718
"Solomon Islands","SB","SLB",1985,NA,65.288
"Solomon Islands","SB","SLB",1984,NA,65.049
"Solomon Islands","SB","SLB",1983,NA,64.771
"Solomon Islands","SB","SLB",1982,NA,64.456
"Solomon Islands","SB","SLB",1981,NA,64.077
"Solomon Islands","SB","SLB",1980,NA,63.669
"Solomon Islands","SB","SLB",1979,NA,63.134
"Solomon Islands","SB","SLB",1978,NA,62.536
"Solomon Islands","SB","SLB",1977,NA,61.528
"Solomon Islands","SB","SLB",1976,NA,61.153
"Solomon Islands","SB","SLB",1975,NA,58.404
"Solomon Islands","SB","SLB",1974,NA,59.611
"Solomon Islands","SB","SLB",1973,NA,58.777
"Solomon Islands","SB","SLB",1972,NA,57.913
"Solomon Islands","SB","SLB",1971,NA,57.015
"Solomon Islands","SB","SLB",1970,NA,56.061
"Solomon Islands","SB","SLB",1969,NA,55.099
"Solomon Islands","SB","SLB",1968,NA,54.142
"Solomon Islands","SB","SLB",1967,NA,53.059
"Solomon Islands","SB","SLB",1966,NA,52.256
"Solomon Islands","SB","SLB",1965,NA,51.406
"Solomon Islands","SB","SLB",1964,NA,50.583
"Solomon Islands","SB","SLB",1963,NA,49.815
"Solomon Islands","SB","SLB",1962,NA,49.037
"Solomon Islands","SB","SLB",1961,NA,48.336
"Solomon Islands","SB","SLB",1960,NA,47.683
"Somalia, Fed. Rep.","SO","SOM",2023,NA,58.816
"Somalia, Fed. Rep.","SO","SOM",2022,NA,53.931
"Somalia, Fed. Rep.","SO","SOM",2021,NA,55.703
"Somalia, Fed. Rep.","SO","SOM",2020,24.525108218562,57.095
"Somalia, Fed. Rep.","SO","SOM",2019,22.8360439242082,57.249
"Somalia, Fed. Rep.","SO","SOM",2018,27.0888470741344,54.767
"Somalia, Fed. Rep.","SO","SOM",2017,26.6404683683977,52.19
"Somalia, Fed. Rep.","SO","SOM",2016,25.3011395270495,55.283
"Somalia, Fed. Rep.","SO","SOM",2015,24.732373356369,55.056
"Somalia, Fed. Rep.","SO","SOM",2014,25.4404864168862,54.442
"Somalia, Fed. Rep.","SO","SOM",2013,27.5479415389526,54.016
"Somalia, Fed. Rep.","SO","SOM",2012,29.2235174003913,49.138
"Somalia, Fed. Rep.","SO","SOM",2011,27.743332063383,32.453
"Somalia, Fed. Rep.","SO","SOM",2010,23.8889978096887,48.9
"Somalia, Fed. Rep.","SO","SOM",2009,23.3584461041883,52.101
"Somalia, Fed. Rep.","SO","SOM",2008,22.9787945882967,51.456
"Somalia, Fed. Rep.","SO","SOM",2007,22.7310859240048,50.885
"Somalia, Fed. Rep.","SO","SOM",2006,22.5963627733032,50.915
"Somalia, Fed. Rep.","SO","SOM",2005,22.5556677981825,50.894
"Somalia, Fed. Rep.","SO","SOM",2004,23.1748486960907,50.685
"Somalia, Fed. Rep.","SO","SOM",2003,24.6513569911026,50.721
"Somalia, Fed. Rep.","SO","SOM",2002,26.413641085149,50.82
"Somalia, Fed. Rep.","SO","SOM",2001,27.8901493801609,50.829
"Somalia, Fed. Rep.","SO","SOM",2000,28.5093302780691,50.747
"Somalia, Fed. Rep.","SO","SOM",1999,27.1903011865915,50.611
"Somalia, Fed. Rep.","SO","SOM",1998,24.0449241222989,50.755
"Somalia, Fed. Rep.","SO","SOM",1997,20.2907644004012,50.278
"Somalia, Fed. Rep.","SO","SOM",1996,17.1453873361085,50.524
"Somalia, Fed. Rep.","SO","SOM",1995,15.826358244631,50.65
"Somalia, Fed. Rep.","SO","SOM",1994,15.997819085411,50.303
"Somalia, Fed. Rep.","SO","SOM",1993,16.6081610479104,50.551
"Somalia, Fed. Rep.","SO","SOM",1992,17.8013232923681,25.034
"Somalia, Fed. Rep.","SO","SOM",1991,19.7212449790231,25.418
"Somalia, Fed. Rep.","SO","SOM",1990,22.5118652681141,46.896
"Somalia, Fed. Rep.","SO","SOM",1989,NA,46.648
"Somalia, Fed. Rep.","SO","SOM",1988,NA,43.933
"Somalia, Fed. Rep.","SO","SOM",1987,NA,49.002
"Somalia, Fed. Rep.","SO","SOM",1986,NA,48.431
"Somalia, Fed. Rep.","SO","SOM",1985,NA,48.279
"Somalia, Fed. Rep.","SO","SOM",1984,NA,48.438
"Somalia, Fed. Rep.","SO","SOM",1983,NA,48.23
"Somalia, Fed. Rep.","SO","SOM",1982,NA,48.02
"Somalia, Fed. Rep.","SO","SOM",1981,NA,47.817
"Somalia, Fed. Rep.","SO","SOM",1980,NA,47.611
"Somalia, Fed. Rep.","SO","SOM",1979,NA,47.405
"Somalia, Fed. Rep.","SO","SOM",1978,NA,47.013
"Somalia, Fed. Rep.","SO","SOM",1977,NA,47.004
"Somalia, Fed. Rep.","SO","SOM",1976,NA,44.727
"Somalia, Fed. Rep.","SO","SOM",1975,NA,44.49
"Somalia, Fed. Rep.","SO","SOM",1974,NA,44.259
"Somalia, Fed. Rep.","SO","SOM",1973,NA,46.224
"Somalia, Fed. Rep.","SO","SOM",1972,NA,46.032
"Somalia, Fed. Rep.","SO","SOM",1971,NA,45.837
"Somalia, Fed. Rep.","SO","SOM",1970,NA,45.644
"Somalia, Fed. Rep.","SO","SOM",1969,NA,45.453
"Somalia, Fed. Rep.","SO","SOM",1968,NA,45.254
"Somalia, Fed. Rep.","SO","SOM",1967,NA,45.051
"Somalia, Fed. Rep.","SO","SOM",1966,NA,44.843
"Somalia, Fed. Rep.","SO","SOM",1965,NA,44.631
"Somalia, Fed. Rep.","SO","SOM",1964,NA,44.393
"Somalia, Fed. Rep.","SO","SOM",1963,NA,44.194
"Somalia, Fed. Rep.","SO","SOM",1962,NA,43.972
"Somalia, Fed. Rep.","SO","SOM",1961,NA,43.667
"Somalia, Fed. Rep.","SO","SOM",1960,NA,43.543
"South Africa","ZA","ZAF",2023,NA,66.139
"South Africa","ZA","ZAF",2022,NA,65.454
"South Africa","ZA","ZAF",2021,NA,62.01
"South Africa","ZA","ZAF",2020,23.753069242361,65.15
"South Africa","ZA","ZAF",2019,23.1897720637682,66.071
"South Africa","ZA","ZAF",2018,23.8122504048776,65.726
"South Africa","ZA","ZAF",2017,23.754937395964,65.422
"South Africa","ZA","ZAF",2016,24.1476891116721,64.749
"South Africa","ZA","ZAF",2015,24.5964053006527,64.053
"South Africa","ZA","ZAF",2014,24.5484834922425,63.184
"South Africa","ZA","ZAF",2013,24.1607460915842,62.388
"South Africa","ZA","ZAF",2012,24.6444105011731,61.737
"South Africa","ZA","ZAF",2011,24.9968845183073,60.602
"South Africa","ZA","ZAF",2010,24.861273041525,58.886
"South Africa","ZA","ZAF",2009,24.4990896109155,57.413
"South Africa","ZA","ZAF",2008,23.8990840855684,55.982
"South Africa","ZA","ZAF",2007,23.2441138514745,54.948
"South Africa","ZA","ZAF",2006,22.7170362946248,54.22
"South Africa","ZA","ZAF",2005,22.5007088010102,53.914
"South Africa","ZA","ZAF",2004,22.6681894787726,53.963
"South Africa","ZA","ZAF",2003,23.0775934481989,54.245
"South Africa","ZA","ZAF",2002,23.5893636134975,55.58
"South Africa","ZA","ZAF",2001,24.0639428788771,57.161
"South Africa","ZA","ZAF",2000,24.3617741485462,58.368
"South Africa","ZA","ZAF",1999,24.5211962345775,59.19
"South Africa","ZA","ZAF",1998,24.6657548034678,59.912
"South Africa","ZA","ZAF",1997,24.7837030410615,60.538
"South Africa","ZA","ZAF",1996,24.8632941332028,61.079
"South Africa","ZA","ZAF",1995,24.8927812657363,61.603
"South Africa","ZA","ZAF",1994,24.8833625565949,62.069
"South Africa","ZA","ZAF",1993,24.8509094091613,62.618
"South Africa","ZA","ZAF",1992,24.790684937454,62.839
"South Africa","ZA","ZAF",1991,24.6979522554913,62.983
"South Africa","ZA","ZAF",1990,24.567974477292,62.942
"South Africa","ZA","ZAF",1989,NA,63.017
"South Africa","ZA","ZAF",1988,NA,62.902
"South Africa","ZA","ZAF",1987,NA,62.694
"South Africa","ZA","ZAF",1986,NA,62.421
"South Africa","ZA","ZAF",1985,NA,62.195
"South Africa","ZA","ZAF",1984,NA,61.837
"South Africa","ZA","ZAF",1983,NA,61.393
"South Africa","ZA","ZAF",1982,NA,60.936
"South Africa","ZA","ZAF",1981,NA,60.445
"South Africa","ZA","ZAF",1980,NA,59.961
"South Africa","ZA","ZAF",1979,NA,59.472
"South Africa","ZA","ZAF",1978,NA,58.991
"South Africa","ZA","ZAF",1977,NA,58.48
"South Africa","ZA","ZAF",1976,NA,58
"South Africa","ZA","ZAF",1975,NA,57.591
"South Africa","ZA","ZAF",1974,NA,57.11
"South Africa","ZA","ZAF",1973,NA,56.72
"South Africa","ZA","ZAF",1972,NA,56.377
"South Africa","ZA","ZAF",1971,NA,56.02
"South Africa","ZA","ZAF",1970,NA,55.681
"South Africa","ZA","ZAF",1969,NA,55.44
"South Africa","ZA","ZAF",1968,NA,55.191
"South Africa","ZA","ZAF",1967,NA,54.955
"South Africa","ZA","ZAF",1966,NA,54.731
"South Africa","ZA","ZAF",1965,NA,54.427
"South Africa","ZA","ZAF",1964,NA,54.215
"South Africa","ZA","ZAF",1963,NA,53.895
"South Africa","ZA","ZAF",1962,NA,53.566
"South Africa","ZA","ZAF",1961,NA,53.067
"South Africa","ZA","ZAF",1960,NA,52.575
"South Sudan","SS","SSD",2023,NA,57.617
"South Sudan","SS","SSD",2022,NA,57.203
"South Sudan","SS","SSD",2021,NA,57.047
"South Sudan","SS","SSD",2020,30.7373478613476,57.648
"South Sudan","SS","SSD",2019,33.3599794728451,58.129
"South Sudan","SS","SSD",2018,34.3895571040528,51.905
"South Sudan","SS","SSD",2017,35.0660036732304,35.351
"South Sudan","SS","SSD",2016,35.2985387463615,36.72
"South Sudan","SS","SSD",2015,38.2593644496253,39.757
"South Sudan","SS","SSD",2014,31.496531102241,45.625
"South Sudan","SS","SSD",2013,37.4737878139751,58.285
"South Sudan","SS","SSD",2012,39.0581251798986,58.241
"South Sudan","SS","SSD",2011,38.3770105110017,57.674
"South Sudan","SS","SSD",2010,36.1249406745004,57.485
"South Sudan","SS","SSD",2009,36.1634762510183,56.848
"South Sudan","SS","SSD",2008,36.2667194004734,56.28
"South Sudan","SS","SSD",2007,36.4122099509209,55.425
"South Sudan","SS","SSD",2006,36.5774877304162,54.653
"South Sudan","SS","SSD",2005,36.7400925670145,53.965
"South Sudan","SS","SSD",2004,37.0144755725869,53.052
"South Sudan","SS","SSD",2003,37.4463815971085,52.324
"South Sudan","SS","SSD",2002,37.9102910757908,49.394
"South Sudan","SS","SSD",2001,38.280684443845,48.55
"South Sudan","SS","SSD",2000,38.4320421364828,47.591
"South Sudan","SS","SSD",1999,37.5177725450542,44.537
"South Sudan","SS","SSD",1998,35.3375912116474,19.048
"South Sudan","SS","SSD",1997,32.7354392975813,33.068
"South Sudan","SS","SSD",1996,30.5552579641745,32.124
"South Sudan","SS","SSD",1995,29.6409883727458,31.51
"South Sudan","SS","SSD",1994,29.7144854672926,44.858
"South Sudan","SS","SSD",1993,30.0143348476545,22.263
"South Sudan","SS","SSD",1992,30.659573658914,21.938
"South Sudan","SS","SSD",1991,31.7692390461536,29.185
"South Sudan","SS","SSD",1990,33.4623681544558,28.628
"South Sudan","SS","SSD",1989,NA,28.217
"South Sudan","SS","SSD",1988,NA,10.989
"South Sudan","SS","SSD",1987,NA,20.721
"South Sudan","SS","SSD",1986,NA,32.816
"South Sudan","SS","SSD",1985,NA,32.36
"South Sudan","SS","SSD",1984,NA,31.788
"South Sudan","SS","SSD",1983,NA,34.733
"South Sudan","SS","SSD",1982,NA,38.677
"South Sudan","SS","SSD",1981,NA,38.313
"South Sudan","SS","SSD",1980,NA,38.034
"South Sudan","SS","SSD",1979,NA,37.805
"South Sudan","SS","SSD",1978,NA,37.592
"South Sudan","SS","SSD",1977,NA,37.397
"South Sudan","SS","SSD",1976,NA,37.092
"South Sudan","SS","SSD",1975,NA,36.867
"South Sudan","SS","SSD",1974,NA,36.589
"South Sudan","SS","SSD",1973,NA,36.277
"South Sudan","SS","SSD",1972,NA,31.291
"South Sudan","SS","SSD",1971,NA,30.993
"South Sudan","SS","SSD",1970,NA,25.632
"South Sudan","SS","SSD",1969,NA,25.396
"South Sudan","SS","SSD",1968,NA,26.103
"South Sudan","SS","SSD",1967,NA,25.858
"South Sudan","SS","SSD",1966,NA,25.633
"South Sudan","SS","SSD",1965,NA,28.781
"South Sudan","SS","SSD",1964,NA,32.458
"South Sudan","SS","SSD",1963,NA,28.249
"South Sudan","SS","SSD",1962,NA,28.506
"South Sudan","SS","SSD",1961,NA,28.278
"South Sudan","SS","SSD",1960,NA,28.054
"Spain","ES","ESP",2023,NA,83.9341463414634
"Spain","ES","ESP",2022,NA,83.1341463414634
"Spain","ES","ESP",2021,NA,83.1780487804878
"Spain","ES","ESP",2020,9.58105460690675,82.2317073170732
"Spain","ES","ESP",2019,9.35354339662499,83.8317073170732
"Spain","ES","ESP",2018,10.1845744948112,83.4317073170732
"Spain","ES","ESP",2017,10.4366670528408,83.2829268292683
"Spain","ES","ESP",2016,10.338836110853,83.3292682926829
"Spain","ES","ESP",2015,11.2555313002962,82.8317073170732
"Spain","ES","ESP",2014,10.5798592110443,83.2292682926829
"Spain","ES","ESP",2013,11.2505956077366,83.0780487804878
"Spain","ES","ESP",2012,12.0395432976255,82.4268292682927
"Spain","ES","ESP",2011,13.4200482874381,82.4756097560976
"Spain","ES","ESP",2010,12.4298524075247,81.6268292682927
"Spain","ES","ESP",2009,12.584397187959,81.4756097560976
"Spain","ES","ESP",2008,12.9746541971488,81.1756097560976
"Spain","ES","ESP",2007,13.490557436925,80.8731707317073
"Spain","ES","ESP",2006,14.0220409091183,80.8219512195122
"Spain","ES","ESP",2005,14.4590386155595,80.1707317073171
"Spain","ES","ESP",2004,14.8304822106943,79.8707317073171
"Spain","ES","ESP",2003,15.2122004417795,79.619512195122
"Spain","ES","ESP",2002,15.5644729498625,79.5682926829268
"Spain","ES","ESP",2001,15.8475793759903,79.3682926829268
"Spain","ES","ESP",2000,16.0217993612102,78.9658536585366
"Spain","ES","ESP",1999,15.9876511719016,78.7170731707317
"Spain","ES","ESP",1998,15.7595732887219,78.6658536585366
"Spain","ES","ESP",1997,15.4687256741349,78.6041463414634
"Spain","ES","ESP",1996,15.2462682906044,78.1204878048781
"Spain","ES","ESP",1995,15.2233611005944,77.9807317073171
"Spain","ES","ESP",1994,15.3689659912695,77.9014634146342
"Spain","ES","ESP",1993,15.5639163885847,77.5465853658537
"Spain","ES","ESP",1992,15.80717956319,77.41
"Spain","ES","ESP",1991,16.097722785735,76.9712195121951
"Spain","ES","ESP",1990,16.4345133268695,76.8375609756098
"Spain","ES","ESP",1989,NA,76.8136585365854
"Spain","ES","ESP",1988,NA,76.7470731707317
"Spain","ES","ESP",1987,NA,76.7280487804878
"Spain","ES","ESP",1986,NA,76.5104878048781
"Spain","ES","ESP",1985,NA,76.259512195122
"Spain","ES","ESP",1984,NA,76.2953658536586
"Spain","ES","ESP",1983,NA,75.9090243902439
"Spain","ES","ESP",1982,NA,76.1341463414634
"Spain","ES","ESP",1981,NA,75.5285365853659
"Spain","ES","ESP",1980,NA,75.3492682926829
"Spain","ES","ESP",1979,NA,74.8187804878049
"Spain","ES","ESP",1978,NA,74.2956097560976
"Spain","ES","ESP",1977,NA,74.1319512195122
"Spain","ES","ESP",1976,NA,73.6426829268293
"Spain","ES","ESP",1975,NA,73.3187804878049
"Spain","ES","ESP",1974,NA,72.969756097561
"Spain","ES","ESP",1973,NA,72.6107317073171
"Spain","ES","ESP",1972,NA,72.8180487804878
"Spain","ES","ESP",1971,NA,71.630243902439
"Spain","ES","ESP",1970,NA,72.0273170731707
"Spain","ES","ESP",1969,NA,71.0575609756098
"Spain","ES","ESP",1968,NA,71.5378048780488
"Spain","ES","ESP",1967,NA,71.2529268292683
"Spain","ES","ESP",1966,NA,71.0551219512195
"Spain","ES","ESP",1965,NA,70.8092682926829
"Spain","ES","ESP",1964,NA,70.399756097561
"Spain","ES","ESP",1963,NA,69.6812195121951
"Spain","ES","ESP",1962,NA,69.5190243902439
"Spain","ES","ESP",1961,NA,69.4804878048781
"Spain","ES","ESP",1960,NA,69.1092682926829
"Sri Lanka","LK","LKA",2023,NA,77.483
"Sri Lanka","LK","LKA",2022,NA,77.3
"Sri Lanka","LK","LKA",2021,NA,76.278
"Sri Lanka","LK","LKA",2020,19.9644408635608,76.928
"Sri Lanka","LK","LKA",2019,19.779803654502,76.698
"Sri Lanka","LK","LKA",2018,20.8478350946817,76.485
"Sri Lanka","LK","LKA",2017,18.3492016336564,76.239
"Sri Lanka","LK","LKA",2016,19.521371968942,76.136
"Sri Lanka","LK","LKA",2015,17.9117046245301,75.99
"Sri Lanka","LK","LKA",2014,19.7831265390581,75.757
"Sri Lanka","LK","LKA",2013,21.9721781997635,75.546
"Sri Lanka","LK","LKA",2012,20.9131853685461,75.187
"Sri Lanka","LK","LKA",2011,19.3067208821847,74.74
"Sri Lanka","LK","LKA",2010,22.0458163253294,74.463
"Sri Lanka","LK","LKA",2009,23.3387605668271,70.298
"Sri Lanka","LK","LKA",2008,24.4035585686367,72.556
"Sri Lanka","LK","LKA",2007,25.2426185148487,72.983
"Sri Lanka","LK","LKA",2006,25.8583485895535,72.825
"Sri Lanka","LK","LKA",2005,26.2531569768416,73.073
"Sri Lanka","LK","LKA",2004,26.4928604151958,68.022
"Sri Lanka","LK","LKA",2003,26.6463535848639,72.442
"Sri Lanka","LK","LKA",2002,26.7206615825844,72.271
"Sri Lanka","LK","LKA",2001,26.722809505096,71.804
"Sri Lanka","LK","LKA",2000,26.659822449137,71.179
"Sri Lanka","LK","LKA",1999,26.4356600076065,70.427
"Sri Lanka","LK","LKA",1998,26.0376041679025,70.134
"Sri Lanka","LK","LKA",1997,25.5976636185122,69.934
"Sri Lanka","LK","LKA",1996,25.2478470479226,69.841
"Sri Lanka","LK","LKA",1995,25.1201631446209,69.746
"Sri Lanka","LK","LKA",1994,25.1824533481507,70.211
"Sri Lanka","LK","LKA",1993,25.3189749058737,70.049
"Sri Lanka","LK","LKA",1992,25.5363602180042,69.619
"Sri Lanka","LK","LKA",1991,25.8412416847566,69.131
"Sri Lanka","LK","LKA",1990,26.2402517063452,69.239
"Sri Lanka","LK","LKA",1989,NA,67.284
"Sri Lanka","LK","LKA",1988,NA,68.995
"Sri Lanka","LK","LKA",1987,NA,69.009
"Sri Lanka","LK","LKA",1986,NA,68.962
"Sri Lanka","LK","LKA",1985,NA,68.881
"Sri Lanka","LK","LKA",1984,NA,68.761
"Sri Lanka","LK","LKA",1983,NA,68.726
"Sri Lanka","LK","LKA",1982,NA,68.665
"Sri Lanka","LK","LKA",1981,NA,68.38
"Sri Lanka","LK","LKA",1980,NA,68.006
"Sri Lanka","LK","LKA",1979,NA,67.514
"Sri Lanka","LK","LKA",1978,NA,66.844
"Sri Lanka","LK","LKA",1977,NA,66.391
"Sri Lanka","LK","LKA",1976,NA,65.84
"Sri Lanka","LK","LKA",1975,NA,65.355
"Sri Lanka","LK","LKA",1974,NA,64.966
"Sri Lanka","LK","LKA",1973,NA,64.785
"Sri Lanka","LK","LKA",1972,NA,64.625
"Sri Lanka","LK","LKA",1971,NA,64.24
"Sri Lanka","LK","LKA",1970,NA,64.352
"Sri Lanka","LK","LKA",1969,NA,64.138
"Sri Lanka","LK","LKA",1968,NA,63.869
"Sri Lanka","LK","LKA",1967,NA,63.556
"Sri Lanka","LK","LKA",1966,NA,63.156
"Sri Lanka","LK","LKA",1965,NA,62.793
"Sri Lanka","LK","LKA",1964,NA,62.376
"Sri Lanka","LK","LKA",1963,NA,62.031
"Sri Lanka","LK","LKA",1962,NA,61.627
"Sri Lanka","LK","LKA",1961,NA,61.158
"Sri Lanka","LK","LKA",1960,NA,60.602
"St. Kitts and Nevis","KN","KNA",2023,NA,72.145
"St. Kitts and Nevis","KN","KNA",2022,NA,70.313
"St. Kitts and Nevis","KN","KNA",2021,NA,69.271
"St. Kitts and Nevis","KN","KNA",2020,8.5943079884613,71.181
"St. Kitts and Nevis","KN","KNA",2019,7.87159855837596,71.54
"St. Kitts and Nevis","KN","KNA",2018,8.01759737550583,71.336
"St. Kitts and Nevis","KN","KNA",2017,8.59231426212322,71.284
"St. Kitts and Nevis","KN","KNA",2016,8.69104650276459,71.227
"St. Kitts and Nevis","KN","KNA",2015,8.17910001090095,71.211
"St. Kitts and Nevis","KN","KNA",2014,7.35752091509014,71.228
"St. Kitts and Nevis","KN","KNA",2013,7.48708051379513,71.29
"St. Kitts and Nevis","KN","KNA",2012,7.63914727084111,71.362
"St. Kitts and Nevis","KN","KNA",2011,7.02054664173433,71.4
"St. Kitts and Nevis","KN","KNA",2010,7.72573772222845,71.452
"St. Kitts and Nevis","KN","KNA",2009,7.74038404811904,71.488
"St. Kitts and Nevis","KN","KNA",2008,7.74541893162615,71.479
"St. Kitts and Nevis","KN","KNA",2007,7.74652592893685,71.437
"St. Kitts and Nevis","KN","KNA",2006,7.74938859623819,71.356
"St. Kitts and Nevis","KN","KNA",2005,7.75969048971725,71.151
"St. Kitts and Nevis","KN","KNA",2004,7.87964039228532,70.92
"St. Kitts and Nevis","KN","KNA",2003,8.14785188353141,70.614
"St. Kitts and Nevis","KN","KNA",2002,8.47461571465912,70.194
"St. Kitts and Nevis","KN","KNA",2001,8.77022263687204,69.767
"St. Kitts and Nevis","KN","KNA",2000,8.94496340137378,69.249
"St. Kitts and Nevis","KN","KNA",1999,9.00477035977857,68.725
"St. Kitts and Nevis","KN","KNA",1998,9.02652659706935,67.891
"St. Kitts and Nevis","KN","KNA",1997,9.02694896450276,67.811
"St. Kitts and Nevis","KN","KNA",1996,9.02275431333543,67.488
"St. Kitts and Nevis","KN","KNA",1995,9.03065949482397,67.23
"St. Kitts and Nevis","KN","KNA",1994,9.05058953677375,67.002
"St. Kitts and Nevis","KN","KNA",1993,9.07138523064231,66.708
"St. Kitts and Nevis","KN","KNA",1992,9.09313707316459,66.339
"St. Kitts and Nevis","KN","KNA",1991,9.11593556107553,65.958
"St. Kitts and Nevis","KN","KNA",1990,9.13987119111008,65.641
"St. Kitts and Nevis","KN","KNA",1989,NA,65.45
"St. Kitts and Nevis","KN","KNA",1988,NA,65.451
"St. Kitts and Nevis","KN","KNA",1987,NA,65.516
"St. Kitts and Nevis","KN","KNA",1986,NA,65.554
"St. Kitts and Nevis","KN","KNA",1985,NA,65.482
"St. Kitts and Nevis","KN","KNA",1984,NA,65.334
"St. Kitts and Nevis","KN","KNA",1983,NA,65.118
"St. Kitts and Nevis","KN","KNA",1982,NA,64.868
"St. Kitts and Nevis","KN","KNA",1981,NA,64.62
"St. Kitts and Nevis","KN","KNA",1980,NA,64.385
"St. Kitts and Nevis","KN","KNA",1979,NA,64.198
"St. Kitts and Nevis","KN","KNA",1978,NA,63.995
"St. Kitts and Nevis","KN","KNA",1977,NA,63.73
"St. Kitts and Nevis","KN","KNA",1976,NA,63.49
"St. Kitts and Nevis","KN","KNA",1975,NA,63.191
"St. Kitts and Nevis","KN","KNA",1974,NA,62.888
"St. Kitts and Nevis","KN","KNA",1973,NA,62.517
"St. Kitts and Nevis","KN","KNA",1972,NA,62.137
"St. Kitts and Nevis","KN","KNA",1971,NA,61.74
"St. Kitts and Nevis","KN","KNA",1970,NA,61.372
"St. Kitts and Nevis","KN","KNA",1969,NA,61.079
"St. Kitts and Nevis","KN","KNA",1968,NA,60.776
"St. Kitts and Nevis","KN","KNA",1967,NA,60.445
"St. Kitts and Nevis","KN","KNA",1966,NA,60.081
"St. Kitts and Nevis","KN","KNA",1965,NA,59.595
"St. Kitts and Nevis","KN","KNA",1964,NA,59.04
"St. Kitts and Nevis","KN","KNA",1963,NA,58.43
"St. Kitts and Nevis","KN","KNA",1962,NA,57.84
"St. Kitts and Nevis","KN","KNA",1961,NA,57.338
"St. Kitts and Nevis","KN","KNA",1960,NA,56.84
"St. Lucia","LC","LCA",2023,NA,72.697
"St. Lucia","LC","LCA",2022,NA,72.67
"St. Lucia","LC","LCA",2021,NA,69.119
"St. Lucia","LC","LCA",2020,23.7585855502375,72.308
"St. Lucia","LC","LCA",2019,23.070500576614,72.249
"St. Lucia","LC","LCA",2018,23.2729579590218,72.655
"St. Lucia","LC","LCA",2017,23.0833259465748,72.522
"St. Lucia","LC","LCA",2016,24.0761301376266,72.552
"St. Lucia","LC","LCA",2015,23.9677087919965,72.932
"St. Lucia","LC","LCA",2014,22.2578153815924,72.676
"St. Lucia","LC","LCA",2013,21.8244150541212,72.687
"St. Lucia","LC","LCA",2012,21.0465307968291,72.86
"St. Lucia","LC","LCA",2011,20.6119269898378,72.962
"St. Lucia","LC","LCA",2010,21.0479558780675,72.768
"St. Lucia","LC","LCA",2009,21.0878173148401,72.946
"St. Lucia","LC","LCA",2008,21.0475349754885,72.963
"St. Lucia","LC","LCA",2007,20.9823479426668,72.86
"St. Lucia","LC","LCA",2006,20.9474952990289,72.794
"St. Lucia","LC","LCA",2005,20.9982161272287,72.544
"St. Lucia","LC","LCA",2004,21.2700467574092,72.453
"St. Lucia","LC","LCA",2003,21.7581900274592,72.188
"St. Lucia","LC","LCA",2002,22.307384781651,71.707
"St. Lucia","LC","LCA",2001,22.7623698642573,71.367
"St. Lucia","LC","LCA",2000,22.9678841195504,70.779
"St. Lucia","LC","LCA",1999,22.9210241246821,70.692
"St. Lucia","LC","LCA",1998,22.7666624301039,70.68
"St. Lucia","LC","LCA",1997,22.5712018400381,70.778
"St. Lucia","LC","LCA",1996,22.401045158707,70.963
"St. Lucia","LC","LCA",1995,22.3225951903328,71.172
"St. Lucia","LC","LCA",1994,22.3600517955689,71.076
"St. Lucia","LC","LCA",1993,22.4853275894096,71.05
"St. Lucia","LC","LCA",1992,22.6863945075885,70.734
"St. Lucia","LC","LCA",1991,22.9512244858394,70.309
"St. Lucia","LC","LCA",1990,23.2677894598958,70.008
"St. Lucia","LC","LCA",1989,NA,70.028
"St. Lucia","LC","LCA",1988,NA,69.736
"St. Lucia","LC","LCA",1987,NA,69.671
"St. Lucia","LC","LCA",1986,NA,70.229
"St. Lucia","LC","LCA",1985,NA,70.308
"St. Lucia","LC","LCA",1984,NA,70.522
"St. Lucia","LC","LCA",1983,NA,69.987
"St. Lucia","LC","LCA",1982,NA,68.977
"St. Lucia","LC","LCA",1981,NA,68.688
"St. Lucia","LC","LCA",1980,NA,67.801
"St. Lucia","LC","LCA",1979,NA,67.364
"St. Lucia","LC","LCA",1978,NA,67.38
"St. Lucia","LC","LCA",1977,NA,66.957
"St. Lucia","LC","LCA",1976,NA,66.198
"St. Lucia","LC","LCA",1975,NA,65.909
"St. Lucia","LC","LCA",1974,NA,65.419
"St. Lucia","LC","LCA",1973,NA,64.573
"St. Lucia","LC","LCA",1972,NA,64.645
"St. Lucia","LC","LCA",1971,NA,64.492
"St. Lucia","LC","LCA",1970,NA,64.29
"St. Lucia","LC","LCA",1969,NA,64.026
"St. Lucia","LC","LCA",1968,NA,63.749
"St. Lucia","LC","LCA",1967,NA,63.161
"St. Lucia","LC","LCA",1966,NA,62.533
"St. Lucia","LC","LCA",1965,NA,61.924
"St. Lucia","LC","LCA",1964,NA,61.339
"St. Lucia","LC","LCA",1963,NA,60.538
"St. Lucia","LC","LCA",1962,NA,59.877
"St. Lucia","LC","LCA",1961,NA,59.095
"St. Lucia","LC","LCA",1960,NA,57.865
"St. Martin (French part)","MF","MAF",2023,NA,80.224
"St. Martin (French part)","MF","MAF",2022,NA,80.236
"St. Martin (French part)","MF","MAF",2021,NA,80.206
"St. Martin (French part)","MF","MAF",2020,NA,80.085
"St. Martin (French part)","MF","MAF",2019,NA,80.078
"St. Martin (French part)","MF","MAF",2018,NA,80.029
"St. Martin (French part)","MF","MAF",2017,NA,78.762
"St. Martin (French part)","MF","MAF",2016,NA,79.885
"St. Martin (French part)","MF","MAF",2015,NA,79.829
"St. Martin (French part)","MF","MAF",2014,NA,79.727
"St. Martin (French part)","MF","MAF",2013,NA,79.528
"St. Martin (French part)","MF","MAF",2012,NA,79.302
"St. Martin (French part)","MF","MAF",2011,NA,79.016
"St. Martin (French part)","MF","MAF",2010,NA,78.752
"St. Martin (French part)","MF","MAF",2009,NA,78.513
"St. Martin (French part)","MF","MAF",2008,NA,78.326
"St. Martin (French part)","MF","MAF",2007,NA,78.16
"St. Martin (French part)","MF","MAF",2006,NA,77.989
"St. Martin (French part)","MF","MAF",2005,NA,77.802
"St. Martin (French part)","MF","MAF",2004,NA,77.612
"St. Martin (French part)","MF","MAF",2003,NA,77.419
"St. Martin (French part)","MF","MAF",2002,NA,77.219
"St. Martin (French part)","MF","MAF",2001,NA,77.009
"St. Martin (French part)","MF","MAF",2000,NA,76.793
"St. Martin (French part)","MF","MAF",1999,NA,76.565
"St. Martin (French part)","MF","MAF",1998,NA,76.338
"St. Martin (French part)","MF","MAF",1997,NA,76.105
"St. Martin (French part)","MF","MAF",1996,NA,75.885
"St. Martin (French part)","MF","MAF",1995,NA,75.714
"St. Martin (French part)","MF","MAF",1994,NA,75.533
"St. Martin (French part)","MF","MAF",1993,NA,75.349
"St. Martin (French part)","MF","MAF",1992,NA,75.15
"St. Martin (French part)","MF","MAF",1991,NA,74.925
"St. Martin (French part)","MF","MAF",1990,NA,74.565
"St. Martin (French part)","MF","MAF",1989,NA,74.205
"St. Martin (French part)","MF","MAF",1988,NA,73.858
"St. Martin (French part)","MF","MAF",1987,NA,73.519
"St. Martin (French part)","MF","MAF",1986,NA,73.201
"St. Martin (French part)","MF","MAF",1985,NA,72.943
"St. Martin (French part)","MF","MAF",1984,NA,72.734
"St. Martin (French part)","MF","MAF",1983,NA,72.55
"St. Martin (French part)","MF","MAF",1982,NA,72.419
"St. Martin (French part)","MF","MAF",1981,NA,72.384
"St. Martin (French part)","MF","MAF",1980,NA,72.347
"St. Martin (French part)","MF","MAF",1979,NA,72.296
"St. Martin (French part)","MF","MAF",1978,NA,72.238
"St. Martin (French part)","MF","MAF",1977,NA,72.174
"St. Martin (French part)","MF","MAF",1976,NA,72.116
"St. Martin (French part)","MF","MAF",1975,NA,72.046
"St. Martin (French part)","MF","MAF",1974,NA,71.933
"St. Martin (French part)","MF","MAF",1973,NA,71.78
"St. Martin (French part)","MF","MAF",1972,NA,71.568
"St. Martin (French part)","MF","MAF",1971,NA,71.305
"St. Martin (French part)","MF","MAF",1970,NA,70.982
"St. Martin (French part)","MF","MAF",1969,NA,70.559
"St. Martin (French part)","MF","MAF",1968,NA,70.15
"St. Martin (French part)","MF","MAF",1967,NA,69.775
"St. Martin (French part)","MF","MAF",1966,NA,69.401
"St. Martin (French part)","MF","MAF",1965,NA,69.034
"St. Martin (French part)","MF","MAF",1964,NA,68.757
"St. Martin (French part)","MF","MAF",1963,NA,68.487
"St. Martin (French part)","MF","MAF",1962,NA,68.194
"St. Martin (French part)","MF","MAF",1961,NA,67.912
"St. Martin (French part)","MF","MAF",1960,NA,67.648
"St. Vincent and the Grenadines","VC","VCT",2023,NA,71.23
"St. Vincent and the Grenadines","VC","VCT",2022,NA,71.191
"St. Vincent and the Grenadines","VC","VCT",2021,NA,69.132
"St. Vincent and the Grenadines","VC","VCT",2020,23.9262758481858,69.605
"St. Vincent and the Grenadines","VC","VCT",2019,23.4062454360865,70.994
"St. Vincent and the Grenadines","VC","VCT",2018,23.3995682726088,71.017
"St. Vincent and the Grenadines","VC","VCT",2017,23.4527926838875,71.013
"St. Vincent and the Grenadines","VC","VCT",2016,24.3309858655746,70.7
"St. Vincent and the Grenadines","VC","VCT",2015,24.2045950887733,70.463
"St. Vincent and the Grenadines","VC","VCT",2014,22.4680502987672,70.355
"St. Vincent and the Grenadines","VC","VCT",2013,22.0288603357583,70.091
"St. Vincent and the Grenadines","VC","VCT",2012,21.1785226295306,70.539
"St. Vincent and the Grenadines","VC","VCT",2011,20.8130429273481,70.609
"St. Vincent and the Grenadines","VC","VCT",2010,21.2478514761788,70.66
"St. Vincent and the Grenadines","VC","VCT",2009,21.2854831085013,70.712
"St. Vincent and the Grenadines","VC","VCT",2008,21.2478603078695,70.611
"St. Vincent and the Grenadines","VC","VCT",2007,21.1886530363263,70.446
"St. Vincent and the Grenadines","VC","VCT",2006,21.1615312559148,70.434
"St. Vincent and the Grenadines","VC","VCT",2005,21.2201649286779,70.454
"St. Vincent and the Grenadines","VC","VCT",2004,21.516734252893,70.445
"St. Vincent and the Grenadines","VC","VCT",2003,22.0531407072011,70.43
"St. Vincent and the Grenadines","VC","VCT",2002,22.657636174191,70.658
"St. Vincent and the Grenadines","VC","VCT",2001,23.1584725364515,70.382
"St. Vincent and the Grenadines","VC","VCT",2000,23.3839016765713,70.35
"St. Vincent and the Grenadines","VC","VCT",1999,23.3385708641871,70.312
"St. Vincent and the Grenadines","VC","VCT",1998,23.1863636415776,70.263
"St. Vincent and the Grenadines","VC","VCT",1997,22.9943863002942,70.382
"St. Vincent and the Grenadines","VC","VCT",1996,22.8297451318881,70.466
"St. Vincent and the Grenadines","VC","VCT",1995,22.7595464279109,70.575
"St. Vincent and the Grenadines","VC","VCT",1994,22.8120091684172,70.602
"St. Vincent and the Grenadines","VC","VCT",1993,22.9616908013353,70.621
"St. Vincent and the Grenadines","VC","VCT",1992,23.1952053200266,70.745
"St. Vincent and the Grenadines","VC","VCT",1991,23.4991667178525,70.64
"St. Vincent and the Grenadines","VC","VCT",1990,23.8601889881744,70.647
"St. Vincent and the Grenadines","VC","VCT",1989,NA,70.647
"St. Vincent and the Grenadines","VC","VCT",1988,NA,70.607
"St. Vincent and the Grenadines","VC","VCT",1987,NA,70.428
"St. Vincent and the Grenadines","VC","VCT",1986,NA,70.104
"St. Vincent and the Grenadines","VC","VCT",1985,NA,69.771
"St. Vincent and the Grenadines","VC","VCT",1984,NA,69.244
"St. Vincent and the Grenadines","VC","VCT",1983,NA,68.796
"St. Vincent and the Grenadines","VC","VCT",1982,NA,68.584
"St. Vincent and the Grenadines","VC","VCT",1981,NA,68.292
"St. Vincent and the Grenadines","VC","VCT",1980,NA,67.977
"St. Vincent and the Grenadines","VC","VCT",1979,NA,69.345
"St. Vincent and the Grenadines","VC","VCT",1978,NA,67.273
"St. Vincent and the Grenadines","VC","VCT",1977,NA,66.883
"St. Vincent and the Grenadines","VC","VCT",1976,NA,66.466
"St. Vincent and the Grenadines","VC","VCT",1975,NA,65.873
"St. Vincent and the Grenadines","VC","VCT",1974,NA,65.422
"St. Vincent and the Grenadines","VC","VCT",1973,NA,65.095
"St. Vincent and the Grenadines","VC","VCT",1972,NA,64.752
"St. Vincent and the Grenadines","VC","VCT",1971,NA,64.432
"St. Vincent and the Grenadines","VC","VCT",1970,NA,64.029
"St. Vincent and the Grenadines","VC","VCT",1969,NA,63.529
"St. Vincent and the Grenadines","VC","VCT",1968,NA,63.064
"St. Vincent and the Grenadines","VC","VCT",1967,NA,62.541
"St. Vincent and the Grenadines","VC","VCT",1966,NA,62.102
"St. Vincent and the Grenadines","VC","VCT",1965,NA,61.61
"St. Vincent and the Grenadines","VC","VCT",1964,NA,61.071
"St. Vincent and the Grenadines","VC","VCT",1963,NA,60.521
"St. Vincent and the Grenadines","VC","VCT",1962,NA,59.924
"St. Vincent and the Grenadines","VC","VCT",1961,NA,59.272
"St. Vincent and the Grenadines","VC","VCT",1960,NA,58.566
"Sudan","SD","SDN",2023,NA,66.331
"Sudan","SD","SDN",2022,NA,65.695
"Sudan","SD","SDN",2021,NA,64.46
"Sudan","SD","SDN",2020,45.8349025581217,65.124
"Sudan","SD","SDN",2019,51.9356218340372,65.803
"Sudan","SD","SDN",2018,58.6936576687446,65.501
"Sudan","SD","SDN",2017,59.8168448508968,65.146
"Sudan","SD","SDN",2016,59.3119232873813,64.677
"Sudan","SD","SDN",2015,61.1105056197826,64.375
"Sudan","SD","SDN",2014,49.516943286103,63.99
"Sudan","SD","SDN",2013,60.4369003558748,63.443
"Sudan","SD","SDN",2012,64.1497177387956,63.427
"Sudan","SD","SDN",2011,62.2941694151786,63.181
"Sudan","SD","SDN",2010,59.6794173541135,62.979
"Sudan","SD","SDN",2009,59.0077056921272,62.676
"Sudan","SD","SDN",2008,58.5573759344283,61.261
"Sudan","SD","SDN",2007,58.2384917480455,61.442
"Sudan","SD","SDN",2006,57.9611168000079,60.4
"Sudan","SD","SDN",2005,57.6353147573441,57.226
"Sudan","SD","SDN",2004,57.2981421145582,56.773
"Sudan","SD","SDN",2003,57.0038362320227,58.319
"Sudan","SD","SDN",2002,56.688232075569,59.308
"Sudan","SD","SDN",2001,56.2871646110288,59.264
"Sudan","SD","SDN",2000,55.7364688042335,58.946
"Sudan","SD","SDN",1999,54.266312452003,58.607
"Sudan","SD","SDN",1998,51.6960694940487,58.308
"Sudan","SD","SDN",1997,48.8453841105392,58.058
"Sudan","SD","SDN",1996,46.5339004816432,57.638
"Sudan","SD","SDN",1995,45.5812627875292,57.447
"Sudan","SD","SDN",1994,45.8745365570804,57.022
"Sudan","SD","SDN",1993,46.7866044738801,56.102
"Sudan","SD","SDN",1992,48.3658364501477,55.952
"Sudan","SD","SDN",1991,50.6606023981027,55.553
"Sudan","SD","SDN",1990,53.7192722299645,55.497
"Sudan","SD","SDN",1989,NA,54.883
"Sudan","SD","SDN",1988,NA,54.984
"Sudan","SD","SDN",1987,NA,54.747
"Sudan","SD","SDN",1986,NA,54.558
"Sudan","SD","SDN",1985,NA,50.014
"Sudan","SD","SDN",1984,NA,49.807
"Sudan","SD","SDN",1983,NA,49.562
"Sudan","SD","SDN",1982,NA,54.375
"Sudan","SD","SDN",1981,NA,54.369
"Sudan","SD","SDN",1980,NA,54.072
"Sudan","SD","SDN",1979,NA,53.374
"Sudan","SD","SDN",1978,NA,53.29
"Sudan","SD","SDN",1977,NA,53.522
"Sudan","SD","SDN",1976,NA,53.342
"Sudan","SD","SDN",1975,NA,53.31
"Sudan","SD","SDN",1974,NA,53.156
"Sudan","SD","SDN",1973,NA,52.988
"Sudan","SD","SDN",1972,NA,52.803
"Sudan","SD","SDN",1971,NA,52.541
"Sudan","SD","SDN",1970,NA,52.294
"Sudan","SD","SDN",1969,NA,52.04
"Sudan","SD","SDN",1968,NA,51.762
"Sudan","SD","SDN",1967,NA,51.495
"Sudan","SD","SDN",1966,NA,51.253
"Sudan","SD","SDN",1965,NA,51.031
"Sudan","SD","SDN",1964,NA,50.879
"Sudan","SD","SDN",1963,NA,50.816
"Sudan","SD","SDN",1962,NA,50.419
"Sudan","SD","SDN",1961,NA,49.964
"Sudan","SD","SDN",1960,NA,49.566
"Suriname","SR","SUR",2023,NA,73.631
"Suriname","SR","SUR",2022,NA,73.254
"Suriname","SR","SUR",2021,NA,68.943
"Suriname","SR","SUR",2020,27.3059698425997,72.321
"Suriname","SR","SUR",2019,29.9904120028237,71.773
"Suriname","SR","SUR",2018,29.6641934243254,71.468
"Suriname","SR","SUR",2017,26.7797937382992,71.247
"Suriname","SR","SUR",2016,27.0335291242088,70.979
"Suriname","SR","SUR",2015,27.4211368815622,70.567
"Suriname","SR","SUR",2014,25.5794924051723,70.33
"Suriname","SR","SUR",2013,25.0473551418283,70.11
"Suriname","SR","SUR",2012,26.3564495295979,69.957
"Suriname","SR","SUR",2011,23.1342333121969,69.82
"Suriname","SR","SUR",2010,24.7300040259854,69.626
"Suriname","SR","SUR",2009,25.0104206234369,69.323
"Suriname","SR","SUR",2008,25.1445967600364,68.873
"Suriname","SR","SUR",2007,25.2240727430802,68.307
"Suriname","SR","SUR",2006,25.3403888798647,67.643
"Suriname","SR","SUR",2005,25.5850854776858,66.997
"Suriname","SR","SUR",2004,26.4855161347438,66.362
"Suriname","SR","SUR",2003,28.1427434567844,65.778
"Suriname","SR","SUR",2002,30.008871262422,65.274
"Suriname","SR","SUR",2001,31.5360033702711,64.82
"Suriname","SR","SUR",2000,32.1762435989463,64.409
"Suriname","SR","SUR",1999,31.9170873239293,64.035
"Suriname","SR","SUR",1998,31.2748397239114,63.706
"Suriname","SR","SUR",1997,30.494819322321,63.385
"Suriname","SR","SUR",1996,29.8223446425866,63.079
"Suriname","SR","SUR",1995,29.5027342081366,62.779
"Suriname","SR","SUR",1994,29.4530028958921,62.542
"Suriname","SR","SUR",1993,29.4357458581543,62.382
"Suriname","SR","SUR",1992,29.464652031422,62.246
"Suriname","SR","SUR",1991,29.5534103521943,62.151
"Suriname","SR","SUR",1990,29.71570975697,62.088
"Suriname","SR","SUR",1989,NA,61.982
"Suriname","SR","SUR",1988,NA,61.477
"Suriname","SR","SUR",1987,NA,61.314
"Suriname","SR","SUR",1986,NA,61.159
"Suriname","SR","SUR",1985,NA,61.358
"Suriname","SR","SUR",1984,NA,61.211
"Suriname","SR","SUR",1983,NA,61.072
"Suriname","SR","SUR",1982,NA,60.934
"Suriname","SR","SUR",1981,NA,60.795
"Suriname","SR","SUR",1980,NA,60.654
"Suriname","SR","SUR",1979,NA,60.527
"Suriname","SR","SUR",1978,NA,60.401
"Suriname","SR","SUR",1977,NA,60.277
"Suriname","SR","SUR",1976,NA,60.155
"Suriname","SR","SUR",1975,NA,60.035
"Suriname","SR","SUR",1974,NA,59.914
"Suriname","SR","SUR",1973,NA,59.793
"Suriname","SR","SUR",1972,NA,59.685
"Suriname","SR","SUR",1971,NA,59.59
"Suriname","SR","SUR",1970,NA,59.494
"Suriname","SR","SUR",1969,NA,59.394
"Suriname","SR","SUR",1968,NA,59.292
"Suriname","SR","SUR",1967,NA,59.172
"Suriname","SR","SUR",1966,NA,59.232
"Suriname","SR","SUR",1965,NA,59.137
"Suriname","SR","SUR",1964,NA,58.908
"Suriname","SR","SUR",1963,NA,58.496
"Suriname","SR","SUR",1962,NA,58.023
"Suriname","SR","SUR",1961,NA,57.29
"Suriname","SR","SUR",1960,NA,56.595
"Sweden","SE","SWE",2023,NA,83.309756097561
"Sweden","SE","SWE",2022,NA,83.0585365853659
"Sweden","SE","SWE",2021,NA,83.0560975609756
"Sweden","SE","SWE",2020,5.63670790600148,82.3560975609756
"Sweden","SE","SWE",2019,6.06869269595507,83.109756097561
"Sweden","SE","SWE",2018,6.29086232136503,82.5585365853659
"Sweden","SE","SWE",2017,6.06180356722068,82.409756097561
"Sweden","SE","SWE",2016,5.69783329212579,82.3073170731707
"Sweden","SE","SWE",2015,6.30260504424704,82.2048780487805
"Sweden","SE","SWE",2014,6.77228861428546,82.2536585365854
"Sweden","SE","SWE",2013,6.56222856877152,81.9560975609756
"Sweden","SE","SWE",2012,6.6090550437011,81.7048780487805
"Sweden","SE","SWE",2011,7.91243933234096,81.8024390243903
"Sweden","SE","SWE",2010,7.82247575410873,81.4512195121951
"Sweden","SE","SWE",2009,7.85892940513784,81.3512195121951
"Sweden","SE","SWE",2008,7.955908814386,81.1
"Sweden","SE","SWE",2007,8.09484166609447,80.9
"Sweden","SE","SWE",2006,8.25715564450449,80.7487804878049
"Sweden","SE","SWE",2005,8.4242784338573,80.5463414634146
"Sweden","SE","SWE",2004,8.6377252099159,80.4975609756098
"Sweden","SE","SWE",2003,8.91945432965492,80.0951219512195
"Sweden","SE","SWE",2002,9.22155824913309,79.8463414634146
"Sweden","SE","SWE",2001,9.49612942440913,79.7951219512195
"Sweden","SE","SWE",2000,9.69526031154178,79.6439024390244
"Sweden","SE","SWE",1999,9.81939323868768,79.4414634146342
"Sweden","SE","SWE",1998,9.91488676769916,79.3390243902439
"Sweden","SE","SWE",1997,10.0027077051784,79.1975609756098
"Sweden","SE","SWE",1996,10.1038228577276,78.9590243902439
"Sweden","SE","SWE",1995,10.2391990319491,78.7404878048781
"Sweden","SE","SWE",1994,10.4016790537632,78.650243902439
"Sweden","SE","SWE",1993,10.5705068494479,78.0604878048781
"Sweden","SE","SWE",1992,10.7462508761414,77.9987804878049
"Sweden","SE","SWE",1991,10.9294795909819,77.6668292682927
"Sweden","SE","SWE",1990,11.1207614511077,77.5368292682927
"Sweden","SE","SWE",1989,NA,77.7268292682927
"Sweden","SE","SWE",1988,NA,76.9792682926829
"Sweden","SE","SWE",1987,NA,77.0921951219512
"Sweden","SE","SWE",1986,NA,76.9312195121951
"Sweden","SE","SWE",1985,NA,76.6678048780488
"Sweden","SE","SWE",1984,NA,76.8158536585366
"Sweden","SE","SWE",1983,NA,76.5517073170732
"Sweden","SE","SWE",1982,NA,76.3273170731707
"Sweden","SE","SWE",1981,NA,76.0260975609756
"Sweden","SE","SWE",1980,NA,75.7409756097561
"Sweden","SE","SWE",1979,NA,75.5241463414634
"Sweden","SE","SWE",1978,NA,75.4690243902439
"Sweden","SE","SWE",1977,NA,75.379756097561
"Sweden","SE","SWE",1976,NA,74.9692682926829
"Sweden","SE","SWE",1975,NA,74.9846341463415
"Sweden","SE","SWE",1974,NA,74.9804878048781
"Sweden","SE","SWE",1973,NA,74.8673170731707
"Sweden","SE","SWE",1972,NA,74.7180487804878
"Sweden","SE","SWE",1971,NA,74.6239024390244
"Sweden","SE","SWE",1970,NA,74.6492682926829
"Sweden","SE","SWE",1969,NA,74.0848780487805
"Sweden","SE","SWE",1968,NA,73.9729268292683
"Sweden","SE","SWE",1967,NA,74.1224390243903
"Sweden","SE","SWE",1966,NA,74.0785365853659
"Sweden","SE","SWE",1965,NA,73.8617073170732
"Sweden","SE","SWE",1964,NA,73.7331707317073
"Sweden","SE","SWE",1963,NA,73.5553658536585
"Sweden","SE","SWE",1962,NA,73.3504878048781
"Sweden","SE","SWE",1961,NA,73.4743902439024
"Sweden","SE","SWE",1960,NA,73.0056097560976
"Switzerland","CH","CHE",2023,NA,84.1560975609756
"Switzerland","CH","CHE",2022,NA,83.6048780487805
"Switzerland","CH","CHE",2021,NA,83.7512195121951
"Switzerland","CH","CHE",2020,9.06104968621636,83
"Switzerland","CH","CHE",2019,9.45001875443382,83.9048780487805
"Switzerland","CH","CHE",2018,10.1481592849367,83.7536585365854
"Switzerland","CH","CHE",2017,9.91481464472654,83.5512195121951
"Switzerland","CH","CHE",2016,10.6566460014216,83.6024390243903
"Switzerland","CH","CHE",2015,11.7226082380351,82.8975609756098
"Switzerland","CH","CHE",2014,10.6156284957703,83.1975609756098
"Switzerland","CH","CHE",2013,12.4432960759198,82.7975609756098
"Switzerland","CH","CHE",2012,12.6827485821719,82.6975609756098
"Switzerland","CH","CHE",2011,13.864731836329,82.6951219512195
"Switzerland","CH","CHE",2010,13.2556694848526,82.2463414634147
"Switzerland","CH","CHE",2009,13.3223791944562,82.0439024390244
"Switzerland","CH","CHE",2008,13.4985437713066,81.9926829268293
"Switzerland","CH","CHE",2007,13.7482163874631,81.7414634146342
"Switzerland","CH","CHE",2006,14.0354502149848,81.490243902439
"Switzerland","CH","CHE",2005,14.3242984259311,81.2365853658537
"Switzerland","CH","CHE",2004,14.6563247870221,81.0878048780488
"Switzerland","CH","CHE",2003,15.0665117216973,80.5365853658537
"Switzerland","CH","CHE",2002,15.5090403870949,80.3853658536585
"Switzerland","CH","CHE",2001,15.9380919403534,80.1804878048781
"Switzerland","CH","CHE",2000,16.3078475386111,79.6804878048781
"Switzerland","CH","CHE",1999,16.6825578363452,79.580487804878
"Switzerland","CH","CHE",1998,17.1241252136263,79.3243902439025
"Switzerland","CH","CHE",1997,17.5832084159826,79.079512195122
"Switzerland","CH","CHE",1996,18.0104661889422,78.8960975609756
"Switzerland","CH","CHE",1995,18.3565572780333,78.4170731707317
"Switzerland","CH","CHE",1994,18.6365561376753,78.35
"Switzerland","CH","CHE",1993,18.8947453064122,78.0853658536586
"Switzerland","CH","CHE",1992,19.1255956559598,77.8060975609756
"Switzerland","CH","CHE",1991,19.3235780580333,77.5146341463415
"Switzerland","CH","CHE",1990,19.4831633843484,77.2424390243902
"Switzerland","CH","CHE",1989,NA,77.4212195121951
"Switzerland","CH","CHE",1988,NA,77.2265853658537
"Switzerland","CH","CHE",1987,NA,77.1975609756098
"Switzerland","CH","CHE",1986,NA,76.8990243902439
"Switzerland","CH","CHE",1985,NA,76.7336585365854
"Switzerland","CH","CHE",1984,NA,76.6085365853659
"Switzerland","CH","CHE",1983,NA,76.0312195121951
"Switzerland","CH","CHE",1982,NA,76.0339024390244
"Switzerland","CH","CHE",1981,NA,75.6931707317073
"Switzerland","CH","CHE",1980,NA,75.4592682926829
"Switzerland","CH","CHE",1979,NA,75.4660975609756
"Switzerland","CH","CHE",1978,NA,75.1873170731707
"Switzerland","CH","CHE",1977,NA,75.2380487804878
"Switzerland","CH","CHE",1976,NA,74.7853658536585
"Switzerland","CH","CHE",1975,NA,74.6656097560976
"Switzerland","CH","CHE",1974,NA,74.2870731707317
"Switzerland","CH","CHE",1973,NA,73.9409756097561
"Switzerland","CH","CHE",1972,NA,73.6443902439024
"Switzerland","CH","CHE",1971,NA,73.1307317073171
"Switzerland","CH","CHE",1970,NA,73.020243902439
"Switzerland","CH","CHE",1969,NA,72.6126829268293
"Switzerland","CH","CHE",1968,NA,72.590243902439
"Switzerland","CH","CHE",1967,NA,72.6365853658537
"Switzerland","CH","CHE",1966,NA,72.3356097560976
"Switzerland","CH","CHE",1965,NA,72.2017073170732
"Switzerland","CH","CHE",1964,NA,72.0778048780488
"Switzerland","CH","CHE",1963,NA,71.1875609756098
"Switzerland","CH","CHE",1962,NA,71.1960975609756
"Switzerland","CH","CHE",1961,NA,71.6448780487805
"Switzerland","CH","CHE",1960,NA,71.3134146341463
"Syrian Arab Republic","SY","SYR",2023,NA,72.12
"Syrian Arab Republic","SY","SYR",2022,NA,72.79
"Syrian Arab Republic","SY","SYR",2021,NA,72.418
"Syrian Arab Republic","SY","SYR",2020,24.7058382627422,71.944
"Syrian Arab Republic","SY","SYR",2019,26.4725611273339,70.97
"Syrian Arab Republic","SY","SYR",2018,25.9590823017321,67.371
"Syrian Arab Republic","SY","SYR",2017,24.5814440559142,65.651
"Syrian Arab Republic","SY","SYR",2016,25.5706170226563,65.19
"Syrian Arab Republic","SY","SYR",2015,26.9795023656779,63.265
"Syrian Arab Republic","SY","SYR",2014,25.7324188924062,65.492
"Syrian Arab Republic","SY","SYR",2013,26.3151629967473,65.146
"Syrian Arab Republic","SY","SYR",2012,24.5499952322116,66.206
"Syrian Arab Republic","SY","SYR",2011,25.6858667253095,72.259
"Syrian Arab Republic","SY","SYR",2010,29.1311036349137,73.542
"Syrian Arab Republic","SY","SYR",2009,28.6850889977974,73.496
"Syrian Arab Republic","SY","SYR",2008,27.5984951064572,73.368
"Syrian Arab Republic","SY","SYR",2007,26.245550864447,73.256
"Syrian Arab Republic","SY","SYR",2006,25.0004851753207,73.04
"Syrian Arab Republic","SY","SYR",2005,24.2375269426323,72.797
"Syrian Arab Republic","SY","SYR",2004,23.8516945666111,72.494
"Syrian Arab Republic","SY","SYR",2003,23.505989430593,72.188
"Syrian Arab Republic","SY","SYR",2002,23.2266149127917,71.742
"Syrian Arab Republic","SY","SYR",2001,23.0397743914208,71.296
"Syrian Arab Republic","SY","SYR",2000,22.9716712446942,70.856
"Syrian Arab Republic","SY","SYR",1999,23.3222845068604,70.507
"Syrian Arab Republic","SY","SYR",1998,24.158624674514,70.237
"Syrian Arab Republic","SY","SYR",1997,25.157442319387,70.158
"Syrian Arab Republic","SY","SYR",1996,25.9954880132116,70.156
"Syrian Arab Republic","SY","SYR",1995,26.34951232772,70.209
"Syrian Arab Republic","SY","SYR",1994,26.3496430100465,70.296
"Syrian Arab Republic","SY","SYR",1993,26.3257372256348,70.309
"Syrian Arab Republic","SY","SYR",1992,26.2541396736808,70.243
"Syrian Arab Republic","SY","SYR",1991,26.1111950533804,70.075
"Syrian Arab Republic","SY","SYR",1990,25.8732480639295,69.83
"Syrian Arab Republic","SY","SYR",1989,NA,69.486
"Syrian Arab Republic","SY","SYR",1988,NA,69.172
"Syrian Arab Republic","SY","SYR",1987,NA,68.797
"Syrian Arab Republic","SY","SYR",1986,NA,68.415
"Syrian Arab Republic","SY","SYR",1985,NA,68.048
"Syrian Arab Republic","SY","SYR",1984,NA,67.723
"Syrian Arab Republic","SY","SYR",1983,NA,67.35
"Syrian Arab Republic","SY","SYR",1982,NA,60.839
"Syrian Arab Republic","SY","SYR",1981,NA,64.598
"Syrian Arab Republic","SY","SYR",1980,NA,66.545
"Syrian Arab Republic","SY","SYR",1979,NA,66.244
"Syrian Arab Republic","SY","SYR",1978,NA,65.932
"Syrian Arab Republic","SY","SYR",1977,NA,65.398
"Syrian Arab Republic","SY","SYR",1976,NA,64.844
"Syrian Arab Republic","SY","SYR",1975,NA,64.187
"Syrian Arab Republic","SY","SYR",1974,NA,63.441
"Syrian Arab Republic","SY","SYR",1973,NA,60.826
"Syrian Arab Republic","SY","SYR",1972,NA,61.969
"Syrian Arab Republic","SY","SYR",1971,NA,61.334
"Syrian Arab Republic","SY","SYR",1970,NA,60.608
"Syrian Arab Republic","SY","SYR",1969,NA,59.844
"Syrian Arab Republic","SY","SYR",1968,NA,59.118
"Syrian Arab Republic","SY","SYR",1967,NA,58.045
"Syrian Arab Republic","SY","SYR",1966,NA,57.55
"Syrian Arab Republic","SY","SYR",1965,NA,56.901
"Syrian Arab Republic","SY","SYR",1964,NA,56.17
"Syrian Arab Republic","SY","SYR",1963,NA,55.394
"Syrian Arab Republic","SY","SYR",1962,NA,54.569
"Syrian Arab Republic","SY","SYR",1961,NA,53.652
"Syrian Arab Republic","SY","SYR",1960,NA,52.723
"Tajikistan","TJ","TJK",2023,NA,71.79
"Tajikistan","TJ","TJK",2022,NA,71.562
"Tajikistan","TJ","TJK",2021,NA,69.594
"Tajikistan","TJ","TJK",2020,37.0534062306267,68.605
"Tajikistan","TJ","TJK",2019,40.2890496610835,70.962
"Tajikistan","TJ","TJK",2018,42.3335064710739,70.737
"Tajikistan","TJ","TJK",2017,42.5053360629934,70.524
"Tajikistan","TJ","TJK",2016,44.7655503683053,69.982
"Tajikistan","TJ","TJK",2015,45.5749888542868,69.665
"Tajikistan","TJ","TJK",2014,46.6700130134501,69.697
"Tajikistan","TJ","TJK",2013,51.0460904062202,69.579
"Tajikistan","TJ","TJK",2012,51.3794263594159,69.13
"Tajikistan","TJ","TJK",2011,53.195882702872,68.698
"Tajikistan","TJ","TJK",2010,39.7949542469115,68.37
"Tajikistan","TJ","TJK",2009,37.256516551989,68.248
"Tajikistan","TJ","TJK",2008,35.3955700122009,67.924
"Tajikistan","TJ","TJK",2007,34.1448664488734,67.405
"Tajikistan","TJ","TJK",2006,33.4371576833326,66.997
"Tajikistan","TJ","TJK",2005,33.2051955369046,66.531
"Tajikistan","TJ","TJK",2004,33.5888791207511,66.604
"Tajikistan","TJ","TJK",2003,34.5291662601766,65.874
"Tajikistan","TJ","TJK",2002,35.660396847721,64.898
"Tajikistan","TJ","TJK",2001,36.616910775924,64.197
"Tajikistan","TJ","TJK",2000,37.0330479373257,63.542
"Tajikistan","TJ","TJK",1999,36.8858819444686,63.114
"Tajikistan","TJ","TJK",1998,36.4796555992594,62.404
"Tajikistan","TJ","TJK",1997,35.9394625782844,61.928
"Tajikistan","TJ","TJK",1996,35.3903965581297,60.806
"Tajikistan","TJ","TJK",1995,34.9575512153816,61.389
"Tajikistan","TJ","TJK",1994,34.6269264010306,60.093
"Tajikistan","TJ","TJK",1993,34.3035321791451,55.512
"Tajikistan","TJ","TJK",1992,33.9909775459279,57.085
"Tajikistan","TJ","TJK",1991,33.692871497582,61.679
"Tajikistan","TJ","TJK",1990,33.4128230303102,61.636
"Tajikistan","TJ","TJK",1989,NA,61.736
"Tajikistan","TJ","TJK",1988,NA,61.839
"Tajikistan","TJ","TJK",1987,NA,61.582
"Tajikistan","TJ","TJK",1986,NA,61.83
"Tajikistan","TJ","TJK",1985,NA,60.973
"Tajikistan","TJ","TJK",1984,NA,60.69
"Tajikistan","TJ","TJK",1983,NA,60.46
"Tajikistan","TJ","TJK",1982,NA,60.161
"Tajikistan","TJ","TJK",1981,NA,58.758
"Tajikistan","TJ","TJK",1980,NA,58.632
"Tajikistan","TJ","TJK",1979,NA,58.523
"Tajikistan","TJ","TJK",1978,NA,58.396
"Tajikistan","TJ","TJK",1977,NA,58.244
"Tajikistan","TJ","TJK",1976,NA,58.076
"Tajikistan","TJ","TJK",1975,NA,57.88
"Tajikistan","TJ","TJK",1974,NA,57.651
"Tajikistan","TJ","TJK",1973,NA,57.418
"Tajikistan","TJ","TJK",1972,NA,57.157
"Tajikistan","TJ","TJK",1971,NA,56.884
"Tajikistan","TJ","TJK",1970,NA,56.589
"Tajikistan","TJ","TJK",1969,NA,56.262
"Tajikistan","TJ","TJK",1968,NA,55.89
"Tajikistan","TJ","TJK",1967,NA,55.497
"Tajikistan","TJ","TJK",1966,NA,55.079
"Tajikistan","TJ","TJK",1965,NA,54.655
"Tajikistan","TJ","TJK",1964,NA,54.224
"Tajikistan","TJ","TJK",1963,NA,53.791
"Tajikistan","TJ","TJK",1962,NA,53.374
"Tajikistan","TJ","TJK",1961,NA,52.944
"Tajikistan","TJ","TJK",1960,NA,52.535
"Tanzania","TZ","TZA",2023,NA,66.995
"Tanzania","TZ","TZA",2022,NA,66.879
"Tanzania","TZ","TZA",2021,NA,66.131
"Tanzania","TZ","TZA",2020,25.081431153535,66.771
"Tanzania","TZ","TZA",2019,20.7785687915826,66.007
"Tanzania","TZ","TZA",2018,21.2944892567993,65.488
"Tanzania","TZ","TZA",2017,21.0006603142176,64.963
"Tanzania","TZ","TZA",2016,25.3938175391915,64.404
"Tanzania","TZ","TZA",2015,25.1682619442571,63.928
"Tanzania","TZ","TZA",2014,24.2244900980476,63.364
"Tanzania","TZ","TZA",2013,24.5340682116755,62.788
"Tanzania","TZ","TZA",2012,25.5667487604226,62.286
"Tanzania","TZ","TZA",2011,25.1532727025899,61.618
"Tanzania","TZ","TZA",2010,23.1053112582158,61.127
"Tanzania","TZ","TZA",2009,22.5253075669631,60.494
"Tanzania","TZ","TZA",2008,22.1260766903794,59.896
"Tanzania","TZ","TZA",2007,21.8434497525189,59.26
"Tanzania","TZ","TZA",2006,21.6132578774357,58.512
"Tanzania","TZ","TZA",2005,21.371332189184,57.675
"Tanzania","TZ","TZA",2004,21.1359409346129,56.836
"Tanzania","TZ","TZA",2003,20.9420332235962,55.929
"Tanzania","TZ","TZA",2002,20.7504614747252,54.94
"Tanzania","TZ","TZA",2001,20.5220781065911,54.124
"Tanzania","TZ","TZA",2000,20.2177355377851,53.244
"Tanzania","TZ","TZA",1999,19.5690545525429,52.399
"Tanzania","TZ","TZA",1998,18.5360671253263,51.807
"Tanzania","TZ","TZA",1997,17.422242460066,51.246
"Tanzania","TZ","TZA",1996,16.5310497606926,51.132
"Tanzania","TZ","TZA",1995,16.1659582311366,51.005
"Tanzania","TZ","TZA",1994,16.1681777641975,51.077
"Tanzania","TZ","TZA",1993,16.1888624844991,51.215
"Tanzania","TZ","TZA",1992,16.2463979437095,51.432
"Tanzania","TZ","TZA",1991,16.3591696934964,51.837
"Tanzania","TZ","TZA",1990,16.5455632855277,51.985
"Tanzania","TZ","TZA",1989,NA,52.09
"Tanzania","TZ","TZA",1988,NA,52.224
"Tanzania","TZ","TZA",1987,NA,52.182
"Tanzania","TZ","TZA",1986,NA,52.207
"Tanzania","TZ","TZA",1985,NA,52.184
"Tanzania","TZ","TZA",1984,NA,52.151
"Tanzania","TZ","TZA",1983,NA,52.178
"Tanzania","TZ","TZA",1982,NA,51.99
"Tanzania","TZ","TZA",1981,NA,51.703
"Tanzania","TZ","TZA",1980,NA,51.272
"Tanzania","TZ","TZA",1979,NA,50.791
"Tanzania","TZ","TZA",1978,NA,50.351
"Tanzania","TZ","TZA",1977,NA,49.969
"Tanzania","TZ","TZA",1976,NA,49.459
"Tanzania","TZ","TZA",1975,NA,48.922
"Tanzania","TZ","TZA",1974,NA,48.422
"Tanzania","TZ","TZA",1973,NA,47.912
"Tanzania","TZ","TZA",1972,NA,47.436
"Tanzania","TZ","TZA",1971,NA,46.972
"Tanzania","TZ","TZA",1970,NA,46.495
"Tanzania","TZ","TZA",1969,NA,46.043
"Tanzania","TZ","TZA",1968,NA,45.626
"Tanzania","TZ","TZA",1967,NA,45.163
"Tanzania","TZ","TZA",1966,NA,44.941
"Tanzania","TZ","TZA",1965,NA,44.542
"Tanzania","TZ","TZA",1964,NA,44.075
"Tanzania","TZ","TZA",1963,NA,43.616
"Tanzania","TZ","TZA",1962,NA,43.215
"Tanzania","TZ","TZA",1961,NA,42.841
"Tanzania","TZ","TZA",1960,NA,42.596
"Thailand","TH","THA",2023,NA,76.412
"Thailand","TH","THA",2022,NA,75.291
"Thailand","TH","THA",2021,NA,77.606
"Thailand","TH","THA",2020,31.0072016277159,77.331
"Thailand","TH","THA",2019,30.382756547172,77.197
"Thailand","TH","THA",2018,30.0080973964844,77.19
"Thailand","TH","THA",2017,27.1006744719071,76.989
"Thailand","TH","THA",2016,30.3985996204755,76.769
"Thailand","TH","THA",2015,28.1544413826202,76.563
"Thailand","TH","THA",2014,29.9705384622081,76.279
"Thailand","TH","THA",2013,34.4883511418629,75.96
"Thailand","TH","THA",2012,31.5886298984382,75.59
"Thailand","TH","THA",2011,29.0591951880929,75.302
"Thailand","TH","THA",2010,33.4690505539545,75.012
"Thailand","TH","THA",2009,35.5786281029176,74.669
"Thailand","TH","THA",2008,37.3495127087413,74.221
"Thailand","TH","THA",2007,38.7509301612035,73.779
"Thailand","TH","THA",2006,39.7521062500821,73.341
"Thailand","TH","THA",2005,40.3222667651549,72.894
"Thailand","TH","THA",2004,40.5277251520537,72.1
"Thailand","TH","THA",2003,40.5281267680848,72.101
"Thailand","TH","THA",2002,40.4326952705377,71.775
"Thailand","TH","THA",2001,40.3506543167023,71.52
"Thailand","TH","THA",2000,40.3912275638682,71.205
"Thailand","TH","THA",1999,40.5836794461654,70.979
"Thailand","TH","THA",1998,40.8645507522072,70.703
"Thailand","TH","THA",1997,41.2039796710085,70.362
"Thailand","TH","THA",1996,41.5721043915843,69.94
"Thailand","TH","THA",1995,41.9390631029495,69.757
"Thailand","TH","THA",1994,42.3246971045909,69.661
"Thailand","TH","THA",1993,42.7627320101514,69.568
"Thailand","TH","THA",1992,43.2441324798799,69.353
"Thailand","TH","THA",1991,43.7598631740252,69.132
"Thailand","TH","THA",1990,44.3008887528364,68.924
"Thailand","TH","THA",1989,NA,68.557
"Thailand","TH","THA",1988,NA,68.194
"Thailand","TH","THA",1987,NA,67.833
"Thailand","TH","THA",1986,NA,67.308
"Thailand","TH","THA",1985,NA,66.543
"Thailand","TH","THA",1984,NA,65.55
"Thailand","TH","THA",1983,NA,64.5
"Thailand","TH","THA",1982,NA,63.603
"Thailand","TH","THA",1981,NA,62.856
"Thailand","TH","THA",1980,NA,62.186
"Thailand","TH","THA",1979,NA,61.696
"Thailand","TH","THA",1978,NA,61.266
"Thailand","TH","THA",1977,NA,60.906
"Thailand","TH","THA",1976,NA,60.371
"Thailand","TH","THA",1975,NA,59.713
"Thailand","TH","THA",1974,NA,59.031
"Thailand","TH","THA",1973,NA,58.323
"Thailand","TH","THA",1972,NA,57.746
"Thailand","TH","THA",1971,NA,57.1
"Thailand","TH","THA",1970,NA,56.47
"Thailand","TH","THA",1969,NA,55.705
"Thailand","TH","THA",1968,NA,54.977
"Thailand","TH","THA",1967,NA,54.316
"Thailand","TH","THA",1966,NA,53.729
"Thailand","TH","THA",1965,NA,53.131
"Thailand","TH","THA",1964,NA,52.539
"Thailand","TH","THA",1963,NA,51.988
"Thailand","TH","THA",1962,NA,51.444
"Thailand","TH","THA",1961,NA,51.065
"Thailand","TH","THA",1960,NA,50.608
"Timor-Leste","TL","TLS",2023,NA,67.689
"Timor-Leste","TL","TLS",2022,NA,67.368
"Timor-Leste","TL","TLS",2021,NA,66.199
"Timor-Leste","TL","TLS",2020,17.4104661970888,66.919
"Timor-Leste","TL","TLS",2019,17.627881197133,66.496
"Timor-Leste","TL","TLS",2018,16.8164967206441,66.204
"Timor-Leste","TL","TLS",2017,14.9818030205102,65.898
"Timor-Leste","TL","TLS",2016,16.2081039517126,65.61
"Timor-Leste","TL","TLS",2015,15.7619976595415,65.326
"Timor-Leste","TL","TLS",2014,16.8069047821014,65.027
"Timor-Leste","TL","TLS",2013,17.5005688240194,64.719
"Timor-Leste","TL","TLS",2012,17.654383714214,64.384
"Timor-Leste","TL","TLS",2011,16.2584979451999,64.022
"Timor-Leste","TL","TLS",2010,17.660538991967,63.66
"Timor-Leste","TL","TLS",2009,18.5228660242599,63.265
"Timor-Leste","TL","TLS",2008,19.2839811875033,62.858
"Timor-Leste","TL","TLS",2007,19.9129884497109,62.396
"Timor-Leste","TL","TLS",2006,20.3789917788963,61.881
"Timor-Leste","TL","TLS",2005,20.6510951430728,61.272
"Timor-Leste","TL","TLS",2004,20.7887359374482,60.743
"Timor-Leste","TL","TLS",2003,20.882655018788,60.13
"Timor-Leste","TL","TLS",2002,20.9489115474432,59.477
"Timor-Leste","TL","TLS",2001,21.0035646837644,58.772
"Timor-Leste","TL","TLS",2000,21.0626735881027,58.097
"Timor-Leste","TL","TLS",1999,21.1225062698758,45.246
"Timor-Leste","TL","TLS",1998,21.1728542916973,48.583
"Timor-Leste","TL","TLS",1997,21.2200621437122,48.968
"Timor-Leste","TL","TLS",1996,21.2704743160654,48.26
"Timor-Leste","TL","TLS",1995,21.3304352989016,47.543
"Timor-Leste","TL","TLS",1994,21.4059884705374,47.861
"Timor-Leste","TL","TLS",1993,21.4970953009787,47.008
"Timor-Leste","TL","TLS",1992,21.6009774179051,46.19
"Timor-Leste","TL","TLS",1991,21.7148564489961,45.076
"Timor-Leste","TL","TLS",1990,21.8359540219313,45.185
"Timor-Leste","TL","TLS",1989,NA,44.795
"Timor-Leste","TL","TLS",1988,NA,36.047
"Timor-Leste","TL","TLS",1987,NA,35.974
"Timor-Leste","TL","TLS",1986,NA,34.764
"Timor-Leste","TL","TLS",1985,NA,34.342
"Timor-Leste","TL","TLS",1984,NA,34.468
"Timor-Leste","TL","TLS",1983,NA,32.694
"Timor-Leste","TL","TLS",1982,NA,32.247
"Timor-Leste","TL","TLS",1981,NA,31.247
"Timor-Leste","TL","TLS",1980,NA,30.196
"Timor-Leste","TL","TLS",1979,NA,24.172
"Timor-Leste","TL","TLS",1978,NA,22.933
"Timor-Leste","TL","TLS",1977,NA,24.875
"Timor-Leste","TL","TLS",1976,NA,25.863
"Timor-Leste","TL","TLS",1975,NA,24.314
"Timor-Leste","TL","TLS",1974,NA,36.454
"Timor-Leste","TL","TLS",1973,NA,38.966
"Timor-Leste","TL","TLS",1972,NA,38.443
"Timor-Leste","TL","TLS",1971,NA,37.909
"Timor-Leste","TL","TLS",1970,NA,37.362
"Timor-Leste","TL","TLS",1969,NA,36.802
"Timor-Leste","TL","TLS",1968,NA,36.241
"Timor-Leste","TL","TLS",1967,NA,35.703
"Timor-Leste","TL","TLS",1966,NA,35.174
"Timor-Leste","TL","TLS",1965,NA,34.653
"Timor-Leste","TL","TLS",1964,NA,34.147
"Timor-Leste","TL","TLS",1963,NA,33.665
"Timor-Leste","TL","TLS",1962,NA,33.221
"Timor-Leste","TL","TLS",1961,NA,32.801
"Timor-Leste","TL","TLS",1960,NA,32.402
"Togo","TG","TGO",2023,NA,62.74
"Togo","TG","TGO",2022,NA,62.292
"Togo","TG","TGO",2021,NA,61.337
"Togo","TG","TGO",2020,51.6661369398223,61.14
"Togo","TG","TGO",2019,47.6290664711767,61.061
"Togo","TG","TGO",2018,55.1042380453434,60.608
"Togo","TG","TGO",2017,58.2450494555721,60.145
"Togo","TG","TGO",2016,60.2898429310496,59.677
"Togo","TG","TGO",2015,67.316079169015,59.23
"Togo","TG","TGO",2014,43.0636342660236,58.776
"Togo","TG","TGO",2013,43.0219165772312,58.356
"Togo","TG","TGO",2012,53.6407922683827,57.953
"Togo","TG","TGO",2011,48.2695276844169,57.624
"Togo","TG","TGO",2010,47.1272031157292,57.24
"Togo","TG","TGO",2009,46.7044905531623,56.94
"Togo","TG","TGO",2008,46.3427937229179,56.663
"Togo","TG","TGO",2007,46.061091906575,56.395
"Togo","TG","TGO",2006,45.8783643857125,56.154
"Togo","TG","TGO",2005,45.8135904419093,55.931
"Togo","TG","TGO",2004,47.6738489606156,55.608
"Togo","TG","TGO",2003,52.1090846350623,55.312
"Togo","TG","TGO",2002,57.4025754585,55.044
"Togo","TG","TGO",2001,61.8375994241789,54.757
"Togo","TG","TGO",2000,63.6974345253496,54.587
"Togo","TG","TGO",1999,62.5605750334288,54.318
"Togo","TG","TGO",1998,59.8496023988485,53.963
"Togo","TG","TGO",1997,56.6139253833816,53.855
"Togo","TG","TGO",1996,53.9029527488013,53.829
"Togo","TG","TGO",1995,52.7660932568805,53.708
"Togo","TG","TGO",1994,52.9987772797399,53.731
"Togo","TG","TGO",1993,53.7552563753315,53.858
"Togo","TG","TGO",1992,55.1231710841756,54.084
"Togo","TG","TGO",1991,57.1901619467923,54.263
"Togo","TG","TGO",1990,60.0438695037019,54.566
"Togo","TG","TGO",1989,NA,54.742
"Togo","TG","TGO",1988,NA,54.911
"Togo","TG","TGO",1987,NA,54.831
"Togo","TG","TGO",1986,NA,54.624
"Togo","TG","TGO",1985,NA,54.372
"Togo","TG","TGO",1984,NA,54.101
"Togo","TG","TGO",1983,NA,53.772
"Togo","TG","TGO",1982,NA,53.273
"Togo","TG","TGO",1981,NA,52.781
"Togo","TG","TGO",1980,NA,52.146
"Togo","TG","TGO",1979,NA,51.515
"Togo","TG","TGO",1978,NA,50.902
"Togo","TG","TGO",1977,NA,50.163
"Togo","TG","TGO",1976,NA,49.509
"Togo","TG","TGO",1975,NA,49.046
"Togo","TG","TGO",1974,NA,48.593
"Togo","TG","TGO",1973,NA,48.138
"Togo","TG","TGO",1972,NA,47.692
"Togo","TG","TGO",1971,NA,47.232
"Togo","TG","TGO",1970,NA,46.782
"Togo","TG","TGO",1969,NA,46.354
"Togo","TG","TGO",1968,NA,46.022
"Togo","TG","TGO",1967,NA,45.615
"Togo","TG","TGO",1966,NA,45.228
"Togo","TG","TGO",1965,NA,44.917
"Togo","TG","TGO",1964,NA,44.6
"Togo","TG","TGO",1963,NA,44.274
"Togo","TG","TGO",1962,NA,44.001
"Togo","TG","TGO",1961,NA,43.746
"Togo","TG","TGO",1960,NA,43.536
"Tonga","TO","TON",2023,NA,72.895
"Tonga","TO","TON",2022,NA,72.635
"Tonga","TO","TON",2021,NA,72.13
"Tonga","TO","TON",2020,12.4784129504796,72.379
"Tonga","TO","TON",2019,12.7574461149445,72.292
"Tonga","TO","TON",2018,12.6468527417102,72.169
"Tonga","TO","TON",2017,12.0803698566865,72.066
"Tonga","TO","TON",2016,12.0170183126119,71.951
"Tonga","TO","TON",2015,11.7395693014278,71.851
"Tonga","TO","TON",2014,12.0913822122592,71.721
"Tonga","TO","TON",2013,12.1802014822162,71.65
"Tonga","TO","TON",2012,12.3765932473645,71.546
"Tonga","TO","TON",2011,12.1304389189741,71.437
"Tonga","TO","TON",2010,12.3324714777308,71.319
"Tonga","TO","TON",2009,12.3842807820647,70.949
"Tonga","TO","TON",2008,12.4206124762814,71.041
"Tonga","TO","TON",2007,12.4498683029438,70.887
"Tonga","TO","TON",2006,12.4804500046147,70.71
"Tonga","TO","TON",2005,12.5207593238571,70.56
"Tonga","TO","TON",2004,12.5968854380018,70.433
"Tonga","TO","TON",2003,12.7078429737717,70.228
"Tonga","TO","TON",2002,12.8214218478176,70.03
"Tonga","TO","TON",2001,12.9054119767903,69.8
"Tonga","TO","TON",2000,12.9276032773406,69.635
"Tonga","TO","TON",1999,12.8522866629814,69.431
"Tonga","TO","TON",1998,12.7002486813365,69.224
"Tonga","TO","TON",1997,12.5240227002233,69.012
"Tonga","TO","TON",1996,12.3761420874593,68.803
"Tonga","TO","TON",1995,12.309140210862,68.592
"Tonga","TO","TON",1994,12.3185845682081,68.371
"Tonga","TO","TON",1993,12.3636880559137,68.157
"Tonga","TO","TON",1992,12.442452139755,67.927
"Tonga","TO","TON",1991,12.552878285508,67.749
"Tonga","TO","TON",1990,12.6929679589488,67.539
"Tonga","TO","TON",1989,NA,67.445
"Tonga","TO","TON",1988,NA,67.321
"Tonga","TO","TON",1987,NA,67.189
"Tonga","TO","TON",1986,NA,67.058
"Tonga","TO","TON",1985,NA,66.928
"Tonga","TO","TON",1984,NA,66.806
"Tonga","TO","TON",1983,NA,66.652
"Tonga","TO","TON",1982,NA,66.327
"Tonga","TO","TON",1981,NA,66.357
"Tonga","TO","TON",1980,NA,66.186
"Tonga","TO","TON",1979,NA,66.039
"Tonga","TO","TON",1978,NA,65.854
"Tonga","TO","TON",1977,NA,65.625
"Tonga","TO","TON",1976,NA,65.418
"Tonga","TO","TON",1975,NA,65.122
"Tonga","TO","TON",1974,NA,64.825
"Tonga","TO","TON",1973,NA,64.389
"Tonga","TO","TON",1972,NA,64.061
"Tonga","TO","TON",1971,NA,63.607
"Tonga","TO","TON",1970,NA,63.182
"Tonga","TO","TON",1969,NA,62.696
"Tonga","TO","TON",1968,NA,62.161
"Tonga","TO","TON",1967,NA,61.692
"Tonga","TO","TON",1966,NA,61.21
"Tonga","TO","TON",1965,NA,60.72
"Tonga","TO","TON",1964,NA,60.251
"Tonga","TO","TON",1963,NA,59.77
"Tonga","TO","TON",1962,NA,59.298
"Tonga","TO","TON",1961,NA,58.757
"Tonga","TO","TON",1960,NA,58.315
"Trinidad and Tobago","TT","TTO",2023,NA,73.49
"Trinidad and Tobago","TT","TTO",2022,NA,73.331
"Trinidad and Tobago","TT","TTO",2021,NA,71.111
"Trinidad and Tobago","TT","TTO",2020,25.6022583642289,72.645
"Trinidad and Tobago","TT","TTO",2019,25.0102271567294,72.836
"Trinidad and Tobago","TT","TTO",2018,24.3138532652664,72.658
"Trinidad and Tobago","TT","TTO",2017,25.3988915846271,72.984
"Trinidad and Tobago","TT","TTO",2016,25.2326491282107,72.935
"Trinidad and Tobago","TT","TTO",2015,26.2592962743436,72.882
"Trinidad and Tobago","TT","TTO",2014,24.08935817098,72.898
"Trinidad and Tobago","TT","TTO",2013,23.383945368371,72.785
"Trinidad and Tobago","TT","TTO",2012,22.6499751351859,72.513
"Trinidad and Tobago","TT","TTO",2011,22.6890525618618,72.232
"Trinidad and Tobago","TT","TTO",2010,22.6607381954116,71.809
"Trinidad and Tobago","TT","TTO",2009,22.5044980910521,71.404
"Trinidad and Tobago","TT","TTO",2008,22.2715882248224,71.117
"Trinidad and Tobago","TT","TTO",2007,22.0321577228409,70.797
"Trinidad and Tobago","TT","TTO",2006,21.8563557112264,70.437
"Trinidad and Tobago","TT","TTO",2005,21.8143313160974,70.185
"Trinidad and Tobago","TT","TTO",2004,22.0728570584119,69.879
"Trinidad and Tobago","TT","TTO",2003,22.6238239897069,69.454
"Trinidad and Tobago","TT","TTO",2002,23.2750590319697,69.232
"Trinidad and Tobago","TT","TTO",2001,23.8343891071875,68.874
"Trinidad and Tobago","TT","TTO",2000,24.1096411373475,68.629
"Trinidad and Tobago","TT","TTO",1999,24.1245752092747,68.509
"Trinidad and Tobago","TT","TTO",1998,24.0596848225137,68.331
"Trinidad and Tobago","TT","TTO",1997,23.9578970181318,68.143
"Trinidad and Tobago","TT","TTO",1996,23.8621388371957,68.039
"Trinidad and Tobago","TT","TTO",1995,23.8153373207726,67.995
"Trinidad and Tobago","TT","TTO",1994,23.8239551349731,67.837
"Trinidad and Tobago","TT","TTO",1993,23.8636026431182,67.825
"Trinidad and Tobago","TT","TTO",1992,23.9309284320906,67.78
"Trinidad and Tobago","TT","TTO",1991,24.0225810887726,67.782
"Trinidad and Tobago","TT","TTO",1990,24.1352092000467,67.591
"Trinidad and Tobago","TT","TTO",1989,NA,67.518
"Trinidad and Tobago","TT","TTO",1988,NA,67.379
"Trinidad and Tobago","TT","TTO",1987,NA,67.135
"Trinidad and Tobago","TT","TTO",1986,NA,66.903
"Trinidad and Tobago","TT","TTO",1985,NA,66.748
"Trinidad and Tobago","TT","TTO",1984,NA,66.556
"Trinidad and Tobago","TT","TTO",1983,NA,66.44
"Trinidad and Tobago","TT","TTO",1982,NA,66.382
"Trinidad and Tobago","TT","TTO",1981,NA,66.459
"Trinidad and Tobago","TT","TTO",1980,NA,66.507
"Trinidad and Tobago","TT","TTO",1979,NA,66.422
"Trinidad and Tobago","TT","TTO",1978,NA,66.198
"Trinidad and Tobago","TT","TTO",1977,NA,66.17
"Trinidad and Tobago","TT","TTO",1976,NA,66.032
"Trinidad and Tobago","TT","TTO",1975,NA,65.647
"Trinidad and Tobago","TT","TTO",1974,NA,65.512
"Trinidad and Tobago","TT","TTO",1973,NA,65.412
"Trinidad and Tobago","TT","TTO",1972,NA,65.183
"Trinidad and Tobago","TT","TTO",1971,NA,64.934
"Trinidad and Tobago","TT","TTO",1970,NA,64.869
"Trinidad and Tobago","TT","TTO",1969,NA,64.753
"Trinidad and Tobago","TT","TTO",1968,NA,64.626
"Trinidad and Tobago","TT","TTO",1967,NA,64.471
"Trinidad and Tobago","TT","TTO",1966,NA,64.316
"Trinidad and Tobago","TT","TTO",1965,NA,64.195
"Trinidad and Tobago","TT","TTO",1964,NA,63.978
"Trinidad and Tobago","TT","TTO",1963,NA,63.633
"Trinidad and Tobago","TT","TTO",1962,NA,63.429
"Trinidad and Tobago","TT","TTO",1961,NA,62.965
"Trinidad and Tobago","TT","TTO",1960,NA,62.505
"Tunisia","TN","TUN",2023,NA,76.508
"Tunisia","TN","TUN",2022,NA,76.05
"Tunisia","TN","TUN",2021,NA,72.893
"Tunisia","TN","TUN",2020,24.1829826735327,75.004
"Tunisia","TN","TUN",2019,23.7714034054098,75.599
"Tunisia","TN","TUN",2018,25.5228520953696,75.37
"Tunisia","TN","TUN",2017,22.571757071458,75.177
"Tunisia","TN","TUN",2016,24.8089216632322,75.007
"Tunisia","TN","TUN",2015,23.6344412527314,74.875
"Tunisia","TN","TUN",2014,25.1638447684439,74.784
"Tunisia","TN","TUN",2013,22.1415749104783,74.674
"Tunisia","TN","TUN",2012,22.6944628193599,74.599
"Tunisia","TN","TUN",2011,23.7968442569893,74.471
"Tunisia","TN","TUN",2010,27.1525896814577,74.438
"Tunisia","TN","TUN",2009,26.8930005665779,74.32
"Tunisia","TN","TUN",2008,26.2739796190147,74.192
"Tunisia","TN","TUN",2007,25.5351464343827,74.039
"Tunisia","TN","TUN",2006,24.9161206082962,73.888
"Tunisia","TN","TUN",2005,24.6565217363698,73.712
"Tunisia","TN","TUN",2004,24.9487852408403,73.519
"Tunisia","TN","TUN",2003,25.6457176022554,73.304
"Tunisia","TN","TUN",2002,26.477495003696,73.07
"Tunisia","TN","TUN",2001,27.1742936282429,72.822
"Tunisia","TN","TUN",2000,27.4662896589768,72.604
"Tunisia","TN","TUN",1999,26.8352576226913,72.344
"Tunisia","TN","TUN",1998,25.3308870957293,72.067
"Tunisia","TN","TUN",1997,23.5352268354955,71.67
"Tunisia","TN","TUN",1996,22.0303255993948,71.247
"Tunisia","TN","TUN",1995,21.3982321448318,70.785
"Tunisia","TN","TUN",1994,21.4035119116903,70.363
"Tunisia","TN","TUN",1993,21.4502077683729,69.992
"Tunisia","TN","TUN",1992,21.5795846150632,69.684
"Tunisia","TN","TUN",1991,21.8329073519445,69.398
"Tunisia","TN","TUN",1990,22.2514408792002,69.092
"Tunisia","TN","TUN",1989,NA,68.825
"Tunisia","TN","TUN",1988,NA,68.456
"Tunisia","TN","TUN",1987,NA,68.011
"Tunisia","TN","TUN",1986,NA,67.429
"Tunisia","TN","TUN",1985,NA,66.877
"Tunisia","TN","TUN",1984,NA,66.294
"Tunisia","TN","TUN",1983,NA,65.696
"Tunisia","TN","TUN",1982,NA,65.01
"Tunisia","TN","TUN",1981,NA,64.374
"Tunisia","TN","TUN",1980,NA,63.669
"Tunisia","TN","TUN",1979,NA,62.929
"Tunisia","TN","TUN",1978,NA,62.147
"Tunisia","TN","TUN",1977,NA,61.256
"Tunisia","TN","TUN",1976,NA,60.313
"Tunisia","TN","TUN",1975,NA,59.306
"Tunisia","TN","TUN",1974,NA,58.251
"Tunisia","TN","TUN",1973,NA,57.115
"Tunisia","TN","TUN",1972,NA,56.095
"Tunisia","TN","TUN",1971,NA,54.906
"Tunisia","TN","TUN",1970,NA,53.792
"Tunisia","TN","TUN",1969,NA,52.297
"Tunisia","TN","TUN",1968,NA,51.342
"Tunisia","TN","TUN",1967,NA,50.157
"Tunisia","TN","TUN",1966,NA,49.158
"Tunisia","TN","TUN",1965,NA,48.204
"Tunisia","TN","TUN",1964,NA,47.272
"Tunisia","TN","TUN",1963,NA,46.412
"Tunisia","TN","TUN",1962,NA,45.562
"Tunisia","TN","TUN",1961,NA,44.257
"Tunisia","TN","TUN",1960,NA,44.049
"Turkiye","TR","TUR",2023,NA,77.156
"Turkiye","TR","TUR",2022,NA,77.591
"Turkiye","TR","TUR",2021,NA,75.722
"Turkiye","TR","TUR",2020,21.6120469179783,76.525
"Turkiye","TR","TUR",2019,23.6946115800374,77.737
"Turkiye","TR","TUR",2018,22.8252290987339,77.454
"Turkiye","TR","TUR",2017,22.1031402126985,77.037
"Turkiye","TR","TUR",2016,23.83379270795,76.595
"Turkiye","TR","TUR",2015,24.5603763797256,76.539
"Turkiye","TR","TUR",2014,23.4874858374985,76.452
"Turkiye","TR","TUR",2013,23.5023978223691,76.171
"Turkiye","TR","TUR",2012,23.2440162263121,75.552
"Turkiye","TR","TUR",2011,23.7473685846179,74.823
"Turkiye","TR","TUR",2010,24.6357302627663,74.964
"Turkiye","TR","TUR",2009,24.3090940355664,74.679
"Turkiye","TR","TUR",2008,23.5308222381306,74.38
"Turkiye","TR","TUR",2007,22.6020633334284,74.129
"Turkiye","TR","TUR",2006,21.8239657844295,73.804
"Turkiye","TR","TUR",2005,21.4976780541033,73.51
"Turkiye","TR","TUR",2004,21.6016300247851,73.223
"Turkiye","TR","TUR",2003,21.8495187095391,72.906
"Turkiye","TR","TUR",2002,22.1453932674278,72.605
"Turkiye","TR","TUR",2001,22.393302857514,72.271
"Turkiye","TR","TUR",2000,22.4972966388602,71.931
"Turkiye","TR","TUR",1999,22.4333640887639,70.752
"Turkiye","TR","TUR",1998,22.2788284539017,71.144
"Turkiye","TR","TUR",1997,22.0897395474053,70.668
"Turkiye","TR","TUR",1996,21.9221471824064,70.245
"Turkiye","TR","TUR",1995,21.8321011720367,69.734
"Turkiye","TR","TUR",1994,21.8012771707932,69.402
"Turkiye","TR","TUR",1993,21.7749880304795,69.018
"Turkiye","TR","TUR",1992,21.7547393601876,68.603
"Turkiye","TR","TUR",1991,21.7420367690092,68.287
"Turkiye","TR","TUR",1990,21.7383858660363,67.835
"Turkiye","TR","TUR",1989,NA,67.365
"Turkiye","TR","TUR",1988,NA,66.902
"Turkiye","TR","TUR",1987,NA,66.379
"Turkiye","TR","TUR",1986,NA,65.87
"Turkiye","TR","TUR",1985,NA,65.344
"Turkiye","TR","TUR",1984,NA,64.81
"Turkiye","TR","TUR",1983,NA,64.269
"Turkiye","TR","TUR",1982,NA,63.74
"Turkiye","TR","TUR",1981,NA,63.194
"Turkiye","TR","TUR",1980,NA,62.739
"Turkiye","TR","TUR",1979,NA,62.161
"Turkiye","TR","TUR",1978,NA,61.614
"Turkiye","TR","TUR",1977,NA,60.846
"Turkiye","TR","TUR",1976,NA,60.014
"Turkiye","TR","TUR",1975,NA,59.513
"Turkiye","TR","TUR",1974,NA,59.019
"Turkiye","TR","TUR",1973,NA,58.455
"Turkiye","TR","TUR",1972,NA,57.971
"Turkiye","TR","TUR",1971,NA,57.223
"Turkiye","TR","TUR",1970,NA,56.702
"Turkiye","TR","TUR",1969,NA,56.179
"Turkiye","TR","TUR",1968,NA,55.639
"Turkiye","TR","TUR",1967,NA,55.183
"Turkiye","TR","TUR",1966,NA,54.57
"Turkiye","TR","TUR",1965,NA,54.105
"Turkiye","TR","TUR",1964,NA,53.6
"Turkiye","TR","TUR",1963,NA,53.12
"Turkiye","TR","TUR",1962,NA,52.347
"Turkiye","TR","TUR",1961,NA,51.558
"Turkiye","TR","TUR",1960,NA,50.799
"Turkmenistan","TM","TKM",2023,NA,70.073
"Turkmenistan","TM","TKM",2022,NA,69.913
"Turkmenistan","TM","TKM",2021,NA,69.353
"Turkmenistan","TM","TKM",2020,19.5997611438189,68.846
"Turkmenistan","TM","TKM",2019,20.2530348899106,69.405
"Turkmenistan","TM","TKM",2018,22.4512669564059,69.272
"Turkmenistan","TM","TKM",2017,21.6902944984074,69.19
"Turkmenistan","TM","TKM",2016,23.1774931174981,69.142
"Turkmenistan","TM","TKM",2015,23.6762817457625,69.061
"Turkmenistan","TM","TKM",2014,25.0725134160111,69.001
"Turkmenistan","TM","TKM",2013,26.4262903965402,68.968
"Turkmenistan","TM","TKM",2012,27.0209714658228,68.961
"Turkmenistan","TM","TKM",2011,27.2198985157372,68.87
"Turkmenistan","TM","TKM",2010,21.4722278171731,68.608
"Turkmenistan","TM","TKM",2009,19.719153577589,68.155
"Turkmenistan","TM","TKM",2008,18.3677588125312,67.584
"Turkmenistan","TM","TKM",2007,17.4102821839348,67.02
"Turkmenistan","TM","TKM",2006,16.8389623537349,66.574
"Turkmenistan","TM","TKM",2005,16.6460379838666,66.275
"Turkmenistan","TM","TKM",2004,16.8455901449587,66.055
"Turkmenistan","TM","TKM",2003,17.352860883441,65.854
"Turkmenistan","TM","TKM",2002,18.0118303249496,65.593
"Turkmenistan","TM","TKM",2001,18.6664785951208,65.325
"Turkmenistan","TM","TKM",2000,19.1607858195909,64.931
"Turkmenistan","TM","TKM",1999,19.547925537919,64.475
"Turkmenistan","TM","TKM",1998,19.946877415424,63.966
"Turkmenistan","TM","TKM",1997,20.3003307663817,63.667
"Turkmenistan","TM","TKM",1996,20.550974905068,63.538
"Turkmenistan","TM","TKM",1995,20.6414991457587,63.514
"Turkmenistan","TM","TKM",1994,20.5821931407709,63.515
"Turkmenistan","TM","TKM",1993,20.4217931624079,63.586
"Turkmenistan","TM","TKM",1992,20.1606584549254,63.753
"Turkmenistan","TM","TKM",1991,19.7991482625789,63.842
"Turkmenistan","TM","TKM",1990,19.3376218296241,63.867
"Turkmenistan","TM","TKM",1989,NA,63.782
"Turkmenistan","TM","TKM",1988,NA,63.699
"Turkmenistan","TM","TKM",1987,NA,63.531
"Turkmenistan","TM","TKM",1986,NA,63.212
"Turkmenistan","TM","TKM",1985,NA,62.803
"Turkmenistan","TM","TKM",1984,NA,62.364
"Turkmenistan","TM","TKM",1983,NA,61.988
"Turkmenistan","TM","TKM",1982,NA,61.577
"Turkmenistan","TM","TKM",1981,NA,60.983
"Turkmenistan","TM","TKM",1980,NA,60.181
"Turkmenistan","TM","TKM",1979,NA,59.12
"Turkmenistan","TM","TKM",1978,NA,58.279
"Turkmenistan","TM","TKM",1977,NA,57.689
"Turkmenistan","TM","TKM",1976,NA,57.449
"Turkmenistan","TM","TKM",1975,NA,57.241
"Turkmenistan","TM","TKM",1974,NA,57.04
"Turkmenistan","TM","TKM",1973,NA,56.836
"Turkmenistan","TM","TKM",1972,NA,56.603
"Turkmenistan","TM","TKM",1971,NA,56.349
"Turkmenistan","TM","TKM",1970,NA,56.045
"Turkmenistan","TM","TKM",1969,NA,55.69
"Turkmenistan","TM","TKM",1968,NA,55.274
"Turkmenistan","TM","TKM",1967,NA,54.837
"Turkmenistan","TM","TKM",1966,NA,54.403
"Turkmenistan","TM","TKM",1965,NA,53.986
"Turkmenistan","TM","TKM",1964,NA,53.595
"Turkmenistan","TM","TKM",1963,NA,53.228
"Turkmenistan","TM","TKM",1962,NA,52.868
"Turkmenistan","TM","TKM",1961,NA,52.51
"Turkmenistan","TM","TKM",1960,NA,52.149
"Turks and Caicos Islands","TC","TCA",2023,NA,78.008
"Turks and Caicos Islands","TC","TCA",2022,NA,77.918
"Turks and Caicos Islands","TC","TCA",2021,NA,77.234
"Turks and Caicos Islands","TC","TCA",2020,NA,77.499
"Turks and Caicos Islands","TC","TCA",2019,NA,77.691
"Turks and Caicos Islands","TC","TCA",2018,NA,77.596
"Turks and Caicos Islands","TC","TCA",2017,NA,77.505
"Turks and Caicos Islands","TC","TCA",2016,NA,77.437
"Turks and Caicos Islands","TC","TCA",2015,NA,77.321
"Turks and Caicos Islands","TC","TCA",2014,NA,77.212
"Turks and Caicos Islands","TC","TCA",2013,NA,77.1
"Turks and Caicos Islands","TC","TCA",2012,NA,76.969
"Turks and Caicos Islands","TC","TCA",2011,NA,76.87
"Turks and Caicos Islands","TC","TCA",2010,NA,76.784
"Turks and Caicos Islands","TC","TCA",2009,NA,76.672
"Turks and Caicos Islands","TC","TCA",2008,NA,76.084
"Turks and Caicos Islands","TC","TCA",2007,NA,76.427
"Turks and Caicos Islands","TC","TCA",2006,NA,76.197
"Turks and Caicos Islands","TC","TCA",2005,NA,75.954
"Turks and Caicos Islands","TC","TCA",2004,NA,75.63
"Turks and Caicos Islands","TC","TCA",2003,NA,75.262
"Turks and Caicos Islands","TC","TCA",2002,NA,74.843
"Turks and Caicos Islands","TC","TCA",2001,NA,74.409
"Turks and Caicos Islands","TC","TCA",2000,NA,73.972
"Turks and Caicos Islands","TC","TCA",1999,NA,73.531
"Turks and Caicos Islands","TC","TCA",1998,NA,73.113
"Turks and Caicos Islands","TC","TCA",1997,NA,72.713
"Turks and Caicos Islands","TC","TCA",1996,NA,72.328
"Turks and Caicos Islands","TC","TCA",1995,NA,71.948
"Turks and Caicos Islands","TC","TCA",1994,NA,71.575
"Turks and Caicos Islands","TC","TCA",1993,NA,71.194
"Turks and Caicos Islands","TC","TCA",1992,NA,70.887
"Turks and Caicos Islands","TC","TCA",1991,NA,70.54
"Turks and Caicos Islands","TC","TCA",1990,NA,70.218
"Turks and Caicos Islands","TC","TCA",1989,NA,69.916
"Turks and Caicos Islands","TC","TCA",1988,NA,69.619
"Turks and Caicos Islands","TC","TCA",1987,NA,69.3
"Turks and Caicos Islands","TC","TCA",1986,NA,68.99
"Turks and Caicos Islands","TC","TCA",1985,NA,68.669
"Turks and Caicos Islands","TC","TCA",1984,NA,68.386
"Turks and Caicos Islands","TC","TCA",1983,NA,68.069
"Turks and Caicos Islands","TC","TCA",1982,NA,67.747
"Turks and Caicos Islands","TC","TCA",1981,NA,67.439
"Turks and Caicos Islands","TC","TCA",1980,NA,67.108
"Turks and Caicos Islands","TC","TCA",1979,NA,66.772
"Turks and Caicos Islands","TC","TCA",1978,NA,66.432
"Turks and Caicos Islands","TC","TCA",1977,NA,66.025
"Turks and Caicos Islands","TC","TCA",1976,NA,65.607
"Turks and Caicos Islands","TC","TCA",1975,NA,65.201
"Turks and Caicos Islands","TC","TCA",1974,NA,64.731
"Turks and Caicos Islands","TC","TCA",1973,NA,64.228
"Turks and Caicos Islands","TC","TCA",1972,NA,63.76
"Turks and Caicos Islands","TC","TCA",1971,NA,63.256
"Turks and Caicos Islands","TC","TCA",1970,NA,62.689
"Turks and Caicos Islands","TC","TCA",1969,NA,62.135
"Turks and Caicos Islands","TC","TCA",1968,NA,61.586
"Turks and Caicos Islands","TC","TCA",1967,NA,61.039
"Turks and Caicos Islands","TC","TCA",1966,NA,60.441
"Turks and Caicos Islands","TC","TCA",1965,NA,59.806
"Turks and Caicos Islands","TC","TCA",1964,NA,59.119
"Turks and Caicos Islands","TC","TCA",1963,NA,58.426
"Turks and Caicos Islands","TC","TCA",1962,NA,57.742
"Turks and Caicos Islands","TC","TCA",1961,NA,57.087
"Turks and Caicos Islands","TC","TCA",1960,NA,56.292
"Tuvalu","TV","TUV",2023,NA,67.105
"Tuvalu","TV","TUV",2022,NA,66.852
"Tuvalu","TV","TUV",2021,NA,65.824
"Tuvalu","TV","TUV",2020,5.91780105591262,66.357
"Tuvalu","TV","TUV",2019,6.00962588602958,66.109
"Tuvalu","TV","TUV",2018,6.14959791479092,65.871
"Tuvalu","TV","TUV",2017,6.20094627520115,65.683
"Tuvalu","TV","TUV",2016,5.88435418632793,65.51
"Tuvalu","TV","TUV",2015,5.47628221924294,65.365
"Tuvalu","TV","TUV",2014,5.51778327103482,65.278
"Tuvalu","TV","TUV",2013,5.40574951715585,65.171
"Tuvalu","TV","TUV",2012,5.23945117034042,65.079
"Tuvalu","TV","TUV",2011,5.2805865444079,64.96
"Tuvalu","TV","TUV",2010,5.51800010573225,64.834
"Tuvalu","TV","TUV",2009,5.65267315154535,64.693
"Tuvalu","TV","TUV",2008,5.76445391873256,64.516
"Tuvalu","TV","TUV",2007,5.85606431108743,64.402
"Tuvalu","TV","TUV",2006,5.93022623240349,64.247
"Tuvalu","TV","TUV",2005,5.98966158647428,64.096
"Tuvalu","TV","TUV",2004,6.04476748772266,63.989
"Tuvalu","TV","TUV",2003,6.09997832526355,63.897
"Tuvalu","TV","TUV",2002,6.1490719149286,63.825
"Tuvalu","TV","TUV",2001,6.18582607254949,63.709
"Tuvalu","TV","TUV",2000,6.20401861395786,63.536
"Tuvalu","TV","TUV",1999,6.1295530189789,63.346
"Tuvalu","TV","TUV",1998,5.93881664988743,63.162
"Tuvalu","TV","TUV",1997,5.7013131461896,62.942
"Tuvalu","TV","TUV",1996,5.48654614739156,62.709
"Tuvalu","TV","TUV",1995,5.36401929299943,62.505
"Tuvalu","TV","TUV",1994,5.31418587986863,62.317
"Tuvalu","TV","TUV",1993,5.27361030796615,62.11
"Tuvalu","TV","TUV",1992,5.24596287146553,60.29
"Tuvalu","TV","TUV",1991,5.23491386454032,61.809
"Tuvalu","TV","TUV",1990,5.24413358136403,61.643
"Tuvalu","TV","TUV",1989,NA,61.506
"Tuvalu","TV","TUV",1988,NA,61.367
"Tuvalu","TV","TUV",1987,NA,61.286
"Tuvalu","TV","TUV",1986,NA,61.207
"Tuvalu","TV","TUV",1985,NA,61.137
"Tuvalu","TV","TUV",1984,NA,61.052
"Tuvalu","TV","TUV",1983,NA,60.938
"Tuvalu","TV","TUV",1982,NA,60.746
"Tuvalu","TV","TUV",1981,NA,60.489
"Tuvalu","TV","TUV",1980,NA,60.217
"Tuvalu","TV","TUV",1979,NA,59.879
"Tuvalu","TV","TUV",1978,NA,59.571
"Tuvalu","TV","TUV",1977,NA,59.201
"Tuvalu","TV","TUV",1976,NA,58.773
"Tuvalu","TV","TUV",1975,NA,58.253
"Tuvalu","TV","TUV",1974,NA,57.693
"Tuvalu","TV","TUV",1973,NA,57.197
"Tuvalu","TV","TUV",1972,NA,54.694
"Tuvalu","TV","TUV",1971,NA,55.971
"Tuvalu","TV","TUV",1970,NA,55.347
"Tuvalu","TV","TUV",1969,NA,54.73
"Tuvalu","TV","TUV",1968,NA,54.072
"Tuvalu","TV","TUV",1967,NA,53.481
"Tuvalu","TV","TUV",1966,NA,52.809
"Tuvalu","TV","TUV",1965,NA,52.086
"Tuvalu","TV","TUV",1964,NA,51.336
"Tuvalu","TV","TUV",1963,NA,50.58
"Tuvalu","TV","TUV",1962,NA,49.779
"Tuvalu","TV","TUV",1961,NA,49.02
"Tuvalu","TV","TUV",1960,NA,48.261
"Uganda","UG","UGA",2023,NA,68.252
"Uganda","UG","UGA",2022,NA,67.675
"Uganda","UG","UGA",2021,NA,66.45
"Uganda","UG","UGA",2020,33.8077192571642,66.41
"Uganda","UG","UGA",2019,31.4850134786862,66.354
"Uganda","UG","UGA",2018,33.1279166723642,65.775
"Uganda","UG","UGA",2017,32.2396992843572,65.174
"Uganda","UG","UGA",2016,35.1867637433366,64.494
"Uganda","UG","UGA",2015,36.4158643204587,63.831
"Uganda","UG","UGA",2014,34.111616669843,63.057
"Uganda","UG","UGA",2013,34.8200496489628,62.353
"Uganda","UG","UGA",2012,35.8905665839316,61.579
"Uganda","UG","UGA",2011,35.0271400705232,60.791
"Uganda","UG","UGA",2010,32.517551165181,59.959
"Uganda","UG","UGA",2009,31.8724312239187,59.157
"Uganda","UG","UGA",2008,31.3844233698563,58.253
"Uganda","UG","UGA",2007,31.0457522951455,57.248
"Uganda","UG","UGA",2006,30.8486426919378,56.118
"Uganda","UG","UGA",2005,30.7853192523847,54.926
"Uganda","UG","UGA",2004,31.0392880072388,53.699
"Uganda","UG","UGA",2003,31.6434916524877,52.414
"Uganda","UG","UGA",2002,32.364309878136,51.443
"Uganda","UG","UGA",2001,32.9681223741883,50.576
"Uganda","UG","UGA",2000,33.2213088306491,49.64
"Uganda","UG","UGA",1999,32.9601428761817,48.977
"Uganda","UG","UGA",1998,32.31311015916,48.263
"Uganda","UG","UGA",1997,31.4849083991546,48.026
"Uganda","UG","UGA",1996,30.6802353157362,47.759
"Uganda","UG","UGA",1995,30.1037886284756,47.706
"Uganda","UG","UGA",1994,29.7197576482028,47.675
"Uganda","UG","UGA",1993,29.3653136531228,47.681
"Uganda","UG","UGA",1992,29.054627313869,47.671
"Uganda","UG","UGA",1991,28.8018693010746,47.549
"Uganda","UG","UGA",1990,28.6212102853731,47.561
"Uganda","UG","UGA",1989,NA,47.488
"Uganda","UG","UGA",1988,NA,47.476
"Uganda","UG","UGA",1987,NA,47.36
"Uganda","UG","UGA",1986,NA,45.651
"Uganda","UG","UGA",1985,NA,45.496
"Uganda","UG","UGA",1984,NA,43.706
"Uganda","UG","UGA",1983,NA,43.489
"Uganda","UG","UGA",1982,NA,43.309
"Uganda","UG","UGA",1981,NA,43.456
"Uganda","UG","UGA",1980,NA,43.453
"Uganda","UG","UGA",1979,NA,45.385
"Uganda","UG","UGA",1978,NA,45.596
"Uganda","UG","UGA",1977,NA,45.84
"Uganda","UG","UGA",1976,NA,46.169
"Uganda","UG","UGA",1975,NA,46.517
"Uganda","UG","UGA",1974,NA,46.861
"Uganda","UG","UGA",1973,NA,46.992
"Uganda","UG","UGA",1972,NA,47.162
"Uganda","UG","UGA",1971,NA,47.147
"Uganda","UG","UGA",1970,NA,49.621
"Uganda","UG","UGA",1969,NA,49.505
"Uganda","UG","UGA",1968,NA,49.285
"Uganda","UG","UGA",1967,NA,49.006
"Uganda","UG","UGA",1966,NA,48.463
"Uganda","UG","UGA",1965,NA,48.303
"Uganda","UG","UGA",1964,NA,47.846
"Uganda","UG","UGA",1963,NA,47.378
"Uganda","UG","UGA",1962,NA,46.821
"Uganda","UG","UGA",1961,NA,46.271
"Uganda","UG","UGA",1960,NA,45.633
"Ukraine","UA","UKR",2023,NA,73.422
"Ukraine","UA","UKR",2022,NA,72.658
"Ukraine","UA","UKR",2021,NA,71.631
"Ukraine","UA","UKR",2020,14.90010098879,73.283
"Ukraine","UA","UKR",2019,15.5795007311465,73.92
"Ukraine","UA","UKR",2018,17.1041368062157,73.569
"Ukraine","UA","UKR",2017,15.6585428515819,73.993
"Ukraine","UA","UKR",2016,16.2426825956045,73.389
"Ukraine","UA","UKR",2015,17.7919818389331,72.686
"Ukraine","UA","UKR",2014,18.4263235330655,71.803
"Ukraine","UA","UKR",2013,18.8833614430176,71.474
"Ukraine","UA","UKR",2012,18.6766503847272,71.09
"Ukraine","UA","UKR",2011,19.4406675178444,70.711
"Ukraine","UA","UKR",2010,19.7107703520874,70.188
"Ukraine","UA","UKR",2009,20.0369040390596,69.159
"Ukraine","UA","UKR",2008,20.4173975516395,68.262
"Ukraine","UA","UKR",2007,20.8611112156249,67.715
"Ukraine","UA","UKR",2006,21.3769053568138,67.49
"Ukraine","UA","UKR",2005,21.9736403010041,67.517
"Ukraine","UA","UKR",2004,22.8365079328052,67.472
"Ukraine","UA","UKR",2003,24.0171509271002,67.638
"Ukraine","UA","UKR",2002,25.3241057950972,67.699
"Ukraine","UA","UKR",2001,26.5659090480042,67.675
"Ukraine","UA","UKR",2000,27.5510971970295,67.786
"Ukraine","UA","UKR",1999,28.3395043558726,68.004
"Ukraine","UA","UKR",1998,29.1039398453725,67.993
"Ukraine","UA","UKR",1997,29.8224029874471,67.658
"Ukraine","UA","UKR",1996,30.4728931040139,67.097
"Ukraine","UA","UKR",1995,31.0334095169907,67.114
"Ukraine","UA","UKR",1994,31.5272964412359,67.534
"Ukraine","UA","UKR",1993,31.9863779778442,68.287
"Ukraine","UA","UKR",1992,32.401373278087,68.947
"Ukraine","UA","UKR",1991,32.7630014932361,69.688
"Ukraine","UA","UKR",1990,33.061981774563,70.354
"Ukraine","UA","UKR",1989,NA,70.839
"Ukraine","UA","UKR",1988,NA,71.04
"Ukraine","UA","UKR",1987,NA,71.179
"Ukraine","UA","UKR",1986,NA,70.833
"Ukraine","UA","UKR",1985,NA,70.409
"Ukraine","UA","UKR",1984,NA,69.992
"Ukraine","UA","UKR",1983,NA,69.948
"Ukraine","UA","UKR",1982,NA,69.902
"Ukraine","UA","UKR",1981,NA,69.816
"Ukraine","UA","UKR",1980,NA,69.759
"Ukraine","UA","UKR",1979,NA,69.775
"Ukraine","UA","UKR",1978,NA,69.839
"Ukraine","UA","UKR",1977,NA,70.007
"Ukraine","UA","UKR",1976,NA,70.144
"Ukraine","UA","UKR",1975,NA,70.361
"Ukraine","UA","UKR",1974,NA,70.627
"Ukraine","UA","UKR",1973,NA,70.822
"Ukraine","UA","UKR",1972,NA,70.966
"Ukraine","UA","UKR",1971,NA,70.872
"Ukraine","UA","UKR",1970,NA,70.844
"Ukraine","UA","UKR",1969,NA,70.828
"Ukraine","UA","UKR",1968,NA,70.968
"Ukraine","UA","UKR",1967,NA,71.115
"Ukraine","UA","UKR",1966,NA,71.163
"Ukraine","UA","UKR",1965,NA,71.143
"Ukraine","UA","UKR",1964,NA,70.972
"Ukraine","UA","UKR",1963,NA,70.683
"Ukraine","UA","UKR",1962,NA,70.401
"Ukraine","UA","UKR",1961,NA,70.044
"Ukraine","UA","UKR",1960,NA,69.388
"United Arab Emirates","AE","ARE",2023,NA,82.909
"United Arab Emirates","AE","ARE",2022,NA,80.487
"United Arab Emirates","AE","ARE",2021,NA,79.083
"United Arab Emirates","AE","ARE",2020,36.3055030826594,81.936
"United Arab Emirates","AE","ARE",2019,41.955626323257,82.596
"United Arab Emirates","AE","ARE",2018,45.9879061419392,82.449
"United Arab Emirates","AE","ARE",2017,44.2485056396036,82.388
"United Arab Emirates","AE","ARE",2016,43.0819708202795,82.195
"United Arab Emirates","AE","ARE",2015,48.347575903809,82.076
"United Arab Emirates","AE","ARE",2014,38.4444708976302,81.99
"United Arab Emirates","AE","ARE",2013,43.6717315179427,81.95
"United Arab Emirates","AE","ARE",2012,49.8585704896572,81.913
"United Arab Emirates","AE","ARE",2011,46.4897172925459,81.898
"United Arab Emirates","AE","ARE",2010,42.4230172315555,81.886
"United Arab Emirates","AE","ARE",2009,42.5794070758541,81.679
"United Arab Emirates","AE","ARE",2008,42.9575623148493,81.591
"United Arab Emirates","AE","ARE",2007,43.4209615076897,81.438
"United Arab Emirates","AE","ARE",2006,43.8330832135241,81.155
"United Arab Emirates","AE","ARE",2005,44.0574059915013,80.779
"United Arab Emirates","AE","ARE",2004,44.1262227149214,80.272
"United Arab Emirates","AE","ARE",2003,44.1670264514498,79.6
"United Arab Emirates","AE","ARE",2002,44.1860960517829,78.721
"United Arab Emirates","AE","ARE",2001,44.1897103666173,77.621
"United Arab Emirates","AE","ARE",2000,44.1841482466495,76.347
"United Arab Emirates","AE","ARE",1999,44.1630917945999,74.982
"United Arab Emirates","AE","ARE",1998,44.1244357963569,73.66
"United Arab Emirates","AE","ARE",1997,44.0807781273691,72.559
"United Arab Emirates","AE","ARE",1996,44.0447166630852,71.82
"United Arab Emirates","AE","ARE",1995,44.0288492789537,71.392
"United Arab Emirates","AE","ARE",1994,44.0403984597028,71.204
"United Arab Emirates","AE","ARE",1993,44.0760925691775,71.159
"United Arab Emirates","AE","ARE",1992,44.1327883015017,71.166
"United Arab Emirates","AE","ARE",1991,44.2073423507993,71.144
"United Arab Emirates","AE","ARE",1990,44.2966114111942,71.074
"United Arab Emirates","AE","ARE",1989,NA,70.96
"United Arab Emirates","AE","ARE",1988,NA,70.808
"United Arab Emirates","AE","ARE",1987,NA,70.623
"United Arab Emirates","AE","ARE",1986,NA,70.41
"United Arab Emirates","AE","ARE",1985,NA,70.123
"United Arab Emirates","AE","ARE",1984,NA,69.802
"United Arab Emirates","AE","ARE",1983,NA,69.448
"United Arab Emirates","AE","ARE",1982,NA,69.056
"United Arab Emirates","AE","ARE",1981,NA,68.622
"United Arab Emirates","AE","ARE",1980,NA,68.157
"United Arab Emirates","AE","ARE",1979,NA,67.645
"United Arab Emirates","AE","ARE",1978,NA,67.083
"United Arab Emirates","AE","ARE",1977,NA,66.471
"United Arab Emirates","AE","ARE",1976,NA,65.806
"United Arab Emirates","AE","ARE",1975,NA,65.105
"United Arab Emirates","AE","ARE",1974,NA,64.351
"United Arab Emirates","AE","ARE",1973,NA,63.542
"United Arab Emirates","AE","ARE",1972,NA,62.675
"United Arab Emirates","AE","ARE",1971,NA,61.753
"United Arab Emirates","AE","ARE",1970,NA,60.78
"United Arab Emirates","AE","ARE",1969,NA,59.764
"United Arab Emirates","AE","ARE",1968,NA,58.727
"United Arab Emirates","AE","ARE",1967,NA,57.648
"United Arab Emirates","AE","ARE",1966,NA,56.572
"United Arab Emirates","AE","ARE",1965,NA,55.512
"United Arab Emirates","AE","ARE",1964,NA,54.495
"United Arab Emirates","AE","ARE",1963,NA,53.509
"United Arab Emirates","AE","ARE",1962,NA,52.546
"United Arab Emirates","AE","ARE",1961,NA,51.596
"United Arab Emirates","AE","ARE",1960,NA,50.651
"United Kingdom","GB","GBR",2023,NA,81.2380975609756
"United Kingdom","GB","GBR",2022,NA,81.0112195121951
"United Kingdom","GB","GBR",2021,NA,80.6473170731707
"United Kingdom","GB","GBR",2020,9.91288560282114,80.331756097561
"United Kingdom","GB","GBR",2019,9.94569869317993,81.3691219512195
"United Kingdom","GB","GBR",2018,10.2397854923418,81.2560975609756
"United Kingdom","GB","GBR",2017,10.3814201449701,81.2560975609756
"United Kingdom","GB","GBR",2016,10.0359721133567,81.1560975609756
"United Kingdom","GB","GBR",2015,10.4602728529493,80.9560975609756
"United Kingdom","GB","GBR",2014,10.8076454562065,81.3048780487805
"United Kingdom","GB","GBR",2013,11.3936196663408,81.0048780487805
"United Kingdom","GB","GBR",2012,11.4844614132453,80.9048780487805
"United Kingdom","GB","GBR",2011,13.0110598336171,80.9512195121951
"United Kingdom","GB","GBR",2010,12.4589114498692,80.4024390243902
"United Kingdom","GB","GBR",2009,12.6107605327068,80.0512195121951
"United Kingdom","GB","GBR",2008,12.9950468220049,79.6
"United Kingdom","GB","GBR",2007,13.5048788789412,79.4487804878049
"United Kingdom","GB","GBR",2006,14.0333652646937,79.2487804878049
"United Kingdom","GB","GBR",2005,14.4736145404402,79.0487804878049
"United Kingdom","GB","GBR",2004,14.8318116539182,78.7463414634146
"United Kingdom","GB","GBR",2003,15.1808631587997,78.4463414634146
"United Kingdom","GB","GBR",2002,15.5139600251641,78.1439024390244
"United Kingdom","GB","GBR",2001,15.8242932230906,77.9926829268293
"United Kingdom","GB","GBR",2000,16.1050537226586,77.7414634146342
"United Kingdom","GB","GBR",1999,16.4136103722028,77.390243902439
"United Kingdom","GB","GBR",1998,16.782142044985,77.190243902439
"United Kingdom","GB","GBR",1997,17.1660547484755,77.2109756097561
"United Kingdom","GB","GBR",1996,17.5207544901446,77.0878048780488
"United Kingdom","GB","GBR",1995,17.8016472774625,76.8365853658537
"United Kingdom","GB","GBR",1994,18.0229311915064,76.8853658536585
"United Kingdom","GB","GBR",1993,18.2249298658004,76.3853658536585
"United Kingdom","GB","GBR",1992,18.402237636485,76.4341463414634
"United Kingdom","GB","GBR",1991,18.5494488397011,76.0829268292683
"United Kingdom","GB","GBR",1990,18.6611578115893,75.8804878048781
"United Kingdom","GB","GBR",1989,NA,75.5829268292683
"United Kingdom","GB","GBR",1988,NA,75.3804878048781
"United Kingdom","GB","GBR",1987,NA,75.280487804878
"United Kingdom","GB","GBR",1986,NA,74.9292682926829
"United Kingdom","GB","GBR",1985,NA,74.6292682926829
"United Kingdom","GB","GBR",1984,NA,74.7780487804878
"United Kingdom","GB","GBR",1983,NA,74.3780487804878
"United Kingdom","GB","GBR",1982,NA,74.1780487804878
"United Kingdom","GB","GBR",1981,NA,74.0268292682927
"United Kingdom","GB","GBR",1980,NA,73.6756097560976
"United Kingdom","GB","GBR",1979,NA,73.2756097560976
"United Kingdom","GB","GBR",1978,NA,73.1756097560976
"United Kingdom","GB","GBR",1977,NA,73.2243902439024
"United Kingdom","GB","GBR",1976,NA,72.7756097560976
"United Kingdom","GB","GBR",1975,NA,72.7243902439024
"United Kingdom","GB","GBR",1974,NA,72.5243902439024
"United Kingdom","GB","GBR",1973,NA,72.3243902439024
"United Kingdom","GB","GBR",1972,NA,72.1243902439024
"United Kingdom","GB","GBR",1971,NA,72.2731707317073
"United Kingdom","GB","GBR",1970,NA,71.9731707317073
"United Kingdom","GB","GBR",1969,NA,71.7219512195122
"United Kingdom","GB","GBR",1968,NA,71.7243902439025
"United Kingdom","GB","GBR",1967,NA,72.1243902439024
"United Kingdom","GB","GBR",1966,NA,71.5731707317073
"United Kingdom","GB","GBR",1965,NA,71.6243902439024
"United Kingdom","GB","GBR",1964,NA,71.6243902439024
"United Kingdom","GB","GBR",1963,NA,70.8268292682927
"United Kingdom","GB","GBR",1962,NA,70.9268292682927
"United Kingdom","GB","GBR",1961,NA,70.8780487804878
"United Kingdom","GB","GBR",1960,NA,71.1268292682927
"United States","US","USA",2023,NA,78.3853658536585
"United States","US","USA",2022,NA,77.4341463414634
"United States","US","USA",2021,NA,76.3292682926829
"United States","US","USA",2020,7.81485752365112,76.9804878048781
"United States","US","USA",2019,7.17602147949022,78.7878048780488
"United States","US","USA",2018,7.8220065111125,78.6390243902439
"United States","US","USA",2017,7.79040584360488,78.5390243902439
"United States","US","USA",2016,7.40835009300858,78.5390243902439
"United States","US","USA",2015,8.19074183499752,78.690243902439
"United States","US","USA",2014,8.5101265108009,78.8414634146341
"United States","US","USA",2013,8.74620817680451,78.7414634146342
"United States","US","USA",2012,9.01055428019472,78.7414634146342
"United States","US","USA",2011,9.36462744857706,78.6414634146341
"United States","US","USA",2010,9.27587988353719,78.5414634146342
"United States","US","USA",2009,9.48739149036763,78.390243902439
"United States","US","USA",2008,10.0093748880401,78.0390243902439
"United States","US","USA",2007,10.6730029423263,77.9878048780488
"United States","US","USA",2006,11.309448518998,77.6878048780488
"United States","US","USA",2005,11.7498844838268,77.4878048780488
"United States","US","USA",2004,12.0145758307373,77.4878048780488
"United States","US","USA",2003,12.2408284111277,77.0365853658537
"United States","US","USA",2002,12.4353763769804,76.9365853658537
"United States","US","USA",2001,12.6049538802777,76.8365853658537
"United States","US","USA",2000,12.756295073002,76.6365853658537
"United States","US","USA",1999,12.9253800078151,76.5829268292683
"United States","US","USA",1998,13.1267590926874,76.5804878048781
"United States","US","USA",1997,13.3350220125644,76.4292682926829
"United States","US","USA",1996,13.5247584523913,76.0268292682927
"United States","US","USA",1995,13.6705580971134,75.6219512195122
"United States","US","USA",1994,13.7837227213961,75.619512195122
"United States","US","USA",1993,13.8889589603847,75.419512195122
"United States","US","USA",1992,13.9809637897444,75.6170731707317
"United States","US","USA",1991,14.0544341851405,75.3658536585366
"United States","US","USA",1990,14.1040671222385,75.2146341463415
"United States","US","USA",1989,NA,75.0170731707317
"United States","US","USA",1988,NA,74.7658536585366
"United States","US","USA",1987,NA,74.7658536585366
"United States","US","USA",1986,NA,74.6146341463415
"United States","US","USA",1985,NA,74.5634146341464
"United States","US","USA",1984,NA,74.5634146341464
"United States","US","USA",1983,NA,74.4634146341463
"United States","US","USA",1982,NA,74.3609756097561
"United States","US","USA",1981,NA,74.009756097561
"United States","US","USA",1980,NA,73.609756097561
"United States","US","USA",1979,NA,73.8048780487805
"United States","US","USA",1978,NA,73.3560975609756
"United States","US","USA",1977,NA,73.2560975609756
"United States","US","USA",1976,NA,72.8560975609756
"United States","US","USA",1975,NA,72.6048780487805
"United States","US","USA",1974,NA,71.9560975609756
"United States","US","USA",1973,NA,71.3560975609756
"United States","US","USA",1972,NA,71.1560975609756
"United States","US","USA",1971,NA,71.1073170731707
"United States","US","USA",1970,NA,70.8073170731707
"United States","US","USA",1969,NA,70.5073170731708
"United States","US","USA",1968,NA,69.9512195121951
"United States","US","USA",1967,NA,70.5609756097561
"United States","US","USA",1966,NA,70.2121951219512
"United States","US","USA",1965,NA,70.2146341463415
"United States","US","USA",1964,NA,70.1658536585366
"United States","US","USA",1963,NA,69.9170731707317
"United States","US","USA",1962,NA,70.119512195122
"United States","US","USA",1961,NA,70.2707317073171
"United States","US","USA",1960,NA,69.7707317073171
"Uruguay","UY","URY",2023,NA,78.138
"Uruguay","UY","URY",2022,NA,76.468
"Uruguay","UY","URY",2021,NA,75.434
"Uruguay","UY","URY",2020,10.5717923259135,78.381
"Uruguay","UY","URY",2019,10.298591147894,77.503
"Uruguay","UY","URY",2018,10.1340724978496,77.527
"Uruguay","UY","URY",2017,10.0613622046924,77.618
"Uruguay","UY","URY",2016,10.2628739093634,77.351
"Uruguay","UY","URY",2015,10.4692129562066,77.285
"Uruguay","UY","URY",2014,10.4423977068601,77.194
"Uruguay","UY","URY",2013,10.8314475554018,76.953
"Uruguay","UY","URY",2012,9.71687395840984,76.691
"Uruguay","UY","URY",2011,10.0509517421341,76.614
"Uruguay","UY","URY",2010,10.0305604083746,76.691
"Uruguay","UY","URY",2009,10.1523439730869,76.67
"Uruguay","UY","URY",2008,10.4304960908687,76.275
"Uruguay","UY","URY",2007,10.7966309010516,76.15
"Uruguay","UY","URY",2006,11.1823625429671,75.888
"Uruguay","UY","URY",2005,11.5193051559469,75.829
"Uruguay","UY","URY",2004,11.8339749911707,75.319
"Uruguay","UY","URY",2003,12.1726329405196,75.086
"Uruguay","UY","URY",2002,12.4965101043769,74.979
"Uruguay","UY","URY",2001,12.7668375831259,74.987
"Uruguay","UY","URY",2000,12.9448464771497,74.693
"Uruguay","UY","URY",1999,13.0337685961038,74.293
"Uruguay","UY","URY",1998,13.0757917988908,74.029
"Uruguay","UY","URY",1997,13.0905812597648,73.92
"Uruguay","UY","URY",1996,13.0978021529798,73.812
"Uruguay","UY","URY",1995,13.1171196527902,73.493
"Uruguay","UY","URY",1994,13.1490258177189,73.162
"Uruguay","UY","URY",1993,13.1807633186067,73.147
"Uruguay","UY","URY",1992,13.2121232481834,73.185
"Uruguay","UY","URY",1991,13.2428966991791,73.198
"Uruguay","UY","URY",1990,13.2728747643239,72.994
"Uruguay","UY","URY",1989,NA,72.628
"Uruguay","UY","URY",1988,NA,72.408
"Uruguay","UY","URY",1987,NA,72.196
"Uruguay","UY","URY",1986,NA,72.187
"Uruguay","UY","URY",1985,NA,71.861
"Uruguay","UY","URY",1984,NA,71.708
"Uruguay","UY","URY",1983,NA,71.595
"Uruguay","UY","URY",1982,NA,71.528
"Uruguay","UY","URY",1981,NA,70.952
"Uruguay","UY","URY",1980,NA,70.505
"Uruguay","UY","URY",1979,NA,70.255
"Uruguay","UY","URY",1978,NA,70.265
"Uruguay","UY","URY",1977,NA,70.081
"Uruguay","UY","URY",1976,NA,69.887
"Uruguay","UY","URY",1975,NA,69.705
"Uruguay","UY","URY",1974,NA,69.524
"Uruguay","UY","URY",1973,NA,69.348
"Uruguay","UY","URY",1972,NA,69.169
"Uruguay","UY","URY",1971,NA,68.926
"Uruguay","UY","URY",1970,NA,68.734
"Uruguay","UY","URY",1969,NA,68.581
"Uruguay","UY","URY",1968,NA,68.514
"Uruguay","UY","URY",1967,NA,68.407
"Uruguay","UY","URY",1966,NA,68.302
"Uruguay","UY","URY",1965,NA,68.2
"Uruguay","UY","URY",1964,NA,68.112
"Uruguay","UY","URY",1963,NA,68.023
"Uruguay","UY","URY",1962,NA,67.911
"Uruguay","UY","URY",1961,NA,67.81
"Uruguay","UY","URY",1960,NA,67.683
"Uzbekistan","UZ","UZB",2023,NA,72.388
"Uzbekistan","UZ","UZB",2022,NA,72.147
"Uzbekistan","UZ","UZB",2021,NA,71.681
"Uzbekistan","UZ","UZB",2020,31.9604294559849,71.461
"Uzbekistan","UZ","UZB",2019,34.1331992575325,72.093
"Uzbekistan","UZ","UZB",2018,34.8354317604587,71.999
"Uzbekistan","UZ","UZB",2017,35.2121570323591,71.737
"Uzbekistan","UZ","UZB",2016,37.5481850195136,71.58
"Uzbekistan","UZ","UZB",2015,37.8356286365777,71.33
"Uzbekistan","UZ","UZB",2014,39.4888403264479,70.973
"Uzbekistan","UZ","UZB",2013,42.947720361075,70.692
"Uzbekistan","UZ","UZB",2012,43.9047519110738,70.411
"Uzbekistan","UZ","UZB",2011,44.1982936152516,70.143
"Uzbekistan","UZ","UZB",2010,33.7300329449397,69.836
"Uzbekistan","UZ","UZB",2009,31.7083160274671,69.517
"Uzbekistan","UZ","UZB",2008,30.2231236564234,69.035
"Uzbekistan","UZ","UZB",2007,29.2177411456159,68.483
"Uzbekistan","UZ","UZB",2006,28.6354538088517,67.905
"Uzbekistan","UZ","UZB",2005,28.4195469599384,67.481
"Uzbekistan","UZ","UZB",2004,28.5416720486497,67.203
"Uzbekistan","UZ","UZB",2003,28.9396310320505,66.852
"Uzbekistan","UZ","UZB",2002,29.5059349848837,66.376
"Uzbekistan","UZ","UZB",2001,30.1330949818927,65.853
"Uzbekistan","UZ","UZB",2000,30.7136220978205,65.456
"Uzbekistan","UZ","UZB",1999,31.3729245666385,65.307
"Uzbekistan","UZ","UZB",1998,32.1908487064688,65.169
"Uzbekistan","UZ","UZB",1997,32.9915627182812,65.028
"Uzbekistan","UZ","UZB",1996,33.5992348030449,64.78
"Uzbekistan","UZ","UZB",1995,33.8380331617296,64.67
"Uzbekistan","UZ","UZB",1994,33.7418570283476,64.681
"Uzbekistan","UZ","UZB",1993,33.4585784070132,64.924
"Uzbekistan","UZ","UZB",1992,32.9833246538482,65.236
"Uzbekistan","UZ","UZB",1991,32.3112231249748,65.529
"Uzbekistan","UZ","UZB",1990,31.4374011765148,65.772
"Uzbekistan","UZ","UZB",1989,NA,65.844
"Uzbekistan","UZ","UZB",1988,NA,65.757
"Uzbekistan","UZ","UZB",1987,NA,65.486
"Uzbekistan","UZ","UZB",1986,NA,65.027
"Uzbekistan","UZ","UZB",1985,NA,64.574
"Uzbekistan","UZ","UZB",1984,NA,64.108
"Uzbekistan","UZ","UZB",1983,NA,63.75
"Uzbekistan","UZ","UZB",1982,NA,63.465
"Uzbekistan","UZ","UZB",1981,NA,63.223
"Uzbekistan","UZ","UZB",1980,NA,62.981
"Uzbekistan","UZ","UZB",1979,NA,62.707
"Uzbekistan","UZ","UZB",1978,NA,62.44
"Uzbekistan","UZ","UZB",1977,NA,62.173
"Uzbekistan","UZ","UZB",1976,NA,61.903
"Uzbekistan","UZ","UZB",1975,NA,61.632
"Uzbekistan","UZ","UZB",1974,NA,61.355
"Uzbekistan","UZ","UZB",1973,NA,61.058
"Uzbekistan","UZ","UZB",1972,NA,60.75
"Uzbekistan","UZ","UZB",1971,NA,60.417
"Uzbekistan","UZ","UZB",1970,NA,60.072
"Uzbekistan","UZ","UZB",1969,NA,59.715
"Uzbekistan","UZ","UZB",1968,NA,59.355
"Uzbekistan","UZ","UZB",1967,NA,58.993
"Uzbekistan","UZ","UZB",1966,NA,58.633
"Uzbekistan","UZ","UZB",1965,NA,58.277
"Uzbekistan","UZ","UZB",1964,NA,57.922
"Uzbekistan","UZ","UZB",1963,NA,57.564
"Uzbekistan","UZ","UZB",1962,NA,57.218
"Uzbekistan","UZ","UZB",1961,NA,56.874
"Uzbekistan","UZ","UZB",1960,NA,56.539
"Vanuatu","VU","VUT",2023,NA,71.477
"Vanuatu","VU","VUT",2022,NA,71.302
"Vanuatu","VU","VUT",2021,NA,69.952
"Vanuatu","VU","VUT",2020,14.0824115364695,70.385
"Vanuatu","VU","VUT",2019,14.3364980888287,70.783
"Vanuatu","VU","VUT",2018,14.6439252034392,70.626
"Vanuatu","VU","VUT",2017,13.6713327898574,70.5
"Vanuatu","VU","VUT",2016,13.8697381004542,70.397
"Vanuatu","VU","VUT",2015,13.4680414200127,70.163
"Vanuatu","VU","VUT",2014,13.9111416387808,70.043
"Vanuatu","VU","VUT",2013,14.2629547192965,69.986
"Vanuatu","VU","VUT",2012,14.0726802867412,69.898
"Vanuatu","VU","VUT",2011,14.2665581071884,69.729
"Vanuatu","VU","VUT",2010,14.161468828928,69.57
"Vanuatu","VU","VUT",2009,14.106352877944,69.422
"Vanuatu","VU","VUT",2008,14.0483654826847,69.302
"Vanuatu","VU","VUT",2007,13.996197949145,69.144
"Vanuatu","VU","VUT",2006,13.9585415833197,69.126
"Vanuatu","VU","VUT",2005,13.9440876912036,69.166
"Vanuatu","VU","VUT",2004,14.0597183922026,68.985
"Vanuatu","VU","VUT",2003,14.335593351469,68.933
"Vanuatu","VU","VUT",2002,14.665320193617,68.836
"Vanuatu","VU","VUT",2001,14.9425065432613,68.722
"Vanuatu","VU","VUT",2000,15.0607600250161,68.586
"Vanuatu","VU","VUT",1999,15.0167848673457,67.924
"Vanuatu","VU","VUT",1998,14.9062150618266,68.372
"Vanuatu","VU","VUT",1997,14.7710528777414,68.309
"Vanuatu","VU","VUT",1996,14.6533005843727,68.176
"Vanuatu","VU","VUT",1995,14.5949604510032,68.104
"Vanuatu","VU","VUT",1994,14.5847842556589,67.984
"Vanuatu","VU","VUT",1993,14.5861375597897,67.724
"Vanuatu","VU","VUT",1992,14.6029433078146,67.433
"Vanuatu","VU","VUT",1991,14.6391244441526,67.114
"Vanuatu","VU","VUT",1990,14.6986039132226,66.684
"Vanuatu","VU","VUT",1989,NA,66.023
"Vanuatu","VU","VUT",1988,NA,65.699
"Vanuatu","VU","VUT",1987,NA,64.439
"Vanuatu","VU","VUT",1986,NA,64.618
"Vanuatu","VU","VUT",1985,NA,63.927
"Vanuatu","VU","VUT",1984,NA,63.519
"Vanuatu","VU","VUT",1983,NA,63.075
"Vanuatu","VU","VUT",1982,NA,62.54
"Vanuatu","VU","VUT",1981,NA,61.95
"Vanuatu","VU","VUT",1980,NA,61.322
"Vanuatu","VU","VUT",1979,NA,60.893
"Vanuatu","VU","VUT",1978,NA,59.881
"Vanuatu","VU","VUT",1977,NA,59.247
"Vanuatu","VU","VUT",1976,NA,58.664
"Vanuatu","VU","VUT",1975,NA,58.133
"Vanuatu","VU","VUT",1974,NA,57.572
"Vanuatu","VU","VUT",1973,NA,57.001
"Vanuatu","VU","VUT",1972,NA,56.372
"Vanuatu","VU","VUT",1971,NA,55.88
"Vanuatu","VU","VUT",1970,NA,55.311
"Vanuatu","VU","VUT",1969,NA,54.761
"Vanuatu","VU","VUT",1968,NA,54.23
"Vanuatu","VU","VUT",1967,NA,53.667
"Vanuatu","VU","VUT",1966,NA,53.09
"Vanuatu","VU","VUT",1965,NA,52.527
"Vanuatu","VU","VUT",1964,NA,51.969
"Vanuatu","VU","VUT",1963,NA,51.485
"Vanuatu","VU","VUT",1962,NA,50.931
"Vanuatu","VU","VUT",1961,NA,50.384
"Vanuatu","VU","VUT",1960,NA,49.841
"Venezuela, RB","VE","VEN",2023,NA,72.514
"Venezuela, RB","VE","VEN",2022,NA,72.566
"Venezuela, RB","VE","VEN",2021,NA,71.536
"Venezuela, RB","VE","VEN",2020,15.2565796212874,72.369
"Venezuela, RB","VE","VEN",2019,14.8507131552081,72.766
"Venezuela, RB","VE","VEN",2018,16.3445343718253,72.641
"Venezuela, RB","VE","VEN",2017,19.0801947101269,71.903
"Venezuela, RB","VE","VEN",2016,18.8450274280702,72.002
"Venezuela, RB","VE","VEN",2015,19.2951554205004,73.004
"Venezuela, RB","VE","VEN",2014,19.2869938244399,72.837
"Venezuela, RB","VE","VEN",2013,19.9572583150196,73.076
"Venezuela, RB","VE","VEN",2012,19.3045309881121,73.086
"Venezuela, RB","VE","VEN",2011,21.6871225595847,73.09
"Venezuela, RB","VE","VEN",2010,20.159103445557,73.092
"Venezuela, RB","VE","VEN",2009,20.2590189230141,72.785
"Venezuela, RB","VE","VEN",2008,20.5138774533666,72.578
"Venezuela, RB","VE","VEN",2007,20.8599188179155,73.348
"Venezuela, RB","VE","VEN",2006,21.2333827979616,72.972
"Venezuela, RB","VE","VEN",2005,21.5705091748058,73.075
"Venezuela, RB","VE","VEN",2004,21.9066339952536,72.752
"Venezuela, RB","VE","VEN",2003,22.2855786174018,72.056
"Venezuela, RB","VE","VEN",2002,22.6563107894885,72.823
"Venezuela, RB","VE","VEN",2001,22.9677982597517,71.019
"Venezuela, RB","VE","VEN",2000,23.1690087764295,72.388
"Venezuela, RB","VE","VEN",1999,23.2090974025644,72.088
"Venezuela, RB","VE","VEN",1998,23.1178996487872,72.446
"Venezuela, RB","VE","VEN",1997,22.9654039347186,72.56
"Venezuela, RB","VE","VEN",1996,22.8215986799794,71.92
"Venezuela, RB","VE","VEN",1995,22.7564723041903,71.714
"Venezuela, RB","VE","VEN",1994,22.7558578462138,71.283
"Venezuela, RB","VE","VEN",1993,22.7610788964596,71.385
"Venezuela, RB","VE","VEN",1992,22.7753597018697,71.177
"Venezuela, RB","VE","VEN",1991,22.8019245093859,71.172
"Venezuela, RB","VE","VEN",1990,22.8439975659501,70.964
"Venezuela, RB","VE","VEN",1989,NA,70.805
"Venezuela, RB","VE","VEN",1988,NA,70.762
"Venezuela, RB","VE","VEN",1987,NA,70.673
"Venezuela, RB","VE","VEN",1986,NA,70.528
"Venezuela, RB","VE","VEN",1985,NA,69.961
"Venezuela, RB","VE","VEN",1984,NA,69.672
"Venezuela, RB","VE","VEN",1983,NA,69.541
"Venezuela, RB","VE","VEN",1982,NA,68.985
"Venezuela, RB","VE","VEN",1981,NA,68.697
"Venezuela, RB","VE","VEN",1980,NA,68.179
"Venezuela, RB","VE","VEN",1979,NA,68.226
"Venezuela, RB","VE","VEN",1978,NA,68.108
"Venezuela, RB","VE","VEN",1977,NA,67.726
"Venezuela, RB","VE","VEN",1976,NA,67.266
"Venezuela, RB","VE","VEN",1975,NA,66.686
"Venezuela, RB","VE","VEN",1974,NA,66.223
"Venezuela, RB","VE","VEN",1973,NA,65.74
"Venezuela, RB","VE","VEN",1972,NA,65.555
"Venezuela, RB","VE","VEN",1971,NA,65.184
"Venezuela, RB","VE","VEN",1970,NA,64.816
"Venezuela, RB","VE","VEN",1969,NA,63.84
"Venezuela, RB","VE","VEN",1968,NA,63.908
"Venezuela, RB","VE","VEN",1967,NA,63.55
"Venezuela, RB","VE","VEN",1966,NA,62.894
"Venezuela, RB","VE","VEN",1965,NA,61.909
"Venezuela, RB","VE","VEN",1964,NA,61.168
"Venezuela, RB","VE","VEN",1963,NA,60.502
"Venezuela, RB","VE","VEN",1962,NA,59.667
"Venezuela, RB","VE","VEN",1961,NA,59.115
"Venezuela, RB","VE","VEN",1960,NA,58.376
"Viet Nam","VN","VNM",2023,NA,74.588
"Viet Nam","VN","VNM",2022,NA,74.502
"Viet Nam","VN","VNM",2021,NA,74.145
"Viet Nam","VN","VNM",2020,20.8010641731194,75.383
"Viet Nam","VN","VNM",2019,20.8317868906878,74.211
"Viet Nam","VN","VNM",2018,20.1630176303186,74.1
"Viet Nam","VN","VNM",2017,18.5797797556674,74.026
"Viet Nam","VN","VNM",2016,20.3304456216218,73.984
"Viet Nam","VN","VNM",2015,19.377014054477,73.955
"Viet Nam","VN","VNM",2014,20.4035064934273,73.886
"Viet Nam","VN","VNM",2013,23.2274925075316,73.821
"Viet Nam","VN","VNM",2012,21.5116439458873,73.762
"Viet Nam","VN","VNM",2011,20.4905765848944,73.713
"Viet Nam","VN","VNM",2010,23.0762596678067,73.611
"Viet Nam","VN","VNM",2009,24.3688895766214,73.525
"Viet Nam","VN","VNM",2008,25.4734887212418,73.455
"Viet Nam","VN","VNM",2007,26.3605983485498,73.385
"Viet Nam","VN","VNM",2006,27.0007597054278,73.293
"Viet Nam","VN","VNM",2005,27.3645140387577,73.198
"Viet Nam","VN","VNM",2004,27.4866878050048,73.062
"Viet Nam","VN","VNM",2003,27.4669078615838,73.236
"Viet Nam","VN","VNM",2002,27.3729160568005,73.138
"Viet Nam","VN","VNM",2001,27.2724542389611,72.984
"Viet Nam","VN","VNM",2000,27.2332642563715,72.746
"Viet Nam","VN","VNM",1999,27.2556116083438,72.575
"Viet Nam","VN","VNM",1998,27.2967974381189,72.283
"Viet Nam","VN","VNM",1997,27.3601170598957,71.67
"Viet Nam","VN","VNM",1996,27.4488657878735,71.296
"Viet Nam","VN","VNM",1995,27.5663389362512,70.871
"Viet Nam","VN","VNM",1994,27.7165988237685,70.379
"Viet Nam","VN","VNM",1993,27.8991464676747,69.957
"Viet Nam","VN","VNM",1992,28.1104352299334,69.62
"Viet Nam","VN","VNM",1991,28.3469184725084,69.303
"Viet Nam","VN","VNM",1990,28.6050495573632,69.027
"Viet Nam","VN","VNM",1989,NA,68.805
"Viet Nam","VN","VNM",1988,NA,68.585
"Viet Nam","VN","VNM",1987,NA,68.005
"Viet Nam","VN","VNM",1986,NA,67.55
"Viet Nam","VN","VNM",1985,NA,67.192
"Viet Nam","VN","VNM",1984,NA,66.929
"Viet Nam","VN","VNM",1983,NA,66.545
"Viet Nam","VN","VNM",1982,NA,66.212
"Viet Nam","VN","VNM",1981,NA,65.779
"Viet Nam","VN","VNM",1980,NA,65.338
"Viet Nam","VN","VNM",1979,NA,64.986
"Viet Nam","VN","VNM",1978,NA,64.529
"Viet Nam","VN","VNM",1977,NA,64.07
"Viet Nam","VN","VNM",1976,NA,63.669
"Viet Nam","VN","VNM",1975,NA,61.865
"Viet Nam","VN","VNM",1974,NA,54.751
"Viet Nam","VN","VNM",1973,NA,55.677
"Viet Nam","VN","VNM",1972,NA,51.913
"Viet Nam","VN","VNM",1971,NA,55.585
"Viet Nam","VN","VNM",1970,NA,54.93
"Viet Nam","VN","VNM",1969,NA,54.791
"Viet Nam","VN","VNM",1968,NA,52.668
"Viet Nam","VN","VNM",1967,NA,56.745
"Viet Nam","VN","VNM",1966,NA,56.914
"Viet Nam","VN","VNM",1965,NA,56.967
"Viet Nam","VN","VNM",1964,NA,57.473
"Viet Nam","VN","VNM",1963,NA,56.897
"Viet Nam","VN","VNM",1962,NA,58.204
"Viet Nam","VN","VNM",1961,NA,58.461
"Viet Nam","VN","VNM",1960,NA,58.046
"Virgin Islands (U.S.)","VI","VIR",2023,NA,80.519512195122
"Virgin Islands (U.S.)","VI","VIR",2022,NA,80.319512195122
"Virgin Islands (U.S.)","VI","VIR",2021,NA,80.0682926829268
"Virgin Islands (U.S.)","VI","VIR",2020,8.63342756669479,79.819512195122
"Virgin Islands (U.S.)","VI","VIR",2019,7.9242336096145,79.6682926829268
"Virgin Islands (U.S.)","VI","VIR",2018,7.92997730802401,79.5195121951219
"Virgin Islands (U.S.)","VI","VIR",2017,8.54756993148376,79.3682926829268
"Virgin Islands (U.S.)","VI","VIR",2016,8.29655041406352,79.1682926829268
"Virgin Islands (U.S.)","VI","VIR",2015,8.01092064615819,79.0170731707317
"Virgin Islands (U.S.)","VI","VIR",2014,7.39182380336555,78.8682926829268
"Virgin Islands (U.S.)","VI","VIR",2013,7.33012403297425,78.7170731707317
"Virgin Islands (U.S.)","VI","VIR",2012,7.6192928172212,78.5170731707317
"Virgin Islands (U.S.)","VI","VIR",2011,6.78317862080694,78.3170731707317
"Virgin Islands (U.S.)","VI","VIR",2010,7.62766601566543,77.8658536585366
"Virgin Islands (U.S.)","VI","VIR",2009,7.62919333610687,77.5146341463415
"Virgin Islands (U.S.)","VI","VIR",2008,7.62003448651036,77.1634146341463
"Virgin Islands (U.S.)","VI","VIR",2007,7.60700426006155,76.8634146341463
"Virgin Islands (U.S.)","VI","VIR",2006,7.59691744994609,78.3243902439024
"Virgin Islands (U.S.)","VI","VIR",2005,7.59658884934965,77.4219512195122
"Virgin Islands (U.S.)","VI","VIR",2004,7.71487550619846,77.7731707317073
"Virgin Islands (U.S.)","VI","VIR",2003,7.99167466399123,77.5219512195122
"Virgin Islands (U.S.)","VI","VIR",2002,8.33036140927241,77.5219512195122
"Virgin Islands (U.S.)","VI","VIR",2001,8.63431082858644,77.6219512195122
"Virgin Islands (U.S.)","VI","VIR",2000,8.80689800847775,76.619512195122
"Virgin Islands (U.S.)","VI","VIR",1999,8.77434179530347,71.1116097560976
"Virgin Islands (U.S.)","VI","VIR",1998,8.5890462959346,71.2462682926829
"Virgin Islands (U.S.)","VI","VIR",1997,8.34366448768636,70.9152195121951
"Virgin Islands (U.S.)","VI","VIR",1996,8.13084934787395,71.575512195122
"Virgin Islands (U.S.)","VI","VIR",1995,8.04325385381259,71.1666097560976
"Virgin Islands (U.S.)","VI","VIR",1994,8.05154479623347,71.2246341463415
"Virgin Islands (U.S.)","VI","VIR",1993,8.0654761735574,71.0782682926829
"Virgin Islands (U.S.)","VI","VIR",1992,8.08633177463401,70.9626097560976
"Virgin Islands (U.S.)","VI","VIR",1991,8.11539538831295,70.8079268292683
"Virgin Islands (U.S.)","VI","VIR",1990,8.15395080344388,70.6799756097561
"Virgin Islands (U.S.)","VI","VIR",1989,NA,70.5269512195122
"Virgin Islands (U.S.)","VI","VIR",1988,NA,70.3924146341463
"Virgin Islands (U.S.)","VI","VIR",1987,NA,70.1746585365854
"Virgin Islands (U.S.)","VI","VIR",1986,NA,69.94
"Virgin Islands (U.S.)","VI","VIR",1985,NA,69.6470975609756
"Virgin Islands (U.S.)","VI","VIR",1984,NA,69.5030487804878
"Virgin Islands (U.S.)","VI","VIR",1983,NA,69.3093902439024
"Virgin Islands (U.S.)","VI","VIR",1982,NA,69.0786585365854
"Virgin Islands (U.S.)","VI","VIR",1981,NA,68.8704634146341
"Virgin Islands (U.S.)","VI","VIR",1980,NA,68.6948780487805
"Virgin Islands (U.S.)","VI","VIR",1979,NA,68.4648048780488
"Virgin Islands (U.S.)","VI","VIR",1978,NA,68.2636829268293
"Virgin Islands (U.S.)","VI","VIR",1977,NA,68.0731707317073
"Virgin Islands (U.S.)","VI","VIR",1976,NA,67.8731707317073
"Virgin Islands (U.S.)","VI","VIR",1975,NA,67.6790975609756
"Virgin Islands (U.S.)","VI","VIR",1974,NA,67.407512195122
"Virgin Islands (U.S.)","VI","VIR",1973,NA,67.1374390243903
"Virgin Islands (U.S.)","VI","VIR",1972,NA,65.5663170731708
"Virgin Islands (U.S.)","VI","VIR",1971,NA,67.098487804878
"Virgin Islands (U.S.)","VI","VIR",1970,NA,66.5014390243902
"Virgin Islands (U.S.)","VI","VIR",1969,NA,65.8457073170732
"Virgin Islands (U.S.)","VI","VIR",1968,NA,65.1755365853659
"Virgin Islands (U.S.)","VI","VIR",1967,NA,64.4256097560976
"Virgin Islands (U.S.)","VI","VIR",1966,NA,63.6770731707317
"Virgin Islands (U.S.)","VI","VIR",1965,NA,64.7879268292683
"Virgin Islands (U.S.)","VI","VIR",1964,NA,64.1249268292683
"Virgin Islands (U.S.)","VI","VIR",1963,NA,61.4347073170732
"Virgin Islands (U.S.)","VI","VIR",1962,NA,62.6680243902439
"Virgin Islands (U.S.)","VI","VIR",1961,NA,63.1217073170732
"Virgin Islands (U.S.)","VI","VIR",1960,NA,62.7435365853659
"West Bank and Gaza","PS","PSE",2023,NA,65.17
"West Bank and Gaza","PS","PSE",2022,NA,76.662
"West Bank and Gaza","PS","PSE",2021,NA,73.89
"West Bank and Gaza","PS","PSE",2020,26.3636264444046,74.998
"West Bank and Gaza","PS","PSE",2019,29.6822493738623,75.811
"West Bank and Gaza","PS","PSE",2018,29.1340212387581,75.38
"West Bank and Gaza","PS","PSE",2017,26.6750824440453,75.216
"West Bank and Gaza","PS","PSE",2016,26.5563697979811,74.917
"West Bank and Gaza","PS","PSE",2015,30.4615510423627,74.577
"West Bank and Gaza","PS","PSE",2014,29.2886843311089,72.781
"West Bank and Gaza","PS","PSE",2013,31.1625763830924,74.14
"West Bank and Gaza","PS","PSE",2012,27.2379610304191,73.722
"West Bank and Gaza","PS","PSE",2011,28.606630623344,73.557
"West Bank and Gaza","PS","PSE",2010,31.9192556933104,73.302
"West Bank and Gaza","PS","PSE",2009,31.5753443122198,72.306
"West Bank and Gaza","PS","PSE",2008,30.7259096438031,72.204
"West Bank and Gaza","PS","PSE",2007,29.6437050910709,72.064
"West Bank and Gaza","PS","PSE",2006,28.6014840570339,71.831
"West Bank and Gaza","PS","PSE",2005,27.8719999447027,72.004
"West Bank and Gaza","PS","PSE",2004,27.3825252664549,71.094
"West Bank and Gaza","PS","PSE",2003,26.9126428548588,70.967
"West Bank and Gaza","PS","PSE",2002,26.5135715932111,70.88
"West Bank and Gaza","PS","PSE",2001,26.2365303648086,69.75
"West Bank and Gaza","PS","PSE",2000,26.132738052948,70.298
"West Bank and Gaza","PS","PSE",1999,26.3274522630858,70.789
"West Bank and Gaza","PS","PSE",1998,26.7918977396075,70.564
"West Bank and Gaza","PS","PSE",1997,27.3462440742036,70.328
"West Bank and Gaza","PS","PSE",1996,27.8106608585645,69.982
"West Bank and Gaza","PS","PSE",1995,28.0053176843806,69.583
"West Bank and Gaza","PS","PSE",1994,27.8521256598313,69.328
"West Bank and Gaza","PS","PSE",1993,27.415178417696,68.759
"West Bank and Gaza","PS","PSE",1992,26.7279193365645,68.478
"West Bank and Gaza","PS","PSE",1991,25.8237917950268,68.222
"West Bank and Gaza","PS","PSE",1990,24.736239171673,67.803
"West Bank and Gaza","PS","PSE",1989,NA,NA
"West Bank and Gaza","PS","PSE",1988,NA,NA
"West Bank and Gaza","PS","PSE",1987,NA,NA
"West Bank and Gaza","PS","PSE",1986,NA,NA
"West Bank and Gaza","PS","PSE",1985,NA,NA
"West Bank and Gaza","PS","PSE",1984,NA,NA
"West Bank and Gaza","PS","PSE",1983,NA,NA
"West Bank and Gaza","PS","PSE",1982,NA,NA
"West Bank and Gaza","PS","PSE",1981,NA,NA
"West Bank and Gaza","PS","PSE",1980,NA,NA
"West Bank and Gaza","PS","PSE",1979,NA,NA
"West Bank and Gaza","PS","PSE",1978,NA,NA
"West Bank and Gaza","PS","PSE",1977,NA,NA
"West Bank and Gaza","PS","PSE",1976,NA,NA
"West Bank and Gaza","PS","PSE",1975,NA,NA
"West Bank and Gaza","PS","PSE",1974,NA,NA
"West Bank and Gaza","PS","PSE",1973,NA,NA
"West Bank and Gaza","PS","PSE",1972,NA,NA
"West Bank and Gaza","PS","PSE",1971,NA,NA
"West Bank and Gaza","PS","PSE",1970,NA,NA
"West Bank and Gaza","PS","PSE",1969,NA,NA
"West Bank and Gaza","PS","PSE",1968,NA,NA
"West Bank and Gaza","PS","PSE",1967,NA,NA
"West Bank and Gaza","PS","PSE",1966,NA,NA
"West Bank and Gaza","PS","PSE",1965,NA,NA
"West Bank and Gaza","PS","PSE",1964,NA,NA
"West Bank and Gaza","PS","PSE",1963,NA,NA
"West Bank and Gaza","PS","PSE",1962,NA,NA
"West Bank and Gaza","PS","PSE",1961,NA,NA
"West Bank and Gaza","PS","PSE",1960,NA,NA
"Yemen, Rep.","YE","YEM",2023,NA,69.295
"Yemen, Rep.","YE","YEM",2022,NA,67.952
"Yemen, Rep.","YE","YEM",2021,NA,66.019
"Yemen, Rep.","YE","YEM",2020,34.8323598356099,66.435
"Yemen, Rep.","YE","YEM",2019,41.6407934340959,66.567
"Yemen, Rep.","YE","YEM",2018,43.9103483345439,65.915
"Yemen, Rep.","YE","YEM",2017,42.1204805186376,67.12
"Yemen, Rep.","YE","YEM",2016,40.7241168220245,67.105
"Yemen, Rep.","YE","YEM",2015,44.0661314855842,66.761
"Yemen, Rep.","YE","YEM",2014,38.0825068778276,68.003
"Yemen, Rep.","YE","YEM",2013,48.4247878548182,67.961
"Yemen, Rep.","YE","YEM",2012,53.6338333840879,67.569
"Yemen, Rep.","YE","YEM",2011,43.2315095806882,67.412
"Yemen, Rep.","YE","YEM",2010,39.1673543166565,67.223
"Yemen, Rep.","YE","YEM",2009,38.9080521595302,66.905
"Yemen, Rep.","YE","YEM",2008,38.7269770433258,66.609
"Yemen, Rep.","YE","YEM",2007,38.6126208228261,66.23
"Yemen, Rep.","YE","YEM",2006,38.5534753528139,65.8
"Yemen, Rep.","YE","YEM",2005,38.5380324880719,65.356
"Yemen, Rep.","YE","YEM",2004,39.2080167665797,64.881
"Yemen, Rep.","YE","YEM",2003,40.802103639537,64.407
"Yemen, Rep.","YE","YEM",2002,42.704211331557,63.807
"Yemen, Rep.","YE","YEM",2001,44.2982580672529,63.286
"Yemen, Rep.","YE","YEM",2000,44.9681620712379,62.761
"Yemen, Rep.","YE","YEM",1999,44.3613249074013,62.275
"Yemen, Rep.","YE","YEM",1998,42.9107237967207,61.788
"Yemen, Rep.","YE","YEM",1997,41.1786404494415,61.34
"Yemen, Rep.","YE","YEM",1996,39.7273565758093,60.884
"Yemen, Rep.","YE","YEM",1995,39.1191538860694,60.532
"Yemen, Rep.","YE","YEM",1994,39.2925931870743,59.828
"Yemen, Rep.","YE","YEM",1993,39.8289198396012,59.655
"Yemen, Rep.","YE","YEM",1992,40.7544423847823,59.26
"Yemen, Rep.","YE","YEM",1991,42.0954693637502,58.805
"Yemen, Rep.","YE","YEM",1990,43.8783093176371,58.528
"Yemen, Rep.","YE","YEM",1989,NA,58.025
"Yemen, Rep.","YE","YEM",1988,NA,57.43
"Yemen, Rep.","YE","YEM",1987,NA,56.828
"Yemen, Rep.","YE","YEM",1986,NA,54.002
"Yemen, Rep.","YE","YEM",1985,NA,55.418
"Yemen, Rep.","YE","YEM",1984,NA,54.586
"Yemen, Rep.","YE","YEM",1983,NA,53.618
"Yemen, Rep.","YE","YEM",1982,NA,52.367
"Yemen, Rep.","YE","YEM",1981,NA,51.679
"Yemen, Rep.","YE","YEM",1980,NA,50.608
"Yemen, Rep.","YE","YEM",1979,NA,49.531
"Yemen, Rep.","YE","YEM",1978,NA,48.484
"Yemen, Rep.","YE","YEM",1977,NA,47.442
"Yemen, Rep.","YE","YEM",1976,NA,46.441
"Yemen, Rep.","YE","YEM",1975,NA,45.475
"Yemen, Rep.","YE","YEM",1974,NA,44.541
"Yemen, Rep.","YE","YEM",1973,NA,43.603
"Yemen, Rep.","YE","YEM",1972,NA,42.688
"Yemen, Rep.","YE","YEM",1971,NA,41.757
"Yemen, Rep.","YE","YEM",1970,NA,40.573
"Yemen, Rep.","YE","YEM",1969,NA,39.61
"Yemen, Rep.","YE","YEM",1968,NA,37.99
"Yemen, Rep.","YE","YEM",1967,NA,37.079
"Yemen, Rep.","YE","YEM",1966,NA,36.264
"Yemen, Rep.","YE","YEM",1965,NA,35.592
"Yemen, Rep.","YE","YEM",1964,NA,34.907
"Yemen, Rep.","YE","YEM",1963,NA,33.431
"Yemen, Rep.","YE","YEM",1962,NA,33.669
"Yemen, Rep.","YE","YEM",1961,NA,34.058
"Yemen, Rep.","YE","YEM",1960,NA,33.462
"Zambia","ZM","ZMB",2023,NA,66.349
"Zambia","ZM","ZMB",2022,NA,65.279
"Zambia","ZM","ZMB",2021,NA,62.363
"Zambia","ZM","ZMB",2020,24.3085919008655,63.361
"Zambia","ZM","ZMB",2019,23.2037475947695,62.914
"Zambia","ZM","ZMB",2018,23.3367199131656,62.138
"Zambia","ZM","ZMB",2017,23.7582824070397,61.564
"Zambia","ZM","ZMB",2016,26.1659103128843,61.129
"Zambia","ZM","ZMB",2015,25.6767422937407,60.728
"Zambia","ZM","ZMB",2014,26.0707378042456,60.109
"Zambia","ZM","ZMB",2013,25.6500160427317,59.445
"Zambia","ZM","ZMB",2012,26.8710302496189,58.704
"Zambia","ZM","ZMB",2011,26.565488543498,57.843
"Zambia","ZM","ZMB",2010,25.4210227502292,56.896
"Zambia","ZM","ZMB",2009,25.1058182349176,55.886
"Zambia","ZM","ZMB",2008,24.8672188747105,54.835
"Zambia","ZM","ZMB",2007,24.6949009149885,53.73
"Zambia","ZM","ZMB",2006,24.5785406011321,52.693
"Zambia","ZM","ZMB",2005,24.5078141785218,51.615
"Zambia","ZM","ZMB",2004,24.4725512698311,50.54
"Zambia","ZM","ZMB",2003,24.458855544603,49.616
"Zambia","ZM","ZMB",2002,24.4508143185225,48.461
"Zambia","ZM","ZMB",2001,24.4325149072743,47.408
"Zambia","ZM","ZMB",2000,24.3880446265436,46.577
"Zambia","ZM","ZMB",1999,24.1158293853519,45.924
"Zambia","ZM","ZMB",1998,23.5575670846005,45.709
"Zambia","ZM","ZMB",1997,22.9122530277935,45.743
"Zambia","ZM","ZMB",1996,22.3788825184349,45.757
"Zambia","ZM","ZMB",1995,22.1564508600288,46.051
"Zambia","ZM","ZMB",1994,22.1897266555301,46.344
"Zambia","ZM","ZMB",1993,22.3063593442413,46.678
"Zambia","ZM","ZMB",1992,22.5296654841882,46.968
"Zambia","ZM","ZMB",1991,22.8829616333968,47.443
"Zambia","ZM","ZMB",1990,23.3895643498928,48.204
"Zambia","ZM","ZMB",1989,NA,48.882
"Zambia","ZM","ZMB",1988,NA,49.674
"Zambia","ZM","ZMB",1987,NA,50.421
"Zambia","ZM","ZMB",1986,NA,51.149
"Zambia","ZM","ZMB",1985,NA,52.001
"Zambia","ZM","ZMB",1984,NA,52.877
"Zambia","ZM","ZMB",1983,NA,53.674
"Zambia","ZM","ZMB",1982,NA,54.361
"Zambia","ZM","ZMB",1981,NA,54.986
"Zambia","ZM","ZMB",1980,NA,55.496
"Zambia","ZM","ZMB",1979,NA,56.05
"Zambia","ZM","ZMB",1978,NA,56.335
"Zambia","ZM","ZMB",1977,NA,56.281
"Zambia","ZM","ZMB",1976,NA,56.102
"Zambia","ZM","ZMB",1975,NA,55.742
"Zambia","ZM","ZMB",1974,NA,55.377
"Zambia","ZM","ZMB",1973,NA,54.913
"Zambia","ZM","ZMB",1972,NA,54.375
"Zambia","ZM","ZMB",1971,NA,53.887
"Zambia","ZM","ZMB",1970,NA,53.404
"Zambia","ZM","ZMB",1969,NA,53.044
"Zambia","ZM","ZMB",1968,NA,52.719
"Zambia","ZM","ZMB",1967,NA,52.512
"Zambia","ZM","ZMB",1966,NA,52.29
"Zambia","ZM","ZMB",1965,NA,52.079
"Zambia","ZM","ZMB",1964,NA,51.17
"Zambia","ZM","ZMB",1963,NA,51.605
"Zambia","ZM","ZMB",1962,NA,51.331
"Zambia","ZM","ZMB",1961,NA,51.041
"Zambia","ZM","ZMB",1960,NA,50.648
"Zimbabwe","ZW","ZWE",2023,NA,62.775
"Zimbabwe","ZW","ZWE",2022,NA,62.36
"Zimbabwe","ZW","ZWE",2021,NA,60.135
"Zimbabwe","ZW","ZWE",2020,19.4941796611344,61.53
"Zimbabwe","ZW","ZWE",2019,18.5286074615735,61.06
"Zimbabwe","ZW","ZWE",2018,19.1120993372982,60.906
"Zimbabwe","ZW","ZWE",2017,17.9977538099115,60.263
"Zimbabwe","ZW","ZWE",2016,22.5706982027694,59.76
"Zimbabwe","ZW","ZWE",2015,23.1038790684558,58.989
"Zimbabwe","ZW","ZWE",2014,23.4292525344579,58.106
"Zimbabwe","ZW","ZWE",2013,22.5984006943159,56.842
"Zimbabwe","ZW","ZWE",2012,23.5395278505031,55.386
"Zimbabwe","ZW","ZWE",2011,23.6162829422719,53.911
"Zimbabwe","ZW","ZWE",2010,21.4862213773936,51.925
"Zimbabwe","ZW","ZWE",2009,21.0862688481077,49.75
"Zimbabwe","ZW","ZWE",2008,20.8036783748251,48.456
"Zimbabwe","ZW","ZWE",2007,20.6142726487272,47.576
"Zimbabwe","ZW","ZWE",2006,20.4938743609955,47.056
"Zimbabwe","ZW","ZWE",2005,20.4183062028115,46.57
"Zimbabwe","ZW","ZWE",2004,20.3719713744954,46.043
"Zimbabwe","ZW","ZWE",2003,20.3466312302663,45.373
"Zimbabwe","ZW","ZWE",2002,20.3291456921534,45.938
"Zimbabwe","ZW","ZWE",2001,20.306374682186,44.525
"Zimbabwe","ZW","ZWE",2000,20.2651781223935,46.034
"Zimbabwe","ZW","ZWE",1999,20.1530234887184,46.379
"Zimbabwe","ZW","ZWE",1998,19.9648257664695,47.551
"Zimbabwe","ZW","ZWE",1997,19.7586161417253,48.536
"Zimbabwe","ZW","ZWE",1996,19.5924258005645,48.981
"Zimbabwe","ZW","ZWE",1995,19.5242859290657,51.144
"Zimbabwe","ZW","ZWE",1994,19.5843396574957,52.537
"Zimbabwe","ZW","ZWE",1993,19.7554302419444,53.976
"Zimbabwe","ZW","ZWE",1992,20.0246390572254,55.602
"Zimbabwe","ZW","ZWE",1991,20.3790474781522,57.037
"Zimbabwe","ZW","ZWE",1990,20.8057368795381,58.319
"Zimbabwe","ZW","ZWE",1989,NA,59.446
"Zimbabwe","ZW","ZWE",1988,NA,60.241
"Zimbabwe","ZW","ZWE",1987,NA,60.724
"Zimbabwe","ZW","ZWE",1986,NA,60.982
"Zimbabwe","ZW","ZWE",1985,NA,60.901
"Zimbabwe","ZW","ZWE",1984,NA,60.622
"Zimbabwe","ZW","ZWE",1983,NA,59.989
"Zimbabwe","ZW","ZWE",1982,NA,59.859
"Zimbabwe","ZW","ZWE",1981,NA,59.446
"Zimbabwe","ZW","ZWE",1980,NA,59.062
"Zimbabwe","ZW","ZWE",1979,NA,54.918
"Zimbabwe","ZW","ZWE",1978,NA,54.73
"Zimbabwe","ZW","ZWE",1977,NA,56.996
"Zimbabwe","ZW","ZWE",1976,NA,57.628
"Zimbabwe","ZW","ZWE",1975,NA,58.249
"Zimbabwe","ZW","ZWE",1974,NA,58.194
"Zimbabwe","ZW","ZWE",1973,NA,58.087
"Zimbabwe","ZW","ZWE",1972,NA,58.175
"Zimbabwe","ZW","ZWE",1971,NA,57.996
"Zimbabwe","ZW","ZWE",1970,NA,57.761
"Zimbabwe","ZW","ZWE",1969,NA,57.481
"Zimbabwe","ZW","ZWE",1968,NA,57.145
"Zimbabwe","ZW","ZWE",1967,NA,56.766
"Zimbabwe","ZW","ZWE",1966,NA,56.359
"Zimbabwe","ZW","ZWE",1965,NA,55.905
"Zimbabwe","ZW","ZWE",1964,NA,55.431
"Zimbabwe","ZW","ZWE",1963,NA,54.942
"Zimbabwe","ZW","ZWE",1962,NA,54.453
"Zimbabwe","ZW","ZWE",1961,NA,53.966
"Zimbabwe","ZW","ZWE",1960,NA,53.492
